,subset,SMILES,lambda,t12,logt12,solvent,E (J),E (eV),mol
553,5,c1cc(ccc1N=Nc2c(noc2C)C)NC(C)=O,342,,,,5.81228E-19,3.627740274,c1cc(ccc1N=Nc1c(noc1C)C)NC(C)=O
777,4,c1ccccc1N=Nc2cn(cn2)C,336,207360,5.316724984,acetonitrile,5.91607E-19,3.692521351,c1ccccc1N=Nc1cn(cn1)C
315,5,c12ccccc1c(N=Nc3scnn3)c(C)n2C,434,,,,4.58018E-19,2.858726207,c12ccccc1c(N=Nc1scnn1)c(C)n2C
261,3,c1(c(N=Nc2c(ccc(c2)Cl)Cl)c(C)on1)C,320,,,acetonitrile,6.21188E-19,3.877147418,c1(c(N=Nc2c(ccc(c2)Cl)Cl)c(C)on1)C
148,5,FC(F)(F)c1c(cccc1)N=Nc2ccccc2,317,,,,6.27066E-19,3.913839665,FC(F)(F)c1c(cccc1)N=Nc1ccccc1
686,5,c1cc(ccc1[N+](=O)[O-])N=Nc2ccc(cc2)N(CCC#N)CCC#N,432,,,,4.60139E-19,2.871961051,c1cc(ccc1[N+](=O)[O-])N=Nc1ccc(cc1)N(CCC#N)CCC#N
146,1,FC(F)(F)c1c(cccc1)N=Nc2ccc(cc2C)N(CCC#N)CCO,419,,,ethanol,4.74415E-19,2.961067241,FC(F)(F)c1c(cccc1)N=Nc1ccc(cc1C)N(CCC#N)CCO
10,5,C(C)N(CC)c1cc(c(N=Nc2c(cc(cc2Br)[N+]([O-])=O)[N+]([O-])=O)cc1)OC,554,,,,3.58809E-19,2.239507534,C(C)N(CC)c1cc(c(N=Nc2c(cc(cc2Br)[N+]([O-])=O)[N+]([O-])=O)cc1)OC
335,5,c1c(O)c2ncccc2c(c1)N=Nc3scc(n3)CC(=O)OCC,438,,,,4.53836E-19,2.832619118,c1c(O)c2ncccc2c(c1)N=Nc1scc(n1)CC(=O)OCC
266,5,c1(c(N=Nc2cccc(F)c2)c(C)on1)C,315,,,,6.31048E-19,3.938689441,c1(c(N=Nc2cccc(F)c2)c(C)on1)C
239,5,c1(C)cc(cc(C)c1N=Nc2c(C)cc(cc2C)C)C,325,,,,6.11631E-19,3.817498996,c1(C)cc(cc(C)c1N=Nc1c(C)cc(cc1C)C)C
326,5,c1c(N)c(Cl)cc(N=Nc2cc([N+]([O-])=O)cc([N+](=O)[O-])c2O)c1N,492,,,,4.04024E-19,2.521721898,c1c(N)c(Cl)cc(N=Nc2cc([N+]([O-])=O)cc([N+](=O)[O-])c2O)c1N
521,2,c1cc(ccc1N=NC=2C(N(C)C(N(C)C=2N)=O)=O)Cl,370,,,ethanol,5.37243E-19,3.353208578,c1cc(ccc1N=NC=1C(N(C)C(N(C)C=1N)=O)=O)Cl
27,1,C(CO)N(CCO)c1ccc(N=Nc2ccccc2OC)c(c1)C,424,,,ethanol,4.68821E-19,2.926148995,C(CO)N(CCO)c1ccc(N=Nc2ccccc2OC)c(c1)C
527,5,c1cc(ccc1N=Nc2c(C)cccc2)NCCC#N,400,,,,4.9695E-19,3.101717935,c1cc(ccc1N=Nc1c(C)cccc1)NCCC#N
650,5,c1cc(ccc1NCCC#N)N=Nc2cc(F)ccc2,406,,,,4.89606E-19,3.055879738,c1cc(ccc1NCCC#N)N=Nc1cc(F)ccc1
80,2,CC(C)(C)c1cc(c(O)cc1)N=Nc2nncs2,429,,,ethanol,4.63357E-19,2.892044694,CC(C)(C)c1cc(c(O)cc1)N=Nc1nncs1
66,4,C1CN(CCN1c2ccc(cc2)N=Nc3ccc(cc3)N4CCN(CC4)C(CCl)=O)C(CCl)=O,450,1.8,0.255272505,water,4.41733E-19,2.757082608,C1CN(CCN1c1ccc(cc1)N=Nc1ccc(cc1)N1CCN(CC1)C(CCl)=O)C(CCl)=O
547,5,c1cc(ccc1N=Nc2c(n[nH]c2C)C)C(=O)O,342,15.71428571,1.196294645,acetonitrile,5.81228E-19,3.627740274,c1cc(ccc1N=Nc1c(n[nH]c1C)C)C(=O)O
316,5,c1c(Br)c(c(cc1Br)Br)N=Nc2c(cc(cc2Br)Br)Br,302,,,,6.58212E-19,4.108235675,c1c(Br)c(c(cc1Br)Br)N=Nc1c(cc(cc1Br)Br)Br
733,5,c1ccccc1-c2c(c3c(cccc3)[nH]2)N=Nc4nncs4,437,,,,4.54874E-19,2.839101084,c1ccccc1-c1c(c2c(cccc2)[nH]1)N=Nc1nncs1
574,2,c1cc(ccc1N=Nc2ccc(C)cc2)N(C)C,407,,,ethanol,4.88403E-19,3.048371434,c1cc(ccc1N(C)C)N=Nc1ccc(cc1)C
377,5,c1cc(ccc1)N=Nc2ccc(c3ncccc23)O,384,,,,5.17656E-19,3.230956182,c1cc(ccc1)N=Nc1ccc(c2ncccc12)O
792,4,c1cnc(N=Nc2c(cccc2)Br)s1,371,25920,4.413634997,acetonitrile,5.35795E-19,3.34417028,c1cnc(N=Nc2c(cccc2)Br)s1
773,5,c1ccccc1N=Nc2cccc(N)c2,417,,,,4.76691E-19,2.975269002,c1ccccc1N=Nc1cccc(N)c1
376,1,c1cc(ccc1)N=Nc2cc3c4N(CC3)CCCc4c2,425,,,ethanol,4.67718E-19,2.919263938,c1cc(ccc1)N=Nc1cc2c3N(CC2)CCCc3c1
247,4,c1(Cl)cccc(Cl)c1N=Nc2c(Cl)cc(cc2Cl)SC,350,639360,5.805745462,dimethyl sulfoxide,5.67943E-19,3.544820497,c1(Cl)cccc(Cl)c1N=Nc1c(Cl)cc(cc1Cl)SC
519,2,c1cc(ccc1N=NC=2C(=C(C(=O)N)C(NC=2O)=O)C)OC,444,,,ethanol,4.47703E-19,2.794340482,c1cc(ccc1N=Nc1c(C)c(C(N)=O)c(nc1O)O)OC
697,5,c1cc(ccc1[N+]([O-])=O)N=Nc2ccc(O)c(C=Nc3cc(ccn3)C(=O)OCC)c2,379,,,,5.24485E-19,3.273580934,c1cc(ccc1[N+]([O-])=O)N=Nc1ccc(O)c(C=Nc2cc(ccn2)C(=O)OCC)c1
477,5,c1cc(ccc1N(C)C)N=Nc2ccc(cc2)C,400,,,,4.9695E-19,3.101717935,c1cc(ccc1N(C)C)N=Nc1ccc(cc1)C
699,5,c1cc(ccc1[N+]([O-])=O)N=Nc2ccc(O)c(c2)C=Nc3nccc(C(O)=O)c3,378,,,,5.25873E-19,3.282241201,c1cc(ccc1[N+]([O-])=O)N=Nc1ccc(O)c(c1)C=Nc1nccc(C(O)=O)c1
398,4,c1cc(ccc1)N=Nc2nccs2,364,10080,4.003460532,acetonitrile,5.46099E-19,3.408481247,c1cc(ccc1)N=Nc1nccs1
546,1,c1cc(ccc1N=Nc2c(cccc2)Cl)O,360,,,ethanol,5.52167E-19,3.446353261,c1cc(ccc1N=Nc1c(cccc1)Cl)O
618,5,c1cc(ccc1N=Nc2ccc(cc2)[N+](=O)[O-])O,382,,,,5.20366E-19,3.247872183,c1cc(ccc1N=Nc1ccc(cc1)[N+](=O)[O-])O
810,2,s1c(nc(C(=O)OCC)c1)N=Nc2nc(C(=O)OCC)c(CNCCC)s2,527,,,ethanol,3.77192E-19,2.354245112,s1c(nc(C(=O)OCC)c1)N=Nc1nc(C(=O)OCC)c(CNCCC)s1
297,1,c1(cc(ccc1N=Nc2cc(ccc2)Cl)NCCC#N)C,408,,,ethanol,4.87206E-19,3.040899936,c1(cc(ccc1N=Nc1cc(ccc1)Cl)NCCC#N)C
641,5,c1cc(ccc1N=Nc2sc3cc(ccc3n2)[N+]([O-])=O)SC,421,,,,4.72162E-19,2.947000413,c1cc(ccc1N=Nc1sc2cc(ccc2n1)[N+]([O-])=O)SC
294,5,c1(cc(ccc1N=Nc2c(cc(cc2)Cl)C)Cl)C,346,,,,5.74509E-19,3.58580108,c1(cc(ccc1N=Nc1c(cc(cc1)Cl)C)Cl)C
489,1,c1cc(ccc1N(CC)CC)N=Nc2c(cc(cc2C#N)C#N)C#N,478,,,ethanol,4.15858E-19,2.595579862,c1cc(ccc1N(CC)CC)N=Nc1c(cc(cc1C#N)C#N)C#N
116,5,CN(C)c1ccc(cc1)N=Nc2cccc(c2)[N+](=O)[O-],420,,,,4.73286E-19,2.954017081,CN(C)c1ccc(cc1)N=Nc1cccc(c1)[N+](=O)[O-]
406,2,c1cc(ccc1-n2nc(c(N=Nc3c(n(nc3C)-c4ccc(S(=O)(=O)O)c(c4))O)c2O)C)S(=O)(=O)O,430,,,ethanol,4.62279E-19,2.885319009,O=S(=O)(c1ccc(cc1)N1C(=O)C(N=NC2C(=O)N(N=C2C)c2ccc(cc2)S(=O)(=O)O)C(=N1)C)O
36,5,C(c1cc(cc(C#N)c1N=Nc2ccc(N(CC)CC)c(OC)c2)[N+](=O)[O-])#N,623,,,,3.19069E-19,1.991472189,C(c1cc(cc(C#N)c1N=Nc1ccc(N(CC)CC)c(OC)c1)[N+](=O)[O-])#N
434,1,c1cc(ccc1C(C)=O)N=Nc2c(C)cc(cc2)N(CC(CO)O)CC,457,,,methanol,4.34967E-19,2.714851584,c1cc(ccc1C(C)=O)N=Nc1c(C)cc(cc1)N(CC(CO)O)CC
289,5,c1(cc(N(CCO)CCC#N)ccc1N=Nc2cccc([N+]([O-])=O)c2)C,424,,,,4.68821E-19,2.926148995,c1(cc(N(CCO)CCC#N)ccc1N=Nc1cccc([N+]([O-])=O)c1)C
222,2,O=S(=O)(N)c1cc(cc(c1OC)N=NC=2C(C)=C(C#N)C(=O)N(CC)C=2O)C,456,,,ethanol,4.35921E-19,2.720805206,O=S(=O)(N)c1cc(cc(N=NC2C(N(CC)C(=O)C(C#N)=C2C)=O)c1OC)C
177,5,FC(F)(F)c1ccc(cc1)N=Nc2ccc(cc2)NCCC#N,411,,,,4.8365E-19,3.018703586,FC(F)(F)c1ccc(cc1)N=Nc1ccc(cc1)NCCC#N
516,2,c1cc(ccc1N=NC=2C(=C(C(=O)N)C(NC=2O)=O)C)C#N,413,,,ethanol,4.81308E-19,3.004085167,c1cc(ccc1N=Nc1c(C)c(C(N)=O)c(nc1O)O)C#N
780,5,c1ccccc1N=Nc2cnccc2OC,332,79039211.66,7.8978426,toluene,5.98735E-19,3.73700956,c1ccccc1N=Nc1cnccc1OC
21,5,C(C)N(CC)c1ccc(cc1)N=Nc2ccc(cc2)[N+](=O)[O-],489,,,,4.06503E-19,2.537192585,C(C)N(CC)c1ccc(cc1)N=Nc1ccc(cc1)[N+](=O)[O-]
76,2,CC(C)(C)c1cc(N=Nc2scc(C)n2)c(O)cc1,425,,,ethanol,4.67718E-19,2.919263938,CC(C)(C)c1cc(N=Nc2scc(C)n2)c(O)cc1
578,2,c1cc(ccc1N=Nc2ccc(OC)c3ncccc23)Cl,359,,,ethanol,5.53705E-19,3.45595313,c1cc(ccc1N=Nc1ccc(OC)c2ncccc12)Cl
566,1,c1cc(ccc1N=Nc2cc(F)ccc2)N(C)C,418,,,ethanol,4.7555E-19,2.968151134,c1cc(ccc1N=Nc1cc(F)ccc1)N(C)C
411,3,c1cc(ccc1Br)N=Nc2c(noc2C)C,325,,,acetonitrile,6.11631E-19,3.817498996,c1cc(ccc1Br)N=Nc1c(noc1C)C
151,1,FC(F)(F)c1cc(Cl)ccc1N=Nc2ccc(cc2C)N(CCO)CCO,447,,,ethanol,4.44698E-19,2.775586519,FC(F)(F)c1cc(Cl)ccc1N=Nc1ccc(cc1C)N(CCO)CCO
152,2,FC(F)(F)c1ccc(c(c1))N=Nc2sc(N3CC3)c(c2-c4ccccc4)C(OCC)=O,464,,,ethanol,4.28405E-19,2.673894771,FC(F)(F)c1ccc(cc1)N=Nc1sc(c(C(OCC)=O)c1-c1ccccc1)N1CC1
85,2,CC(C)OCCCN1C(=O)C(=C(C)C(=C1NCCCOC)N=Nc2ccc(c(c2))Br)C#N,431,,,ethanol,4.61206E-19,2.878624533,c1cc(ccc1Br)N=NC=1C(=C(C#N)C(N(CCCOC(C)C)C=1NCCCOC)=O)C
276,3,c1(c(c(C)[nH]n1)N=Nc2cccc([N+]([O-])=O)c2)C,332,,,acetonitrile,5.98735E-19,3.73700956,c1(c(c(C)[nH]n1)N=Nc1cccc([N+]([O-])=O)c1)C
386,5,c1cc(ccc1)N=Nc2ccc(cc2)N3C(C=CC3=O)=O,329,,,,6.04195E-19,3.771085635,c1cc(ccc1)N=Nc1ccc(cc1)N1C(C=CC1=O)=O
290,3,c1(cc(cc(F)c1)N=Nc2c(C)onc2C)F,315,,,acetonitrile,6.31048E-19,3.938689441,c1(cc(cc(F)c1)N=Nc1c(C)onc1C)F
592,5,c1cc(ccc1N=Nc2ccc(cc2)CCO)NCCC#N,396,,,,5.0197E-19,3.133048419,c1cc(ccc1N=Nc1ccc(cc1)CCO)NCCC#N
576,1,c1cc(ccc1N=Nc2ccc(O)cc2O)Br,390,,,ethanol,5.09692E-19,3.181249164,c1cc(ccc1N=Nc1ccc(O)cc1O)Br
690,2,c1cc(ccc1[N+]([O-])=O)N=NC=2C(=C(C(=O)N)C(NC=2O)=O)C,423,,,ethanol,4.69929E-19,2.933066605,c1cc(ccc1N=Nc1c(C)c(C(N)=O)c(nc1O)O)[N+]([O-])=O
408,2,c1cc(ccc1-n2nc(c(N=Nc3c(nn(-c4c(c(Cl)ccc4))c3O)C)c2O)C)S(=O)(=O)O,430,,,ethanol,4.62279E-19,2.885319009,c1cc(ccc1N1C(=O)C(N=NC2C(=NN(c3cc(Cl)ccc3)C2=O)C)C(C)=N1)S(=O)(=O)O
231,2,c1c(c(N=NC=2C(=C(C#N)C(N(CC)C=2NCCCOC)=O)C)ccc1Br),429,,,ethanol,4.63357E-19,2.892044694,c1cc(ccc1Br)N=NC=1C(C)=C(C(N(CC)C=1NCCCOC)=O)C#N
722,5,c1ccccc1-c2c(N=Nc3nnc(SC)s3)c4ccccc4[nH]2,467,,,,4.25653E-19,2.656717717,c1ccccc1-c1c(N=Nc2nnc(SC)s2)c2ccccc2[nH]1
142,2,FC(F)(F)c1c(N=Nc2sc(N3CC3)c(c2-c4ccccc4))c(cc(c1)[N+]([O-])=O),602,,,ethanol,3.30199E-19,2.060942149,FC(F)(F)c1cc(ccc1N=Nc1c(-c2ccccc2)cc(s1)N1CC1)[N+](=O)[O-]
333,5,c1c(O)c2ncccc2c(c1)N=Nc3nc4c(cc(OC)cc4)s3,461,,,,4.31193E-19,2.691295388,c1c(O)c2ncccc2c(c1)N=Nc1nc2c(cc(OC)cc2)s1
549,3,c1cc(ccc1N=Nc2c(n[nH]c2C)C)O,342,,,acetonitrile,5.81228E-19,3.627740274,c1cc(ccc1N=Nc1c(n[nH]c1C)C)O
42,5,C1CCCCC1C2C(C(SC2N=Nc3nc4ccc([N+]([O-])=O)cc4s3)N)C#N,545,,,,3.64734E-19,2.276490227,C1CCCCC1C1C(C(SC1N=Nc1nc2ccc([N+]([O-])=O)cc2s1)N)C#N
768,1,c1ccccc1N=Nc2ccc(cc2C)N(CCO)CCO,415,,,ethanol,4.78988E-19,2.989607648,c1ccccc1N=Nc1ccc(cc1C)N(CCO)CCO
61,4,C1CN(CCC1)c2c(c(ccc2)F)N=Nc3cccn3C,365,52560,4.720655357,dimethyl sulfoxide,5.44603E-19,3.399142942,C1CN(CCC1)c1c(c(ccc1)F)N=Nc1cccn1C
512,2,c1cc(ccc1N=NC2=C(NC(C(C(=O)N)=C2C)=O)O)C3NC(=O)NC(C)=C3C(OCC)=O,429,,,ethanol,4.63357E-19,2.892044694,c1cc(ccc1N=Nc1c(C)c(C(N)=O)c(nc1O)O)C1C(=C(C)NC(=O)N1)C(=O)OCC
548,4,c1cc(ccc1N=Nc2c(n[nH]c2C)C)Cl,336,115776,5.063618541,acetonitrile,5.91607E-19,3.692521351,c1cc(ccc1N=Nc1c(n[nH]c1C)C)Cl
244,4,c1(Cl)cc(cc(Cl)c1N=Nc2c(Cl)cccc2Cl)C,302,1080000,6.033423755,dimethyl sulfoxide,6.58212E-19,4.108235675,c1(Cl)cc(cc(Cl)c1N=Nc1c(Cl)cccc1Cl)C
462,1,c1cc(ccc1F)N=Nc2cc3c4N(CC3)CCCc4c2,426,,,ethanol,4.6662E-19,2.912411206,c1cc(ccc1F)N=Nc1cc2c3N(CC2)CCCc3c1
786,4,c1ccccc1N=Nc2sc(cc2)C#N,364,2534.4,3.40387516,acetonitrile,5.46099E-19,3.408481247,c1ccccc1N=Nc1sc(cc1)C#N
518,2,c1cc(ccc1N=NC=2C(=C(C(=O)N)C(NC=2O)=O)C)O,451,,,ethanol,4.40754E-19,2.750969343,c1cc(ccc1N=Nc1c(C)c(C(N)=O)c(nc1O)O)O
14,5,C(C)N(CC)c1ccc(N=Nc2c(cc(cc2Cl)[N+]([O-])=O)C#N)cc1OC,573,,,,3.46911E-19,2.165248122,C(C)N(CC)c1ccc(N=Nc2c(cc(cc2Cl)[N+]([O-])=O)C#N)cc1OC
623,2,c1cc(ccc1N=Nc2ccc(cc2)C(C)=O)N(C)C,447,,,ethanol,4.44698E-19,2.775586519,c1cc(ccc1C(=O)C)N=Nc1ccc(cc1)N(C)C
427,5,c1cc(ccc1C(=O)C)N=Nc2n[nH]cc2,322,,,,6.17329E-19,3.853065757,c1cc(ccc1C(=O)C)N=Nc1n[nH]cc1
34,2,C(c1c(c(N=Nc2c([N+](=O)[O-])cc([N+]([O-])=O)cc2Br)sc1NCCBr)C)#N,586,,,ethanol,3.39215E-19,2.117213607,C(c1c(c(N=Nc2c([N+](=O)[O-])cc([N+]([O-])=O)cc2Br)sc1NCCBr)C)#N
73,2,CC(C)(C)c1cc(C(C)(C)C)c(c(c1)N=Nc2nnc(C)s2)O,459,,,ethanol,4.33072E-19,2.703022165,CC(C)(C)c1cc(C(C)(C)C)c(c(c1)N=Nc1nnc(C)s1)O
287,5,c1(cc(N(CCO)CCC#N)ccc1N=Nc2cccc(C(C)O)c2)C,405,,,,4.90815E-19,3.063425121,c1(cc(N(CCO)CCC#N)ccc1N=Nc1cccc(C(C)O)c1)C
178,1,FC(F)(F)c1ccc(cc1)N=Nc2ccc(cc2C)N(CCO)CCO,434,,,ethanol,4.58018E-19,2.858726207,FC(F)(F)c1ccc(cc1)N=Nc1ccc(cc1C)N(CCO)CCO
701,5,c1cc(ccc1[N+]([O-])=O)N=Nc2ccc(cc2C)N(CCC#N)CCC#N,441,,,,4.50748E-19,2.813349601,c1cc(ccc1[N+]([O-])=O)N=Nc1ccc(cc1C)N(CCC#N)CCC#N
767,1,c1ccccc1N=Nc2ccc(cc2C)N(CCC#N)CCO,403,,,ethanol,4.93251E-19,3.078628223,c1ccccc1N=Nc1ccc(cc1C)N(CCC#N)CCO
164,1,FC(F)(F)c1ccc(c(N=Nc2c(cc(cc2)N(CCO)CCO)C)c1)Cl,450,,,ethanol,4.41733E-19,2.757082608,FC(F)(F)c1ccc(c(N=Nc2c(cc(cc2)N(CCO)CCO)C)c1)Cl
391,1,c1cc(ccc1)N=Nc2ccc(cc2OC)O,372,,,ethanol,5.34355E-19,3.335180575,c1cc(ccc1)N=Nc1ccc(cc1OC)O
199,5,N(=Nc1c(O)c(cc(C)c1)NC(C)=O)c2cc([N+]([O-])=O)cc(c2O)[N+](=O)[O-],400,,,,4.9695E-19,3.101717935,N(=Nc1c(O)c(cc(C)c1)NC(C)=O)c1cc([N+]([O-])=O)cc(c1O)[N+](=O)[O-]
362,2,c1cc(ccc1)-c2c(c(NCCBr)sc2N=Nc3c(cc([N+]([O-])=O)cc3[N+](=O)[O-])Br)C(OCC)=O,545,,,ethanol,3.64734E-19,2.276490227,c1cc(ccc1)-c1c(c(NCCBr)sc1N=Nc1c(cc([N+]([O-])=O)cc1[N+](=O)[O-])Br)C(OCC)=O
361,5,c1cc(ccc1)-c2c(N=Nc3n[nH]c(S)n3)c4ccccc4[nH]2,411,,,,4.8365E-19,3.018703586,c1cc(ccc1)-c1[nH]c2c(cccc2)c1N=NC=1NC(NN=1)=S
675,5,c1cc(ccc1OC)N=Nc2n[nH]cc2,344,,,,5.77849E-19,3.606648761,c1cc(ccc1OC)N=Nc1n[nH]cc1
367,2,c1cc(ccc1)-c2c(sc(N3CC3)c2C(OCC)=O)N=Nc4c(cc(cc4)[N+]([O-])=O),502,,,ethanol,3.95976E-19,2.471488394,c1cc(ccc1[N+]([O-])=O)N=Nc1sc(c(C(OCC)=O)c1-c1ccccc1)N1CC1
422,5,c1cc(ccc1C(=O)C)N=Nc2ccc(c3ncccc23)O,401,,,,4.95711E-19,3.093982977,c1cc(ccc1C(=O)C)N=Nc1ccc(c2ncccc12)O
284,1,c1(cc(N(CCO)CCC#N)ccc1N=Nc2cc(OC)ccc2)C,407,,,ethanol,4.88403E-19,3.048371434,c1(cc(N(CCO)CCC#N)ccc1N=Nc1cc(OC)ccc1)C
455,1,c1cc(ccc1Cl)N=Nc2cc3c4N(CC3)CCCc4c2,444,,,ethanol,4.47703E-19,2.794340482,c1cc(ccc1Cl)N=Nc1cc2c3N(CC2)CCCc3c1
124,3,Cc1noc(c1N=Nc2c(cccc2)Br)C,321,,,acetonitrile,6.19252E-19,3.865069077,Cc1noc(c1N=Nc1c(cccc1)Br)C
224,2,O=S(=O)(OCCNc1c(c(C)c(N=Nc2c(C#N)cc([N+]([O-])=O)cc2)s1)C#N)C,584,,,ethanol,3.40377E-19,2.124464339,O=S(=O)(OCCNc1sc(N=Nc2ccc([N+]([O-])=O)cc2C#N)c(C)c1C#N)C
217,2,O=S(=O)(C)OCCNc1sc(c(C)c1C(N)=O)N=Nc2c(cc(cc2C#N)[N+]([O-])=O)Br,480,,,ethanol,4.14125E-19,2.584764945,O=S(=O)(C)OCCNc1sc(c(C)c1C(N)=O)N=Nc1c(cc(cc1C#N)[N+]([O-])=O)Br
476,2,c1cc(ccc1N(C)C)N=Nc2c3c4c(C(=O)N(CCCCCCCCCC)C(=O)c4ccc3)cc2,510,,,ethanol,3.89765E-19,2.432719949,c1cc(ccc1N(C)C)N=Nc1c2c3c(C(=O)N(CCCCCCCCCC)C(=O)c3ccc2)cc1
739,5,c1ccccc1-c2n(C)c3ccccc3c2N=Nc4nc([nH]n4)S,408,,,,4.87206E-19,3.040899936,c1cc(ccc1)-c1c(c2c(cccc2)n1C)N=NC=1NC(NN=1)=S
747,5,c1ccccc1N=Nc2c(C)cccc2,323,,,,6.15418E-19,3.841136761,c1ccccc1N=Nc1c(C)cccc1
472,2,c1cc(ccc1N(C)C)N=Nc2c(c(F)c(c(c2F)F)Nc3c(cccc3)O)F,438,,,ethanol,4.53836E-19,2.832619118,c1cc(ccc1N(C)C)N=Nc1c(c(F)c(c(c1F)F)Nc1c(cccc1)O)F
29,1,C(CO)N(CCO)c1ccc(c(c1)C)N=Nc2ccc(cc2)F,417,,,ethanol,4.76691E-19,2.975269002,C(CO)N(CCO)c1ccc(c(c1)C)N=Nc1ccc(cc1)F
515,2,c1cc(ccc1N=NC=2C(=C(C(=O)N)C(NC=2O)=O)C)C,429,,,ethanol,4.63357E-19,2.892044694,c1cc(ccc1N=Nc1c(C)c(C(N)=O)c(nc1O)O)C
163,2,FC(F)(F)c1ccc(N=Nc2ccc(cc2)N(CC)CC)cc1,434,,,ethanol,4.58018E-19,2.858726207,FC(F)(F)c1ccc(cc1)N=Nc1ccc(cc1)N(CC)CC
150,1,FC(F)(F)c1cc(Cl)ccc1N=Nc2ccc(cc2)N(C)C,442,,,ethanol,4.49729E-19,2.806984556,FC(F)(F)c1cc(Cl)ccc1N=Nc1ccc(cc1)N(C)C
285,1,c1(cc(N(CCO)CCC#N)ccc1N=Nc2cc(ccc2)Cl)C,410,,,ethanol,4.84829E-19,3.026066278,c1(cc(N(CCO)CCC#N)ccc1N=Nc1cc(ccc1)Cl)C
700,5,c1cc(ccc1[N+]([O-])=O)N=Nc2ccc(cc2)[N+]([O-])=O,335,,,,5.93373E-19,3.703543802,c1cc(ccc1[N+]([O-])=O)N=Nc1ccc(cc1)[N+]([O-])=O
209,2,O=C1c2c3c(c(N=Nc4c(O)ccc5ccccc45)cc2)cccc3C(=O)N1CCCCCCCCCC,515,,,ethanol,3.85981E-19,2.409101308,O=C1c2c3c(c(N=Nc4c(O)ccc5ccccc45)cc2)cccc3C(=O)N1CCCCCCCCCC
307,1,c1(ccccc1N=Nc2ccc(cc2C)NCCC#N)C,400,,,ethanol,4.9695E-19,3.101717935,c1(ccccc1N=Nc1ccc(cc1C)NCCC#N)C
185,1,FC(F)(F)c1ccccc1N=Nc2ccc(cc2)N(C)C,429,,,ethanol,4.63357E-19,2.892044694,FC(F)(F)c1ccccc1N=Nc1ccc(cc1)N(C)C
40,2,C1(C(=C(C(=C(N1CC)O)N=Nc2nncs2)C)C#N)=O,432,,,ethanol,4.60139E-19,2.871961051,C1(N=Nc2nncs2)C(C)=C(C(=O)N(CC)C1=O)C#N
275,4,c1(c(c(C)[nH]n1)N=Nc2cccc(Br)c2)C,335,720,2.857332496,acetonitrile,5.93373E-19,3.703543802,c1(c(c(C)[nH]n1)N=Nc1cccc(Br)c1)C
554,5,c1cc(ccc1N=Nc2c3c(c(cc2)O)nccc3)Oc4ccccc4,395,,,,5.03241E-19,3.140980187,c1cc(ccc1N=Nc1c2c(c(cc1)O)nccc2)Oc1ccccc1
782,4,c1ccccc1N=Nc2n(C)ncc2,341,950400,5.977906428,acetonitrile,5.82933E-19,3.638378809,c1ccccc1N=Nc1n(C)ncc1
25,1,C(CO)N(CCO)c1ccc(N=Nc2ccc(cc2)Br)c(c1)C,425,,,ethanol,4.67718E-19,2.919263938,C(CO)N(CCO)c1ccc(N=Nc2ccc(cc2)Br)c(c1)C
657,1,c1cc(ccc1O)N=Nc2c(OC)cccc2,351,,,ethanol,5.66325E-19,3.534721293,c1cc(ccc1O)N=Nc1c(OC)cccc1
265,3,c1(c(N=Nc2cccc(Br)c2)c(C)on1)C,315,,,acetonitrile,6.31048E-19,3.938689441,c1(c(N=Nc2cccc(Br)c2)c(C)on1)C
192,5,Fc1cc(cc(F)c1N=Nc2ccc(cc2)C(OCC)=O)C(=O)OCC,320,28793.89719,4.45930045,acetonitrile,6.21188E-19,3.877147418,Fc1cc(cc(F)c1N=Nc1ccc(cc1)C(OCC)=O)C(=O)OCC
359,2,c1cc(ccc1)-c2c(C(OCC)=O)c(N3CC3)sc2N=Nc4c(cc(cc4Br)[N+]([O-])=O)C#N,588,,,ethanol,3.38061E-19,2.1100122,c1cc(ccc1)-c1c(C(OCC)=O)c(N2CC2)sc1N=Nc1c(cc(cc1Br)[N+]([O-])=O)C#N
680,2,c1cc(ccc1[N+](=O)[O-])-c2csc(n2)N=NC=3C(=C(C#N)C(=O)N(C=3O)CC)C,469,,,ethanol,4.23838E-19,2.64538843,c1cc(ccc1[N+](=O)[O-])-c1nc(N=NC2C(=C(C#N)C(N(CC)C2=O)=O)C)sc1
419,5,c1cc(ccc1C#N)N=Nc2ccccc2,321,,,,6.19252E-19,3.865069077,c1cc(ccc1C#N)N=Nc1ccccc1
368,5,c1cc(ccc1)CO[C@@H]2[C@H]([C@H]3[C@H](O[C@H]2Sc4ccccc4)COC(COc5c(N=Nc6ccccc6OCC(=O)O3)cccc5)=O)OCc7ccccc7,310,4405465.574,6.643991812,acetonitrile,6.41226E-19,4.00221669,c1cc(ccc1)CO[C@@H]1[C@H]([C@H]2[C@H](O[C@H]1Sc1ccccc1)COC(COc1c(N=Nc3ccccc3OCC(=O)O2)cccc1)=O)OCc1ccccc1
126,5,Cc1noc(c1N=Nc2cccc3c2cccc3)C,362,,,,5.49116E-19,3.427312635,Cc1noc(c1N=Nc1cccc2c1cccc2)C
702,5,c1cc(ccc1[N+]([O-])=O)N=Nc2nc3ccc([N+](=O)[O-])cc3s2,332,,,,5.98735E-19,3.73700956,c1cc(ccc1[N+]([O-])=O)N=Nc1nc2ccc([N+](=O)[O-])cc2s1
336,5,c1c(OC)c(c(cc1)OC)N=Nc2c(C)nn(c2C)C,307,9598337.95,6.982196037,acetonitrile,6.47492E-19,4.041326299,c1c(OC)c(c(cc1)OC)N=Nc1c(C)nn(c1C)C
648,5,c1cc(ccc1NCCC#N)N=Nc2cc(C)ccc2,400,,,,4.9695E-19,3.101717935,c1cc(ccc1NCCC#N)N=Nc1cc(C)ccc1
102,1,CCN(CC)c1ccc(cc1)N=Nc2cccc(C#N)c2C#N,490,,,ethanol,4.05673E-19,2.53201464,CCN(CC)c1ccc(cc1)N=Nc1cccc(C#N)c1C#N
769,1,c1ccccc1N=Nc2ccc(cc2C)O,354,,,ethanol,5.61525E-19,3.504766028,c1ccccc1N=Nc1ccc(cc1C)O
445,5,c1cc(ccc1C)N=Nc2ccc(cc2)C,326,,,,6.09755E-19,3.805788877,c1cc(ccc1C)N=Nc1ccc(cc1)C
754,5,c1ccccc1N=Nc2c(cccc2)Br,326,,,,6.09755E-19,3.805788877,c1ccccc1N=Nc1c(cccc1)Br
604,1,c1cc(ccc1N=Nc2ccc(cc2)N(CCC#N)CC)Cl,409,,,methanol,4.86015E-19,3.033464973,c1cc(ccc1N=Nc1ccc(cc1)N(CCC#N)CC)Cl
236,1,c1(C#N)cc(cc(C#N)c1)N=Nc2ccc(cc2)N(CC)CC,562,,,ethanol,3.53701E-19,2.207628423,c1(C#N)cc(cc(C#N)c1)N=Nc1ccc(cc1)N(CC)CC
694,3,c1cc(ccc1[N+]([O-])=O)N=Nc2c(noc2C)C,332,,,acetonitrile,5.98735E-19,3.73700956,c1cc(ccc1[N+]([O-])=O)N=Nc1c(noc1C)C
470,2,c1cc(ccc1N(C)C)N=Nc2c(F)c(c3Nc4c(cccc4)Oc3c2F)F,472,,,ethanol,4.21144E-19,2.628574521,c1cc(ccc1N(C)C)N=Nc1c(F)c(c2Nc3c(cccc3)Oc2c1F)F
605,1,c1cc(ccc1N=Nc2ccc(cc2)N(CCCl)CCCl)Br,405,,,ethanol,4.90815E-19,3.063425121,c1cc(ccc1N=Nc1ccc(cc1)N(CCCl)CCCl)Br
332,1,c1c(NCCC#N)ccc(c1C)N=Nc2ccccc2OC,394,,,ethanol,5.04518E-19,3.148952218,c1c(NCCC#N)ccc(c1C)N=Nc1ccccc1OC
765,5,c1ccccc1N=Nc2ccc(cc2)Cl,324,,,,6.13519E-19,3.829281401,c1ccccc1N=Nc1ccc(cc1)Cl
11,5,C(C)N(CC)c1cc(c(N=Nc2ccc(cc2C#N)[N+]([O-])=O)cc1)OC,555,,,,3.58162E-19,2.235472385,C(C)N(CC)c1cc(c(N=Nc2ccc(cc2C#N)[N+]([O-])=O)cc1)OC
784,5,c1ccccc1N=Nc2n[nH]cc2,324,,,,6.13519E-19,3.829281401,c1ccccc1N=Nc1n[nH]cc1
494,5,c1cc(ccc1N(CC)CC)N=Nc2cc(c(N3CCOCC3)cc2)OC,422,,,,4.71043E-19,2.940017,c1cc(ccc1N(CC)CC)N=Nc1cc(c(N2CCOCC2)cc1)OC
632,5,c1cc(ccc1N=Nc2ccccc2C#N)NCCC#N,429,,,,4.63357E-19,2.892044694,c1cc(ccc1N=Nc1ccccc1C#N)NCCC#N
292,5,c1(cc(cc(F)c1N=Nc2c(cc(cc2F)C(OCC)=O)F)C(OCC)=O)F,314,53988.52919,4.732301496,acetonitrile,6.33057E-19,3.951233038,c1(cc(cc(F)c1N=Nc1c(cc(cc1F)C(OCC)=O)F)C(OCC)=O)F
808,5,n1nc(N=Nc2c(C)[nH]c3ccccc23)sc1SC,445,,,,4.46697E-19,2.788061065,n1nc(N=Nc2c(C)[nH]c3ccccc23)sc1SC
567,1,c1cc(ccc1N=Nc2cc(ccc2)C(=O)C)N(C)C,420,,,ethanol,4.73286E-19,2.954017081,c1cc(ccc1N=Nc1cc(ccc1)C(=O)C)N(C)C
528,1,c1cc(ccc1N=Nc2c(C)cccc2)O,350,,,ethanol,5.67943E-19,3.544820497,c1cc(ccc1N=Nc1c(C)cccc1)O
270,1,c1(c(OC)cc(cc1)N=Nc2ccc(c(OC)c2)OC)OC,381,,,ethanol,5.21732E-19,3.256396782,c1(c(OC)cc(cc1)N=Nc1ccc(c(OC)c1)OC)OC
370,4,c1cc(ccc1)N=Nc2c(C)cnn2C,340,43200,4.635483747,acetonitrile,5.84647E-19,3.649079923,c1cc(ccc1)N=Nc1c(C)cnn1C
103,1,CCN(CC)c1ccc(cc1)N=Nc2ccccc2C#N,462,,,ethanol,4.3026E-19,2.685470073,CCN(CC)c1ccc(cc1)N=Nc1ccccc1C#N
7,5,C(C)N(CC)c1cc(OC)c(cc1)N=Nc2ccc([N+](=O)[O-])cc2[N+](=O)[O-],545,,,,3.64734E-19,2.276490227,C(C)N(CC)c1cc(OC)c(cc1)N=Nc1ccc([N+](=O)[O-])cc1[N+](=O)[O-]
313,5,c12ccccc1c(N=Nc3nc([nH]n3)S)c(C)n2C,401,,,,4.95711E-19,3.093982977,c12ccccc1c(N=NC=1NC(NN=1)=S)c(C)n2C
350,5,c1c2c(nc(N=Nc3c4cccnc4c(cc3)O)s2)ccc1Cl,450,,,,4.41733E-19,2.757082608,c1c2c(nc(N=Nc3c4cccnc4c(cc3)O)s2)ccc1Cl
154,2,FC(F)(F)c1cc(c(N=Nc2sc(N3CC3)c(C(OCC)=O)c2-c4ccccc4)c([N+]([O-])=O)c1),495,,,ethanol,4.01576E-19,2.506438735,FC(F)(F)c1cc([N+]([O-])=O)c(cc1)N=Nc1c(c(C(OCC)=O)c(N2CC2)s1)-c1ccccc1
308,2,c1(nc(nc(O)c1N=Nc2c(cc([N+](=O)[O-])cc2)OC)O)O,415,,,ethanol,4.78988E-19,2.989607648,C1(NC(NC(=O)C1N=Nc1ccc([N+](=O)[O-])cc1OC)=O)=O
38,2,C(c1sc(N=Nc2sc(c(n2)C(=O)OCC)NCCCC)nc1C(OCC)=O)NCCC,580,,,ethanol,3.42724E-19,2.139115817,C(c1sc(N=Nc2sc(c(n2)C(=O)OCC)NCCCC)nc1C(OCC)=O)NCCC
499,1,c1cc(ccc1N(CC)CCC#N)N=Nc2c(cccc2)Cl,412,,,methanol,4.82476E-19,3.011376635,c1cc(ccc1N(CC)CCC#N)N=Nc1c(cccc1)Cl
492,1,c1cc(ccc1N(CC)CC)N=Nc2cc(C#N)ccc2,446,,,ethanol,4.45695E-19,2.781809807,c1cc(ccc1N(CC)CC)N=Nc1cc(C#N)ccc1
372,5,c1cc(ccc1)N=Nc2c(I)ccnc2,330,413911.7347,5.616907739,toluene,6.02364E-19,3.759658102,c1cc(ccc1)N=Nc1c(I)ccnc1
123,5,Cc1noc(c1N=Nc2c(C#N)cccc2)C,325,,,,6.11631E-19,3.817498996,Cc1noc(c1N=Nc1c(C#N)cccc1)C
251,5,c1(F)cccc(F)c1N=Nc2ccc(cc2)C(=O)OCC,316,75583.9762,4.878429735,acetonitrile,6.29051E-19,3.926225234,c1(F)cccc(F)c1N=Nc1ccc(cc1)C(=O)OCC
331,1,c1c(NCCC#N)ccc(c1C)N=Nc2ccccc2Cl,408,,,ethanol,4.87206E-19,3.040899936,c1c(NCCC#N)ccc(c1C)N=Nc1ccccc1Cl
588,5,c1cc(ccc1N=Nc2ccc(cc2)C#N)NCCC#N,428,,,,4.64439E-19,2.898801808,c1cc(ccc1N=Nc1ccc(cc1)C#N)NCCC#N
536,2,c1cc(ccc1N=Nc2ccc(cc2Cl)[N+](=O)[O-])N3CC3,396,,,ethanol,5.0197E-19,3.133048419,c1cc(ccc1N1CC1)N=Nc1c(cc([N+]([O-])=O)cc1)Cl
395,5,c1cc(ccc1)N=Nc2n(C)ccc2,385,10661.53846,4.027819878,acetonitrile,5.16312E-19,3.222564088,c1cc(ccc1)N=Nc1n(C)ccc1
439,5,c1cc(ccc1C)N=Nc2c(n[nH]c2C)C,335,477.9310345,2.679365232,acetonitrile,5.93373E-19,3.703543802,c1cc(ccc1C)N=Nc1c(n[nH]c1C)C
321,5,c1c(Cl)c(ccc1)N=Nc2c(C)[nH]nc2C,339,171.9602978,2.235428188,acetonitrile,5.86372E-19,3.659844171,c1c(Cl)c(ccc1)N=Nc1c(C)[nH]nc1C
707,2,c1ccc(N=NC=2C(=C(C#N)C(N(CC)C=2NCCCOC)=O)C)c(C(=O)O)c1,419,,,ethanol,4.74415E-19,2.961067241,c1ccc(N=NC=2C(=C(C#N)C(N(CC)C=2NCCCOC)=O)C)c(C(=O)O)c1
125,3,Cc1noc(c1N=Nc2c(cccc2)F)C,321,,,acetonitrile,6.19252E-19,3.865069077,Cc1noc(c1N=Nc1c(cccc1)F)C
596,2,c1cc(ccc1N=Nc2ccc(cc2)Cl)N(CCO)CCO,419,,,ethanol,4.74415E-19,2.961067241,c1cc(ccc1N=Nc1ccc(cc1)Cl)N(CCO)CCO
184,1,FC(F)(F)c1cccc(c1)N=Nc2ccc(cc2)N(C)C,423,,,ethanol,4.69929E-19,2.933066605,FC(F)(F)c1cccc(c1)N=Nc1ccc(cc1)N(C)C
744,2,c1ccccc1N=NC=2C(C)=C(C(N(CC)C=2NCCCOC)=O)C#N,416,,,ethanol,4.77837E-19,2.982421091,c1ccccc1N=NC=1C(C)=C(C(N(CC)C=1NCCCOC)=O)C#N
218,5,O=S(=O)(C)c1ccc(cc1)N=Nc2c(cc(cc2)N(CCC#N)CCO)C,434,,,,4.58018E-19,2.858726207,O=S(=O)(C)c1ccc(cc1)N=Nc1c(cc(cc1)N(CCC#N)CCO)C
202,5,N(C(=O)C)c1cc(ccc1)N=Nc2c(C)n[nH]c2C,329,12.73897059,1.105134335,acetonitrile,6.04195E-19,3.771085635,N(C(=O)C)c1cc(ccc1)N=Nc1c(C)n[nH]c1C
407,2,c1cc(ccc1-n2nc(c(N=Nc3c(nn(-c4cc(c(cc4)C))c3O)C)c2O)C)S(=O)(=O)O,450,,,ethanol,4.41733E-19,2.757082608,c1cc(ccc1N1C(=O)C(C(=N1)C)N=NC1C(C)=NN(c2ccc(cc2)S(=O)(=O)O)C1=O)C
447,1,c1cc(ccc1C)N=Nc2ccccc2,333,,,ethanol,5.96937E-19,3.725787309,c1cc(ccc1C)N=Nc1ccccc1
679,2,c1cc(ccc1)N=NC=2C(=C(C(=O)N)C(NC=2O)=O)C,420,,,ethanol,4.73286E-19,2.954017081,c1cc(ccc1)N=Nc1c(C)c(C(N)=O)c(nc1O)O
179,5,FC(F)(F)c1ccc(cc1)N=Nc2ccccc2,315,,,,6.31048E-19,3.938689441,FC(F)(F)c1ccc(cc1)N=Nc1ccccc1
676,4,c1cc(ccc1OC)N=Nc2nnn(C)c2,349,1468800,6.166962664,acetonitrile,5.6957E-19,3.554977575,c1cc(ccc1OC)N=Nc1nnn(C)c1
507,5,c1cc(ccc1N2CCCC2)N=Nc3ccc(cc3)N4CCCC4,431,,,,4.61206E-19,2.878624533,c1cc(ccc1N1CCCC1)N=Nc1ccc(cc1)N1CCCC1
446,1,c1cc(ccc1C)N=Nc2ccc(cc2)N(CCCl)CCCl,407,,,ethanol,4.88403E-19,3.048371434,c1cc(ccc1C)N=Nc1ccc(cc1)N(CCCl)CCCl
28,1,C(CO)N(CCO)c1ccc(c(c1)C)N=Nc2ccc(cc2)Cl,424,,,ethanol,4.68821E-19,2.926148995,C(CO)N(CCO)c1ccc(c(c1)C)N=Nc1ccc(cc1)Cl
479,1,c1cc(ccc1N(C)C)N=Nc2ccccc2Br,425,,,ethanol,4.67718E-19,2.919263938,c1cc(ccc1N(C)C)N=Nc1ccccc1Br
725,2,c1ccccc1-c2c(c(N3CC3)sc2N=Nc4c(cc(cc4Br)[N+]([O-])=O)C#N),588,,,ethanol,3.38061E-19,2.1100122,c1cc(ccc1)-c1c(sc(c1)N1CC1)N=Nc1c(cc(cc1Br)[N+]([O-])=O)C#N
318,5,c1c(C)c(c(cc1)N=Nc2cccc(C)c2C)C,332,,,,5.98735E-19,3.73700956,c1c(C)c(c(cc1)N=Nc1cccc(C)c1C)C
544,2,c1cc(ccc1N=Nc2c(cc(cc2)C)Cl)N3CC3,379,,,ethanol,5.24485E-19,3.273580934,c1cc(ccc1N1CC1)N=Nc1c(cc(C)cc1)Cl
227,2,O=S(=O)(OCCNc1sc(c(C)c1C#N)N=Nc2c(cc(cc2[N+](=O)[O-])[N+]([O-])=O)Br)C,586,,,ethanol,3.39215E-19,2.117213607,O=S(=O)(OCCNc1sc(c(C)c1C#N)N=Nc1c(cc(cc1[N+](=O)[O-])[N+]([O-])=O)Br)C
70,2,CC(C)(C)OC(=O)NCCCNc1sc(nc1C(OCC)=O)N=Nc2nc(C(=O)OCC)cs2,528,,,ethanol,3.76477E-19,2.349786314,CC(C)(C)OC(=O)NCCCNc1sc(nc1C(OCC)=O)N=Nc1nc(C(=O)OCC)cs1
109,5,CN(C)c1cc(C)c(N=Nc2c(C)ccc([N+](=O)[O-])c2)cc1,425,,,,4.67718E-19,2.919263938,CN(C)c1cc(C)c(N=Nc2c(C)ccc([N+](=O)[O-])c2)cc1
629,5,c1cc(ccc1N=Nc2ccccc2)NCCO,398,,,,4.99447E-19,3.117304457,c1cc(ccc1N=Nc1ccccc1)NCCO
695,5,c1cc(ccc1[N+]([O-])=O)N=Nc2cc(c(cc2)N(CC)CC)OC,492,,,,4.04024E-19,2.521721898,c1cc(ccc1[N+]([O-])=O)N=Nc1cc(c(cc1)N(CC)CC)OC
133,1,ClCCN(CCCl)c1ccc(cc1)N=Nc2cc(C)ccc2,395,,,ethanol,5.03241E-19,3.140980187,ClCCN(CCCl)c1ccc(cc1)N=Nc1cc(C)ccc1
617,5,c1cc(ccc1N=Nc2ccc(cc2)[N+](=O)[O-])NCCO,503,,,,3.95189E-19,2.466574898,c1cc(ccc1N=Nc1ccc(cc1)[N+](=O)[O-])NCCO
542,1,c1cc(ccc1N=Nc2c(cc(cc2)N(CCC#N)CCO)C)C,402,,,ethanol,4.94478E-19,3.086286502,c1cc(ccc1N=Nc1c(cc(cc1)N(CCC#N)CCO)C)C
301,5,c1(cccc(C)c1N=Nc2ccccc2)C,316,,,,6.29051E-19,3.926225234,c1(cccc(C)c1N=Nc1ccccc1)C
13,2,C(C)N(CC)c1cc(c(cc1OC)N=Nc2cc(c([N+](=O)[O-])cc2C(=O)OC)C(OC)=O)NC(C)=O,537,,,ethanol,3.70168E-19,2.310404421,C(C)N(CC)c1cc(c(cc1OC)N=Nc1cc(c([N+](=O)[O-])cc1C(=O)OC)C(OC)=O)NC(C)=O
183,1,FC(F)(F)c1cccc(N=Nc2ccc(cc2)N(C)CC)c1,426,,,ethanol,4.6662E-19,2.912411206,FC(F)(F)c1cccc(N=Nc2ccc(cc2)N(C)CC)c1
660,1,c1cc(ccc1O)N=Nc2cc3c4N(CC3)CCCc4c2,414,,,ethanol,4.80145E-19,2.996828922,c1cc(ccc1O)N=Nc1cc2c3N(CC2)CCCc3c1
216,2,O=S(=O)(C)OCCNc1sc(c(C)c1C(N)=O)N=Nc2ccc(cc2C#N)[N+]([O-])=O,460,,,ethanol,4.3213E-19,2.69714603,O=S(=O)(C)OCCNc1sc(c(c1C(N)=O)C)N=Nc1ccc(cc1C#N)[N+](=O)[O-]
740,5,c1ccccc1-c2n(C)c3ccccc3c2N=Nc4nnc(CC)s4,438,,,,4.53836E-19,2.832619118,c1ccccc1-c1n(C)c2ccccc2c1N=Nc1nnc(CC)s1
482,1,c1cc(ccc1N(C)C)N=Nc2ccccc2F,418,,,ethanol,4.7555E-19,2.968151134,c1cc(ccc1N(C)C)N=Nc1ccccc1F
577,5,c1cc(ccc1N=Nc2ccc(O)cc2O)[N+]([O-])=O,432,,,,4.60139E-19,2.871961051,c1cc(ccc1N=Nc1ccc(O)cc1O)[N+]([O-])=O
517,2,c1cc(ccc1N=NC=2C(=C(C(=O)N)C(NC=2O)=O)C)Cl,422,,,ethanol,4.71043E-19,2.940017,c1cc(ccc1N=Nc1c(C)c(C(N)=O)c(nc1O)O)Cl
158,1,FC(F)(F)c1cc(cc(C(F)(F)F)c1)N=Nc2cc3CCCN(CCC#N)c3cc2,450,,,ethanol,4.41733E-19,2.757082608,FC(F)(F)c1cc(cc(C(F)(F)F)c1)N=Nc1cc2CCCN(CCC#N)c2cc1
44,4,C1CCCN1c2c(c(ccc2)F)N=Nc3cccn3C,362,3348,3.524785449,dimethyl sulfoxide,5.49116E-19,3.427312635,C1CCCN1c1c(c(ccc1)F)N=Nc1cccn1C
220,2,O=S(=O)(N)c1c(OC)c(N=Nc2c3ccccc3ccc2O)cc(c1)C,500,,,ethanol,3.9756E-19,2.481374348,O=S(=O)(N)c1c(OC)c(N=Nc2c3ccccc3ccc2O)cc(c1)C
638,5,c1cc(ccc1N=Nc2sc3c(n2)cccc3)OC,361,,,,5.50637E-19,3.436806576,c1cc(ccc1N=Nc1sc2c(n1)cccc2)OC
511,2,c1cc(ccc1N=NC2=C(NC(=O)C(C#N)=C2C)O)C3NC(=O)NC(C)=C3C(OCC)=O,439,,,ethanol,4.52802E-19,2.826166683,c1cc(ccc1N=Nc1c(C)c(C#N)c(nc1O)O)C1C(=C(C)NC(=O)N1)C(=O)OCC
122,5,Cc1cc(cc(C)c1[N+](=O)[O-])N=Nc2cc(C)c(c(c2)C)N(C)C,382,,,,5.20366E-19,3.247872183,Cc1cc(cc(C)c1[N+](=O)[O-])N=Nc1cc(C)c(c(c1)C)N(C)C
84,2,CC(C)OCCCN1C(=C(N=Nc2c(c(c(cc2)))[N+](=O)[O-])C(C)=C(C#N)C1=O)NCCCOC,446,,,ethanol,4.45695E-19,2.781809807,CC(C)OCCCN1C(C(=C(C(N=Nc2ccccc2[N+](=O)[O-])=C1NCCCOC)C)C#N)=O
409,2,c1cc(ccc1Br)N=NC=2C(=C(C(=O)N)C(NC=2O)=O)C,420,,,ethanol,4.73286E-19,2.954017081,c1cc(ccc1N=Nc1c(C)c(C(N)=O)c(nc1O)O)Br
568,1,c1cc(ccc1N=Nc2cc3CCCN(CCC#N)c3cc2)Cl,420,,,ethanol,4.73286E-19,2.954017081,c1cc(ccc1N=Nc1cc2CCCN(CCC#N)c2cc1)Cl
696,5,c1cc(ccc1[N+]([O-])=O)N=Nc2ccc(N)c(c2)OC,488,,,,4.07336E-19,2.54239175,c1cc(ccc1[N+]([O-])=O)N=Nc1ccc(N)c(c1)OC
671,1,c1cc(ccc1OC)N=Nc2ccc(NCCC#N)cc2C,395,,,ethanol,5.03241E-19,3.140980187,c1cc(ccc1OC)N=Nc1ccc(NCCC#N)cc1C
383,1,c1cc(ccc1)N=Nc2ccc(cc2)N(CCC#N)CC,399,,,ethanol,4.98195E-19,3.109491664,c1cc(ccc1)N=Nc1ccc(cc1)N(CCC#N)CC
663,1,c1cc(ccc1O)N=Nc2ccc(cc2)Cl,356,,,ethanol,5.58371E-19,3.485076331,c1cc(ccc1O)N=Nc1ccc(cc1)Cl
437,2,c1cc(ccc1C(OC)=O)N=NC=2C(=C(C#N)C(N(CCCOC(C)C)C=2NCCCOC)=O)C,440,,,ethanol,4.51773E-19,2.819743577,c1cc(ccc1C(OC)=O)N=NC=1C(=C(C#N)C(N(CCCOC(C)C)C=1NCCCOC)=O)C
593,4,c1cc(ccc1N=Nc2ccc(cc2)CSS(=O)(=O)C)CSS(=O)(=O)C,342,154800,5.189770956,water,5.81228E-19,3.627740274,c1cc(ccc1N=Nc1ccc(cc1)CSS(=O)(=O)C)CSS(=O)(=O)C
452,5,c1cc(ccc1Cl)-c2c(c(N)sc2N=Nc3sc4c(ccc(c4)[N+]([O-])=O)n3)C#N,535,,,,3.71551E-19,2.319041446,c1cc(ccc1Cl)-c1c(c(N)sc1N=Nc1sc2c(ccc(c2)[N+]([O-])=O)n1)C#N
556,2,c1cc(ccc1N=Nc2c3c4c(C(=O)N(CCCCCCCCCC)C(=O)c4ccc3)cc2)N(CC)CC,525,,,ethanol,3.78629E-19,2.363213664,c1cc(ccc1N=Nc1c2c3c(C(=O)N(CCCCCCCCCC)C(=O)c3ccc2)cc1)N(CC)CC
12,5,C(C)N(CC)c1cc(c(cc1)N=Nc2ccc(cc2Cl)[N+]([O-])=O)OC,526,,,,3.77909E-19,2.358720863,C(C)N(CC)c1cc(c(cc1)N=Nc1ccc(cc1Cl)[N+]([O-])=O)OC
392,1,c1cc(ccc1)N=Nc2ccccc2,318,,,ethanol,6.25094E-19,3.901531993,c1cc(ccc1)N=Nc1ccccc1
96,2,CCN(CC)c1ccc(c(O)c1)N=Nc2nc3c(s2)cc(cc3)OC,518,,,ethanol,3.83745E-19,2.395148984,CCN(CC)c1ccc(c(O)c1)N=Nc1nc2c(s1)cc(cc2)OC
667,1,c1cc(ccc1O)N=Nc2ccc(cc2Cl)Cl,366,,,ethanol,5.43115E-19,3.389855666,c1cc(ccc1O)N=Nc1ccc(cc1Cl)Cl
628,1,c1cc(ccc1N=Nc2cccc(OC)c2)O,349,,,ethanol,5.6957E-19,3.554977575,c1cc(ccc1N=Nc1cccc(OC)c1)O
762,1,c1ccccc1N=Nc2ccc(NCCC#N)cc2C,396,,,ethanol,5.0197E-19,3.133048419,c1ccccc1N=Nc1ccc(NCCC#N)cc1C
763,1,c1ccccc1N=Nc2ccc(O)cc2O,380,,,ethanol,5.23105E-19,3.264966247,c1ccccc1N=Nc1ccc(O)cc1O
677,4,c1cc(ccc1OC)N=Nc2sccc2,375,1778.4,3.25002945,acetonitrile,5.3008E-19,3.30849913,c1cc(ccc1OC)N=Nc1sccc1
654,5,c1cc(ccc1NCCC#N)N=Nc2ccc(cc2)[N+](=O)[O-],455,,,,4.36879E-19,2.726784997,c1cc(ccc1NCCC#N)N=Nc1ccc(cc1)[N+](=O)[O-]
334,5,c1c(O)c2ncccc2c(c1)N=Nc3nccs3,428,,,,4.64439E-19,2.898801808,c1c(O)c2ncccc2c(c1)N=Nc1nccs1
718,5,c1cccc(N=Nc2c(C)[nH]nc2C)c1F,334,15230.76923,4.182721838,acetonitrile,5.9515E-19,3.714632257,c1cccc(N=Nc2c(C)[nH]nc2C)c1F
668,3,c1cc(ccc1OC)N=Nc2c(noc2C)C,337,,,acetonitrile,5.89852E-19,3.681564314,c1cc(ccc1OC)N=Nc1c(noc1C)C
743,2,c1ccccc1N=NC=2C(=C(C#N)C(N(CCCOC(C)C)C=2NCCCOC)=O)C,418,,,ethanol,4.7555E-19,2.968151134,c1ccccc1N=NC=1C(=C(C#N)C(N(CCCOC(C)C)C=1NCCCOC)=O)C
188,5,Fc1c(F)c(c(F)c(F)c1N=Nc2c(F)c(F)c(c(F)c2F)F)F,310,16902.43902,4.227949378,acetonitrile,6.41226E-19,4.00221669,Fc1c(F)c(c(F)c(F)c1N=Nc1c(F)c(F)c(c(F)c1F)F)F
652,5,c1cc(ccc1NCCC#N)N=Nc2ccc(cc2)C,395,,,,5.03241E-19,3.140980187,c1cc(ccc1NCCC#N)N=Nc1ccc(cc1)C
75,2,CC(C)(C)c1cc(N=Nc2ccc(cc2OC)[N+](=O)[O-])c(c(C(C)(C)C)c1)O,450,,,ethanol,4.41733E-19,2.757082608,CC(C)(C)c1cc(N=Nc2ccc(cc2OC)[N+](=O)[O-])c(c(C(C)(C)C)c1)O
658,1,c1cc(ccc1O)N=Nc2c(cc(Br)cc2)Cl,368,,,ethanol,5.40163E-19,3.371432538,c1cc(ccc1O)N=Nc1c(cc(Br)cc1)Cl
688,5,c1cc(ccc1[N+](=O)[O-])N=Nc2ccc(cc2)NCC,468,,,,4.24744E-19,2.65104097,c1cc(ccc1[N+](=O)[O-])N=Nc1ccc(cc1)NCC
196,5,Fc1cccc(F)c1N=Nc2c(F)cccc2F,305,331129.6251,5.519998037,acetonitrile,6.51738E-19,4.067826799,Fc1cccc(F)c1N=Nc1c(F)cccc1F
191,5,Fc1c(F)cc(c(F)c1N=Nc2c(F)c(F)cc(c2F)F)F,303,97179.41311,4.987574272,acetonitrile,6.5604E-19,4.094677141,Fc1c(F)cc(c(F)c1N=Nc1c(F)c(F)cc(c1F)F)F
269,5,c1(c(N=Nc2cccnc2)c(C)on1)C,316,,,,6.29051E-19,3.926225234,c1(c(N=Nc2cccnc2)c(C)on1)C
551,3,c1cc(ccc1N=Nc2c(n[nH]c2C)C)[N+]([O-])=O,360,,,acetonitrile,5.52167E-19,3.446353261,c1cc(ccc1N=Nc1c(n[nH]c1C)C)[N+]([O-])=O
16,1,C(C)N(CC)c1ccc(cc1)N=Nc2ccc(cc2)C#N,466,,,ethanol,4.26567E-19,2.662418828,C(C)N(CC)c1ccc(cc1)N=Nc1ccc(cc1)C#N
429,2,c1cc(ccc1C(=O)O)N=NC=2C(=C(C(=O)N)C(NC=2O)=O)C,422,,,ethanol,4.71043E-19,2.940017,c1cc(ccc1C(=O)O)N=Nc1c(C)c(C(N)=O)c(nc1O)O
772,1,c1ccccc1N=Nc2ccc3c(c2)CCCN3,418,,,ethanol,4.7555E-19,2.968151134,c1ccccc1N=Nc1ccc2c(c1)CCCN2
30,2,C(CO)N(CCO)c1ccc(cc1)N=Nc2ccc(cc2)C,409,,,ethanol,4.86015E-19,3.033464973,C(CO)N(CCO)c1ccc(cc1)N=Nc1ccc(cc1)C
379,5,c1cc(ccc1)N=Nc2ccc(cc2)C(C)=O,326,,,,6.09755E-19,3.805788877,c1cc(ccc1)N=Nc1ccc(cc1)C(C)=O
717,5,c1ccc2c(c1)nc(N=Nc3ccccc3SC)s2,328,,,,6.06037E-19,3.782582847,c1ccc2c(c1)nc(N=Nc1ccccc1SC)s2
793,4,c1cnc(N=Nc2c(cccc2)F)s1,369,19800,4.29666519,acetonitrile,5.38699E-19,3.362295864,c1cnc(N=Nc2c(cccc2)F)s1
253,5,c1(N=Nc2c(C)cc(cc2)C)c(C)cc(cc1)C,346,,,,5.74509E-19,3.58580108,c1(N=Nc2c(C)cc(cc2)C)c(C)cc(cc1)C
560,1,c1cc(ccc1N=Nc2cc(C)ccc2)N(C)C,407,,,ethanol,4.88403E-19,3.048371434,c1cc(ccc1N=Nc1cc(C)ccc1)N(C)C
418,4,c1cc(ccc1C#N)N=Nc2ccc(s2)OC,414,576,2.760422483,acetonitrile,4.80145E-19,2.996828922,c1cc(ccc1C#N)N=Nc1ccc(s1)OC
358,2,c1cc(ccc1)-c2c(C(OCC)=O)c(N3CC3)sc2N=Nc4ccc(cc4Cl)C,501,,,ethanol,3.96766E-19,2.476421505,c1cc(ccc1)-c1c(C(OCC)=O)c(N2CC2)sc1N=Nc1ccc(C)cc1Cl
586,2,c1cc(ccc1N=Nc2ccc(cc2)Br)N(CCO)CCO,421,,,ethanol,4.72162E-19,2.947000413,c1cc(ccc1N=Nc1ccc(cc1)Br)N(CCO)CCO
60,4,C1CN(CCC1)c2c(N=Nc3c(C)onc3C)cccc2,316,57960,4.763128377,dimethyl sulfoxide,6.29051E-19,3.926225234,C1CN(CCC1)c1c(N=Nc2c(C)onc2C)cccc1
299,5,c1(cc[nH]n1)N=Nc2c(cccc2)F,328,,,,6.06037E-19,3.782582847,c1(cc[nH]n1)N=Nc1c(cccc1)F
63,4,C1CN(CCC1)c2cc(NC(=O)CCl)ccc2N=Nc3c(cc(NC(=O)CCl)cc3)N4CCCCC4,445,5.976,0.776410589,water,4.46697E-19,2.788061065,C1CN(CCC1)c1cc(NC(=O)CCl)ccc1N=Nc1c(cc(NC(=O)CCl)cc1)N1CCCCC1
642,5,c1cc(ccc1NC(=O)C)N=Nc2sc3c(n2)cccc3,371,,,,5.35795E-19,3.34417028,c1cc(ccc1NC(=O)C)N=Nc1sc2c(n1)cccc2
636,4,c1cc(ccc1N=Nc2nccs2)N(C)C,484,1.8,0.255272505,acetonitrile,4.10702E-19,2.563403252,c1cc(ccc1N=Nc1nccs1)N(C)C
229,1,OCCN(CCO)c1ccc(N=Nc2ccccc2C)c(C)c1,418,,,ethanol,4.7555E-19,2.968151134,OCCN(CCO)c1ccc(N=Nc2ccccc2C)c(C)c1
421,4,c1cc(ccc1C#N)N=Nc2sccc2,371,22860,4.359076226,acetonitrile,5.35795E-19,3.34417028,c1cc(ccc1C#N)N=Nc1sccc1
241,5,c1(C)cccc(N=Nc2cccc(C)c2)c1,331,,,,6.00544E-19,3.748299619,c1(C)cccc(N=Nc2cccc(C)c2)c1
356,2,c1cc(ccc1)-c2c(C(=O)OCC)c(sc2N=Nc3c(cc([N+]([O-])=O)cc3[N+](=O)[O-]))N4CC4,586,,,ethanol,3.39215E-19,2.117213607,c1cc(ccc1)-c1c(sc(c1C(=O)OCC)N1CC1)N=Nc1c(cc([N+](=O)[O-])cc1)[N+](=O)[O-]
156,1,FC(F)(F)c1cc(cc(C(F)(F)F)c1)N=Nc2c(C)cc(cc2)N(CCO)CCO,434,,,ethanol,4.58018E-19,2.858726207,FC(F)(F)c1cc(cc(C(F)(F)F)c1)N=Nc1c(C)cc(cc1)N(CCO)CCO
435,5,c1cc(ccc1C(C)=O)N=Nc2c(cc(cc2)N(CCC#N)CCO)C,412,,,,4.82476E-19,3.011376635,c1cc(ccc1C(C)=O)N=Nc1c(cc(cc1)N(CCC#N)CCO)C
789,5,c1ccccc1Nc2ccc(cc2)N=Nc3ccc(cc3)[N+](=O)[O-],483,,,,4.11553E-19,2.568710505,c1ccccc1Nc1ccc(cc1)N=Nc1ccc(cc1)[N+](=O)[O-]
800,2,c1nc2c(cc1)c(N=Nc3cnccc3)ccc2O,393,,,ethanol,5.05802E-19,3.156964819,c1nc2c(cc1)c(N=Nc1cnccc1)ccc2O
673,2,c1cc(ccc1OC)N=Nc2ccc(c3ncccc23)O,386,,,ethanol,5.14974E-19,3.214215476,c1cc(ccc1OC)N=Nc1ccc(c2ncccc12)O
50,4,C1CCN(C1)c2c(N=Nc3ccc(OC)cc3F)ccc(OC)c2,344,255.6,2.407560849,acetonitrile,5.77849E-19,3.606648761,C1CCN(C1)c1c(N=Nc2ccc(OC)cc2F)ccc(OC)c1
639,5,c1cc(ccc1N=Nc2sc3c(n2)cccc3)SC,392,,,,5.07092E-19,3.165018301,c1cc(ccc1N=Nc1sc2c(n1)cccc2)SC
402,2,c1cc(ccc1-n2c(O)c(c(C)n2)N=Nc3c(O)n(nc3C(O)=O)-c4ccc(cc4)S(=O)(=O)O)S(=O)(=O)O,460,,,ethanol,4.3213E-19,2.69714603,O=S(=O)(O)c1ccc(cc1)N1N=C(C(=O)O)C(C1=O)N=NC1C(C)=NN(c2ccc(cc2)S(=O)(=O)O)C1=O
323,3,c1c(F)c(c(cc1)F)N=Nc2c(C)n[nH]c2C,321,,,acetonitrile,6.19252E-19,3.865069077,c1c(F)c(c(cc1)F)N=Nc1c(C)n[nH]c1C
339,5,c1c([N+](=O)[O-])cccc1N=Nc2cc([N+](=O)[O-])ccc2,311,,,,6.39164E-19,3.989347826,c1c([N+](=O)[O-])cccc1N=Nc1cc([N+](=O)[O-])ccc1
506,5,c1cc(ccc1N)N=Nc2n[nH]cc2,391,,,,5.08389E-19,3.173112977,c1cc(ccc1N)N=Nc1n[nH]cc1
33,2,C(O)(c1ccccc1N=Nc2c(nc(c(C#N)c2C)NCCCOC)NCCCOC)=O,431,,,ethanol,4.61206E-19,2.878624533,C(O)(c1ccccc1N=Nc1c(nc(c(C#N)c1C)NCCCOC)NCCCOC)=O
613,1,c1cc(ccc1N=Nc2ccc(cc2)OC)O,357,,,ethanol,5.56807E-19,3.475314212,c1cc(ccc1N=Nc1ccc(cc1)OC)O
583,5,c1cc(ccc1N=Nc2ccc(c3ncccc23)O)[N+]([O-])=O,414,,,,4.80145E-19,2.996828922,c1cc(ccc1N=Nc1ccc(c2ncccc12)O)[N+]([O-])=O
112,1,CN(C)c1ccc(N=Nc2ccc(cc2)C(C)=O)c(c1)C,452,,,ethanol,4.39779E-19,2.744883128,CN(C)c1ccc(N=Nc2ccc(cc2)C(C)=O)c(c1)C
803,5,c1nc2c(cc1)c(N=Nc3nc4ccccc4[nH]3)ccc2O,437,,,,4.54874E-19,2.839101084,c1nc2c(cc1)c(N=Nc1nc3ccccc3[nH]1)ccc2O
756,3,c1ccccc1N=Nc2c(noc2C)C,315,,,acetonitrile,6.31048E-19,3.938689441,c1ccccc1N=Nc1c(noc1C)C
558,1,c1cc(ccc1N=Nc2cc(C#N)ccc2)N(C)C,435,,,ethanol,4.56966E-19,2.852154423,c1cc(ccc1N=Nc1cc(C#N)ccc1)N(C)C
469,2,c1cc(ccc1N(C)C)N=Nc2c(F)c(F)c(c(c2F)F)Sc3ccccc3N,448,,,ethanol,4.43705E-19,2.769391013,c1cc(ccc1N(C)C)N=Nc1c(F)c(F)c(c(c1F)F)Sc1ccccc1N
495,2,c1cc(ccc1N(CC)CC)N=Nc2ccc(C)cc2,416,,,ethanol,4.77837E-19,2.982421091,c1cc(ccc1N=Nc1ccc(cc1)C)N(CC)CC
785,3,c1ccccc1N=Nc2nnn(C)c2,328,,,acetonitrile,6.06037E-19,3.782582847,c1ccccc1N=Nc1nnn(C)c1
389,1,c1cc(ccc1)N=Nc2ccc(cc2)NCCC#N,390,,,ethanol,5.09692E-19,3.181249164,c1cc(ccc1)N=Nc1ccc(cc1)NCCC#N
195,5,Fc1cccc(F)c1N=Nc2c(F)cc(cc2F)C(OCC)=O,310,107977.0584,5.033331492,acetonitrile,6.41226E-19,4.00221669,Fc1cccc(F)c1N=Nc1c(F)cc(cc1F)C(OCC)=O
449,5,c1cc(ccc1C)N=Nc2sccc2,365,,,,5.44603E-19,3.399142942,c1cc(ccc1C)N=Nc1sccc1
609,5,c1cc(ccc1N=Nc2ccc(cc2)N3CCOCC3)N4CCOCC4,402,,,,4.94478E-19,3.086286502,c1cc(ccc1N=Nc1ccc(cc1)N1CCOCC1)N1CCOCC1
794,4,c1cnc(N=Nc2c(cccc2)I)s1,372,12960,4.112605002,acetonitrile,5.34355E-19,3.335180575,c1cnc(N=Nc2c(cccc2)I)s1
79,2,CC(C)(C)c1cc(c(O)cc1)N=Nc2nc(-c3ccc(cc3)[N+](=O)[O-])cs2,428,,,ethanol,4.64439E-19,2.898801808,CC(C)(C)c1cc(c(O)cc1)N=Nc1nc(-c2ccc(cc2)[N+](=O)[O-])cs1
89,5,CC(C)c1cc(cc(C(C)C)c1N=Cc2cc(N=Nc3ccc(cc3)[N+]([O-])=O)ccc2O)S(=O)(=O)O,267,,,,7.44494E-19,4.646768441,CC(C)c1cc(cc(C(C)C)c1N=Cc1cc(N=Nc2ccc(cc2)[N+]([O-])=O)ccc1O)S(=O)(=O)O
274,4,c1(c(c(C)[nH]n1)N=Nc2cc(OC)ccc2)C,330,14004,4.146252102,acetonitrile,6.02364E-19,3.759658102,c1(c(c(C)[nH]n1)N=Nc1cc(OC)ccc1)C
140,2,FC(F)(F)c1c(N=Nc2c(C)c(c(s2)NCCBr)C#N)c(cc(c1)[N+]([O-])=O),598,,,ethanol,3.32408E-19,2.074727715,FC(F)(F)c1cc(ccc1N=Nc1c(C)c(c(NCCBr)s1)C#N)[N+](=O)[O-]
249,2,c1(F)c(F)c(c(c(F)c1N=Nc2c(c(F)c(c(c2F)F)NCCO)F)F)F,392,,,ethanol,5.07092E-19,3.165018301,c1(F)c(F)c(c(c(F)c1N=Nc1c(c(F)c(c(c1F)F)NCCO)F)F)F
557,2,c1cc(ccc1N=Nc2c3c4c(C(=O)N(CCCCCCCCCC)C(=O)c4ccc3)cc2)NC(=O)C,430,,,ethanol,4.62279E-19,2.885319009,c1cc(ccc1N=Nc1c2c3c(C(=O)N(CCCCCCCCCC)C(=O)c3ccc2)cc1)NC(=O)C
634,5,c1cc(ccc1N=Nc2n[nH]cc2)[N+]([O-])=O,340,,,,5.84647E-19,3.649079923,c1cc(ccc1N=Nc1n[nH]cc1)[N+]([O-])=O
48,4,C1CCCN1c2cccc(c2N=Nc3c(nn(C)c3C)C)F,312,42840,4.631849462,dimethyl sulfoxide,6.37115E-19,3.976561455,C1CCCN1c1cccc(c1N=Nc1c(nn(C)c1C)C)F
774,5,c1ccccc1N=Nc2cccc([N+](=O)[O-])c2,327,,,,6.0789E-19,3.794150379,c1ccccc1N=Nc1cccc([N+](=O)[O-])c1
464,5,c1cc(ccc1F)N=Nc2sc3cc(ccc3n2)[N+]([O-])=O,342,,,,5.81228E-19,3.627740274,c1cc(ccc1F)N=Nc1sc2cc(ccc2n1)[N+]([O-])=O
595,1,c1cc(ccc1N=Nc2ccc(cc2)Cl)N(C)C,417,,,ethanol,4.76691E-19,2.975269002,c1cc(ccc1N=Nc1ccc(cc1)Cl)N(C)C
461,3,c1cc(ccc1F)N=Nc2c(noc2C)C,318,,,acetonitrile,6.25094E-19,3.901531993,c1cc(ccc1F)N=Nc1c(noc1C)C
62,4,C1CN(CCC1)c2c(cccc2)N=Nc3c(C)n(nc3C)C,329,432000,5.635483747,dimethyl sulfoxide,6.04195E-19,3.771085635,C1CN(CCC1)c1c(cccc1)N=Nc1c(C)n(nc1C)C
233,3,[N+](c1c(cccc1)N=Nc2c(C)[nH]nc2C)(=O)[O-],339,,,acetonitrile,5.86372E-19,3.659844171,[N+](c1c(cccc1)N=Nc1c(C)[nH]nc1C)(=O)[O-]
168,4,FC(F)(F)c1ccc(cc1)N=Nc2c(n[nH]c2C)C,334,1404,3.147367108,acetonitrile,5.9515E-19,3.714632257,FC(F)(F)c1ccc(cc1)N=Nc1c(n[nH]c1C)C
342,5,c1c([N+]([O-])=O)cc2c(nc(N=Nc3cccc(CO)c3)s2)c1,346,,,,5.74509E-19,3.58580108,c1c([N+]([O-])=O)cc2c(nc(N=Nc3cccc(CO)c3)s2)c1
412,1,c1cc(ccc1Br)N=Nc2cc3CCCN(CCC#N)c3cc2,420,,,ethanol,4.73286E-19,2.954017081,c1cc(ccc1Br)N=Nc1cc2CCCN(CCC#N)c2cc1
635,4,c1cc(ccc1N=Nc2nccs2)C#N,371,6120,3.786751422,acetonitrile,5.35795E-19,3.34417028,c1cc(ccc1N=Nc1nccs1)C#N
721,2,c1ccccc1-c2c(N=Nc3c(cc(cc3Br)[N+]([O-])=O)C#N)sc(NCCBr)c2,560,,,ethanol,3.54964E-19,2.21551281,c1cc(ccc1)-c1c(sc(NCCBr)c1)N=Nc1c(cc(cc1Br)[N+]([O-])=O)C#N
622,5,c1cc(ccc1N=Nc2ccc(cc2Cl)[N+]([O-])=O)N(CC)CC,512,,,,3.88242E-19,2.423217136,c1cc(ccc1N=Nc1ccc(cc1Cl)[N+]([O-])=O)N(CC)CC
771,1,c1ccccc1N=Nc2ccc3c(CCCN3CCC#N)c2,410,,,ethanol,4.84829E-19,3.026066278,c1ccccc1N=Nc1ccc2c(CCCN2CCC#N)c1
602,5,c1cc(ccc1N=Nc2ccc(cc2)N(C)C)[N+](=O)[O-],473,,,,4.20254E-19,2.623017281,c1cc(ccc1N=Nc1ccc(cc1)N(C)C)[N+](=O)[O-]
487,2,c1cc(ccc1N(CC)CC)N=Nc2c(cc(Br)cc2),427,,,ethanol,4.65527E-19,2.905590571,C(C)N(CC)c1ccc(cc1)N=Nc1ccc(cc1)Br
374,1,c1cc(ccc1)N=Nc2c(cccc2)NC(C)=O,326,,,methanol,6.09755E-19,3.805788877,c1cc(ccc1)N=Nc1c(cccc1)NC(C)=O
646,1,c1cc(ccc1NCC)N=Nc2ccccc2,405,,,ethanol,4.90815E-19,3.063425121,c1cc(ccc1NCC)N=Nc1ccccc1
802,5,c1nc2c(cc1)c(N=Nc3nc4c(cccc4)s3)ccc2O,442,,,,4.49729E-19,2.806984556,c1nc2c(cc1)c(N=Nc1nc3c(cccc3)s1)ccc2O
277,5,c1(c(c(C)[nH]n1)N=Nc2cccc(c2)O)C,330,240.625,2.381340747,acetonitrile,6.02364E-19,3.759658102,c1(c(c(C)[nH]n1)N=Nc1cccc(c1)O)C
68,4,C1CN(CCO1)c2ccccc2N=Nc3c(C)n(nc3C)C,328,120960,5.082641778,dimethyl sulfoxide,6.06037E-19,3.782582847,C1CN(CCO1)c1ccccc1N=Nc1c(C)n(nc1C)C
428,2,c1cc(ccc1C(=O)O)N=NC=2C(=C(C#N)C(N(CCCOC(C)C)C=2NCCCOC)=O)C,436,,,ethanol,4.55917E-19,2.845612784,c1cc(ccc1C(=O)O)N=NC=1C(=C(C#N)C(N(CCCOC(C)C)C=1NCCCOC)=O)C
607,2,c1cc(ccc1N=Nc2ccc(cc2)N(CCO)CCO)F,410,,,ethanol,4.84829E-19,3.026066278,c1cc(ccc1N=Nc1ccc(cc1)N(CCO)CCO)F
401,5,c1cc(ccc1-c2csc(N=Nc3c4cccnc4c(O)cc3)n2)Br,462,,,,4.3026E-19,2.685470073,c1cc(ccc1-c1csc(N=Nc2c3cccnc3c(O)cc2)n1)Br
171,1,FC(F)(F)c1ccc(cc1)N=Nc2cc3CCCN4CCCc(c2)c34,471,,,ethanol,4.22038E-19,2.634155358,FC(F)(F)c1ccc(cc1)N=Nc1cc2CCCN3CCCc(c1)c23
175,1,FC(F)(F)c1ccc(cc1)N=Nc2ccc(cc2)N(C)C,427,,,ethanol,4.65527E-19,2.905590571,FC(F)(F)c1ccc(cc1)N=Nc1ccc(cc1)N(C)C
55,1,C1CCc2cc(cc3CCCN1c23)N=Nc4ccc(cc4)Br,464,,,ethanol,4.28405E-19,2.673894771,C1CCc2cc(cc3CCCN1c23)N=Nc1ccc(cc1)Br
473,2,c1cc(ccc1N(C)C)N=Nc2c(c(F)c3Sc4ccccc4Sc3c2F)F,446,,,ethanol,4.45695E-19,2.781809807,c1cc(ccc1N(C)C)N=Nc1c(c(F)c2Sc3ccccc3Sc2c1F)F
198,2,N#Cc1cc([N+]([O-])=O)ccc1N=Nc2c(C)c(C#N)c(s2)NCCBr,583,,,ethanol,3.40961E-19,2.12810836,N#Cc1cc(ccc1N=Nc1c(C)c(C#N)c(s1)NCCBr)[N+]([O-])=O
35,5,C(c1cc(cc(C#N)c1N=Nc2c(C)cc(cc2)N(CC)CC)C#N)#N,562,,,,3.53701E-19,2.207628423,C(c1cc(cc(C#N)c1N=Nc1c(C)cc(cc1)N(CC)CC)C#N)#N
268,3,c1(c(N=Nc2cccc(c2)O)c(C)on1)C,313,,,acetonitrile,6.3508E-19,3.963856785,c1(c(N=Nc2cccc(c2)O)c(C)on1)C
647,5,c1cc(ccc1NCCC#N)N=Nc2c([N+](=O)[O-])cccc2,422,,,,4.71043E-19,2.940017,c1cc(ccc1NCCC#N)N=Nc1c([N+](=O)[O-])cccc1
645,4,c1cc(ccc1NC(NCCSS(=O)(=O)C)=O)N=Nc2ccc(cc2)NC(NCCSS(=O)(=O)C)=O,382,10.8,1.033423755,water,5.20366E-19,3.247872183,c1cc(ccc1NC(NCCSS(=O)(=O)C)=O)N=Nc1ccc(cc1)NC(NCCSS(=O)(=O)C)=O
255,2,c1(N=Nc2nccs2)nc(cs1),398,,,ethanol,4.99447E-19,3.117304457,N(=Nc1nccs1)c1nccs1
795,4,c1cnc(N=Nc2ccccc2Cl)s1,371,23760,4.375846436,acetonitrile,5.35795E-19,3.34417028,c1cnc(N=Nc2ccccc2Cl)s1
286,1,c1(cc(N(CCO)CCC#N)ccc1N=Nc2cccc(Br)c2)C,414,,,ethanol,4.80145E-19,2.996828922,c1(cc(N(CCO)CCC#N)ccc1N=Nc1cccc(Br)c1)C
720,5,c1ccccc1-c2[nH]c3c(cccc3)c2N=Nc4sc(CC)nn4,440,,,,4.51773E-19,2.819743577,c1ccccc1-c1[nH]c2c(cccc2)c1N=Nc1sc(CC)nn1
215,2,O=S(=O)(C)OCCNc1sc(c(C)c1C#N)N=Nc2c(Cl)cc(cc2)[N+](=O)[O-],599,,,ethanol,3.31853E-19,2.071264063,O=S(=O)(C)OCCNc1c(c(C)c(s1)N=Nc1ccc(cc1Cl)[N+]([O-])=O)C#N
662,1,c1cc(ccc1O)N=Nc2ccc(cc2)C,353,,,ethanol,5.63116E-19,3.514694543,c1cc(ccc1O)N=Nc1ccc(cc1)C
555,2,c1cc(ccc1N=Nc2c3c(c4c(Nc5c(cccc5)S4)c2F)Sc6ccccc6S3)N(C)C,404,,,ethanol,4.9203E-19,3.071007856,c1cc(ccc1N=Nc1c2c(c3c(Nc4c(cccc4)S3)c1F)Sc1ccccc1S2)N(C)C
569,1,c1cc(ccc1N=Nc2cc3CCCN(CCC#N)c3cc2)OC,406,,,ethanol,4.89606E-19,3.055879738,c1cc(ccc1N=Nc1cc2CCCN(CCC#N)c2cc1)OC
584,5,c1cc(ccc1N=Nc2ccc(cc2)Br)Br,324,,,,6.13519E-19,3.829281401,c1cc(ccc1N=Nc1ccc(cc1)Br)Br
410,4,c1cc(ccc1Br)N=Nc2c(n[nH]c2C)C,337,23184,4.365188368,acetonitrile,5.89852E-19,3.681564314,c1cc(ccc1Br)N=Nc1c(n[nH]c1C)C
526,1,c1cc(ccc1N=Nc2c(C)cccc2)N(CCCl)CCCl,395,,,ethanol,5.03241E-19,3.140980187,c1cc(ccc1N=Nc1c(C)cccc1)N(CCCl)CCCl
674,1,c1cc(ccc1OC)N=Nc2ccc(cc2)N(C)C,407,,,ethanol,4.88403E-19,3.048371434,c1cc(ccc1OC)N=Nc1ccc(cc1)N(C)C
758,5,c1ccccc1N=Nc2cc(C)ccc2O,330,,,,6.02364E-19,3.759658102,c1ccccc1N=Nc1cc(C)ccc1O
670,1,c1cc(ccc1OC)N=Nc2cc3c4N(CC3)CCCc4c2,417,,,ethanol,4.76691E-19,2.975269002,c1cc(ccc1OC)N=Nc1cc2c3N(CC2)CCCc3c1
442,1,c1cc(ccc1C)N=Nc2ccc(NCCC#N)cc2C,395,,,ethanol,5.03241E-19,3.140980187,c1cc(ccc1C)N=Nc1ccc(NCCC#N)cc1C
431,5,c1cc(ccc1C(=O)O)N=Nc2ccc(c3ncccc23)O,503,,,,3.95189E-19,2.466574898,c1cc(ccc1C(=O)O)N=Nc1ccc(c2ncccc12)O
710,1,c1ccc(c(C#N)c1)N=Nc2cc3c(cc2)N(CCC3)CCC#N,448,,,ethanol,4.43705E-19,2.769391013,c1ccc(c(C#N)c1)N=Nc1cc2c(cc1)N(CCC2)CCC#N
396,4,c1cc(ccc1)N=Nc2n(ccn2)C,363,32400,4.51054501,acetonitrile,5.47603E-19,3.417871002,c1cc(ccc1)N=Nc1n(ccn1)C
443,1,c1cc(ccc1C)N=Nc2ccc(O)cc2O,386,,,ethanol,5.14974E-19,3.214215476,c1cc(ccc1C)N=Nc1ccc(O)cc1O
460,5,c1cc(ccc1F)N=Nc2c(n[nH]c2C)C,330,427.7777778,2.63121822,acetonitrile,6.02364E-19,3.759658102,c1cc(ccc1F)N=Nc1c(n[nH]c1C)C
52,4,C1CCN(C1)c2cc(ccc2N=Nc3ccc(cc3N4CCCCC4)OC)OC,488,1.224,0.087781418,acetonitrile,4.07336E-19,2.54239175,C1CCN(C1)c1cc(ccc1N=Nc1ccc(cc1N1CCCCC1)OC)OC
730,2,c1ccccc1-c2c(c(NCCBr)sc2N=Nc3c(cc(cc3)C(C)=O))C(OCC)=O,479,,,ethanol,4.1499E-19,2.590161114,c1cc(ccc1C(=O)C)N=Nc1sc(c(c1-c1ccccc1)C(OCC)=O)NCCBr
337,4,c1c(OC)c(c(cc1NC(=O)C)OC)N=Nc2c(cc(cc2OC)NC(=O)C)OC,338,1209600,6.082641778,dimethyl sulfoxide,5.88107E-19,3.670672112,c1c(OC)c(c(cc1NC(=O)C)OC)N=Nc1c(cc(cc1OC)NC(=O)C)OC
240,5,c1(C)cc2c(sc(n2)N=Nc3c4c(c(cc3)O)nccc4)cc1C,456,,,,4.35921E-19,2.720805206,c1(C)cc2c(sc(n2)N=Nc2c3c(c(cc2)O)nccc3)cc1C
655,5,c1cc(ccc1NCCC#N)N=Nc2cccc(c2)[N+](=O)[O-],418,,,,4.7555E-19,2.968151134,c1cc(ccc1NCCC#N)N=Nc1cccc(c1)[N+](=O)[O-]
380,5,c1cc(ccc1)N=Nc2ccc(cc2)F,322,,,,6.17329E-19,3.853065757,c1cc(ccc1)N=Nc1ccc(cc1)F
127,3,Cc1noc(c1N=Nc2ccccc2Cl)C,321,,,acetonitrile,6.19252E-19,3.865069077,Cc1noc(c1N=Nc1ccccc1Cl)C
46,4,C1CCCN1c2cc(OC)cc(F)c2N=Nc3ccc(cc3)OC,335,259200,5.413634997,acetonitrile,5.93373E-19,3.703543802,C1CCCN1c1cc(OC)cc(F)c1N=Nc1ccc(cc1)OC
533,5,c1cc(ccc1N=Nc2c(OC)cccc2)NCCC#N,394,,,,5.04518E-19,3.148952218,c1cc(ccc1N=Nc1c(OC)cccc1)NCCC#N
798,5,c1nc2c(cc1)c(N=Nc3c(C(=O)O)cccc3)ccc2O,398,,,,4.99447E-19,3.117304457,c1nc2c(cc1)c(N=Nc1c(C(=O)O)cccc1)ccc2O
74,2,CC(C)(C)c1cc(N=Nc2cc(SOON(CC)CC)ccc2OC)c(O)c(C(C)(C)C)c1,421,,,ethanol,4.72162E-19,2.947000413,CC(C)(C)c1cc(N=Nc2cc(SOON(CC)CC)ccc2OC)c(O)c(C(C)(C)C)c1
713,4,c1ccc(cc1C#N)N=Nc2cccs2,364,63720,4.804275767,acetonitrile,5.46099E-19,3.408481247,c1ccc(cc1C#N)N=Nc1cccs1
778,5,c1ccccc1N=Nc2cnccc2,322,820625.2857,5.914144895,toluene,6.17329E-19,3.853065757,c1ccccc1N=Nc1cnccc1
727,2,c1ccccc1-c2c(c(NCCBr)sc2N=Nc3ccc(cc3))C(OCC)=O,446,,,ethanol,4.45695E-19,2.781809807,c1cc(ccc1)N=Nc1sc(NCCBr)c(c1-c1ccccc1)C(=O)OCC
659,3,c1cc(ccc1O)N=Nc2c(noc2C)C,340,,,acetonitrile,5.84647E-19,3.649079923,c1cc(ccc1O)N=Nc1c(noc1C)C
532,4,c1cc(ccc1N=Nc2c(N3CCCC3)cc(OC)cc2)OC,340,15.192,1.181614952,acetonitrile,5.84647E-19,3.649079923,c1cc(ccc1N=Nc1c(N2CCCC2)cc(OC)cc1)OC
43,5,C1CCCN1c2c(OC)cc(N=Nc3cc(OC)c(N4CCCC4)cc3)cc2,452,,,,4.39779E-19,2.744883128,C1CCCN1c1c(OC)cc(N=Nc2cc(OC)c(N3CCCC3)cc2)cc1
669,2,c1cc(ccc1OC)N=Nc2c3c(c(cc2)OC)nccc3,367,,,ethanol,5.41635E-19,3.380619002,c1cc(ccc1OC)N=Nc1c2c(c(cc1)OC)nccc2
708,2,c1ccc(N=NC=2C(=C(C#N)C(N(CC)C=2NCCCOC)=O)C)c(c1)C(=O)OC,425,,,ethanol,4.67718E-19,2.919263938,c1ccc(N=NC=2C(=C(C#N)C(N(CC)C=2NCCCOC)=O)C)c(c1)C(=O)OC
640,5,c1cc(ccc1N=Nc2sc3cc(ccc3n2)[N+]([O-])=O)OC,399,,,,4.98195E-19,3.109491664,c1cc(ccc1N=Nc1sc2cc(ccc2n1)[N+]([O-])=O)OC
115,1,CN(C)c1ccc(cc1)N=Nc2cc(Cl)ccc2,420,,,ethanol,4.73286E-19,2.954017081,CN(C)c1ccc(cc1)N=Nc1cc(Cl)ccc1
357,2,c1cc(ccc1)-c2c(C(OCC)=O)c(N3CC3)sc2N=Nc4c(Cl)cc(cc4)[N+](=O)[O-],526,,,ethanol,3.77909E-19,2.358720863,c1cc(ccc1)-c1c(C(OCC)=O)c(N2CC2)sc1N=Nc1ccc(cc1Cl)[N+]([O-])=O
703,5,c1cc2c(sc(N=Nc3ccccc3Cl)n2)cc1[N+]([O-])=O,343,,,,5.79534E-19,3.617163772,c1cc2c(sc(N=Nc3ccccc3Cl)n2)cc1[N+]([O-])=O
20,5,C(C)N(CC)c1ccc(cc1)N=Nc2ccc(cc2)N3CCCCC3,420,,,,4.73286E-19,2.954017081,C(C)N(CC)c1ccc(cc1)N=Nc1ccc(cc1)N1CCCCC1
653,5,c1cc(ccc1NCCC#N)N=Nc2ccc(cc2)NC(C)=O,403,,,,4.93251E-19,3.078628223,c1cc(ccc1NCCC#N)N=Nc1ccc(cc1)NC(C)=O
484,1,c1cc(ccc1N(CC)CC)N=Nc2c(C#N)ccc(C#N)c2,495,,,ethanol,4.01576E-19,2.506438735,c1cc(ccc1N(CC)CC)N=Nc1c(C#N)ccc(C#N)c1
801,2,c1nc2c(cc1)c(N=Nc3nc4c(ccc5c4cccc5)s3)ccc2O,564,,,ethanol,3.52447E-19,2.199799954,c1nc2c(cc1)c(N=Nc1nc3c(ccc4c3cccc4)s1)ccc2O
210,2,O=C1c2c3c(c(N=Nc4c(ccc(c4)[N+]([O-])=O)N)cc2)cccc3C(=O)N1CCCCCCCCCC,420,,,ethanol,4.73286E-19,2.954017081,O=C1c2c3c(c(N=Nc4c(ccc(c4)[N+]([O-])=O)N)cc2)cccc3C(=O)N1CCCCCCCCCC
496,2,c1cc(ccc1N(CC)CC)N=Nc2ccc(OC)cc2,414,,,ethanol,4.80145E-19,2.996828922,C(C)N(CC)c1ccc(cc1)N=Nc1ccc(cc1)OC
302,5,c1(cccc(F)c1N=Nc2c(n(nc2C)C)C)F,328,8839285.714,6.946417172,acetonitrile,6.06037E-19,3.782582847,c1(cccc(F)c1N=Nc1c(n(nc1C)C)C)F
343,2,c1c(c2nc(N=Nc3c4cccnc4c(cc3)O)sc2cc1Cl)Cl,546,,,ethanol,3.64066E-19,2.272320831,c1c(c2nc(N=Nc3c4cccnc4c(cc3)O)sc2cc1Cl)Cl
440,3,c1cc(ccc1C)N=Nc2c(noc2C)C,323,,,acetonitrile,6.15418E-19,3.841136761,c1cc(ccc1C)N=Nc1c(noc1C)C
454,1,c1cc(ccc1Cl)N=Nc2c(cc(cc2)N(CCC#N)CCO)C,413,,,ethanol,4.81308E-19,3.004085167,c1cc(ccc1Cl)N=Nc1c(cc(cc1)N(CCC#N)CCO)C
510,2,c1cc(ccc1N=NC(C(C)=O)C(=O)c2ccccc2)S(=O)(=O)N,360,,,ethanol,5.52167E-19,3.446353261,c1cc(ccc1N=NC(C(C)=O)C(=O)c1ccccc1)S(=O)(=O)N
483,1,c1cc(ccc1N(CC)C)N=Nc2ccccc2,411,,,ethanol,4.8365E-19,3.018703586,c1cc(ccc1N(CC)C)N=Nc1ccccc1
272,3,c1(c(c(C)[nH]n1)N=Nc2c(ccc(c2)Cl)Cl)C,346,,,acetonitrile,5.74509E-19,3.58580108,c1(c(c(C)[nH]n1)N=Nc1c(ccc(c1)Cl)Cl)C
58,1,C1CCc2cc(cc3CCCN1c23)N=Nc4ccc(cc4)O,449,,,ethanol,4.42717E-19,2.763223104,C1CCc2cc(cc3CCCN1c23)N=Nc1ccc(cc1)O
505,1,c1cc(ccc1N)N=Nc2ccccc2,389,,,ethanol,5.11003E-19,3.189427182,c1cc(ccc1N)N=Nc1ccccc1
705,5,c1cc2c(sc(N=Nc3ccccc3SC)n2)cc1[N+]([O-])=O,340,,,,5.84647E-19,3.649079923,c1cc2c(sc(N=Nc3ccccc3SC)n2)cc1[N+]([O-])=O
194,3,Fc1ccc(c(c1)N=Nc2c(C)n[nH]c2C)F,343,,,acetonitrile,5.79534E-19,3.617163772,Fc1ccc(c(c1)N=Nc1c(C)n[nH]c1C)F
746,5,c1ccccc1N=Nc2c(C)cc(N(CCC#N)CC)cc2,404,,,,4.9203E-19,3.071007856,c1ccccc1N=Nc1c(C)cc(N(CCC#N)CC)cc1
502,5,c1cc(ccc1N(CCO)CCC#N)N=Nc2ccc(cc2)[N+](=O)[O-],451,,,,4.40754E-19,2.750969343,c1cc(ccc1N(CCO)CCC#N)N=Nc1ccc(cc1)[N+](=O)[O-]
119,4,COc1cc(c(cc1)N=Nc2c(F)cc(OC)cc2)F,359,216720,5.335898992,acetonitrile,5.53705E-19,3.45595313,COc1cc(c(cc1)N=Nc1c(F)cc(OC)cc1)F
441,1,c1cc(ccc1C)N=Nc2cc3CCCN(CCC#N)c3cc2,410,,,ethanol,4.84829E-19,3.026066278,c1cc(ccc1C)N=Nc1cc2CCCN(CCC#N)c2cc1
304,5,c1(ccccc1N=Nc2c(C)[nH]nc2C)Br,340,161.5384615,2.208275942,acetonitrile,5.84647E-19,3.649079923,c1(ccccc1N=Nc1c(C)[nH]nc1C)Br
97,2,CCN(CC)c1ccc(c(O)c1)N=Nc2scc(C)n2,504,,,ethanol,3.94405E-19,2.4616809,CCN(CC)c1ccc(c(O)c1)N=Nc1scc(C)n1
212,2,O=C1c2c3c(c(N=Nc4c5c(ccc4N)cccc5)cc2)cccc3C(=O)N1CCCCCCCCCC,546,,,ethanol,3.64066E-19,2.272320831,O=C1c2c3c(c(N=Nc4c5c(ccc4N)cccc5)cc2)cccc3C(=O)N1CCCCCCCCCC
257,5,c1(c(C)[nH]c2ccccc12)N=Nc3nc([nH]n3)S,392,,,,5.07092E-19,3.165018301,c1(N=NC=2NC(NN=2)=S)c(C)[nH]c2ccccc12
471,1,c1cc(ccc1N(C)C)N=Nc2c(OC)cccc2,413,,,ethanol,4.81308E-19,3.004085167,c1cc(ccc1N(C)C)N=Nc1c(OC)cccc1
716,5,c1ccc2c(c1)nc(N=Nc3ccccc3OC)s2,325,,,,6.11631E-19,3.817498996,c1ccc2c(c1)nc(N=Nc1ccccc1OC)s2
248,3,c1(Cl)cccc(Cl)c1N=Nc2c(onc2C)C,297,,,acetonitrile,6.69293E-19,4.177397892,c1(Cl)cccc(Cl)c1N=Nc1c(onc1C)C
31,1,C(Cl)CN(CCCl)c1ccc(cc1)N=Nc2ccccc2,397,,,ethanol,5.00705E-19,3.125156609,C(Cl)CN(CCCl)c1ccc(cc1)N=Nc1ccccc1
258,5,c1(c(C)[nH]c2ccccc12)N=Nc3scnn3,428,,,,4.64439E-19,2.898801808,c1(c(C)[nH]c2ccccc12)N=Nc1scnn1
537,5,c1cc(ccc1N=Nc2c([N+](=O)[O-])cccc2)N(C)C,440,,,,4.51773E-19,2.819743577,c1cc(ccc1N=Nc1c([N+](=O)[O-])cccc1)N(C)C
143,2,FC(F)(F)c1c(ccc(c1)[N+]([O-])=O)N=Nc2cc(C#N)c(NCCOS(=O)(=O)C)s2,604,,,ethanol,3.29106E-19,2.054117837,FC(F)(F)c1cc(ccc1N=Nc1sc(c(C#N)c1)NCCOS(=O)(=O)C)[N+](=O)[O-]
348,1,c1c2CCCN3CCCc(cc1N=Nc4ccccc4)c23,442,,,ethanol,4.49729E-19,2.806984556,c1c2CCCN3CCCc(cc1N=Nc1ccccc1)c23
153,2,FC(F)(F)c1ccc(c(c1))N=Nc2sc(c(C(OCC)=O)c2-c3ccccc3)NCCBr,462,,,ethanol,4.3026E-19,2.685470073,FC(F)(F)c1ccc(cc1)N=Nc1sc(c(c1-c1ccccc1)C(OCC)=O)NCCBr
804,2,n1c(csc1N=Nc2c3ccccc3ccc2O)C,491,,,ethanol,4.04847E-19,2.526857788,n1c(csc1N=Nc1c2ccccc2ccc1O)C
728,2,c1ccccc1-c2c(c(NCCBr)sc2N=Nc3c(cc(S(=O)(=O)C)cc3Cl))C(OCC)=O,495,,,ethanol,4.01576E-19,2.506438735,c1ccccc1-c1c(N=Nc2c(cc(cc2)S(=O)(=O)C)Cl)sc(NCCBr)c1C(OCC)=O
783,4,c1ccccc1N=Nc2n(c(cc2C)C)C,394,76320,4.882638362,acetonitrile,5.04518E-19,3.148952218,c1ccccc1N=Nc1n(c(cc1C)C)C
776,5,c1ccccc1N=Nc2ccn(C)n2,320,6300000,6.799340549,acetonitrile,6.21188E-19,3.877147418,c1ccccc1N=Nc1ccn(C)n1
39,2,C1(=C(N(C(C(=C1C)C#N)=O)CC)NCCCOC)N=Nc2c(cc(cc2))[N+]([O-])=O,445,,,ethanol,4.46697E-19,2.788061065,[N+](c1c(cccc1)N=NC=1C(=C(C#N)C(N(CC)C=1NCCCOC)=O)C)(=O)[O-]
250,4,c1(F)cc(cc(F)c1N=Nc2ccc(cc2)OC)OC,350,1548000,6.189770956,acetonitrile,5.67943E-19,3.544820497,c1(F)cc(cc(F)c1N=Nc1ccc(cc1)OC)OC
448,5,c1cc(ccc1C)N=Nc2n[nH]cc2,332,,,,5.98735E-19,3.73700956,c1cc(ccc1C)N=Nc1n[nH]cc1
111,5,CN(C)c1ccc(N=Nc2c(cc(Cl)cc2)C)c(c1)C,411,,,,4.8365E-19,3.018703586,CN(C)c1ccc(N=Nc2c(cc(Cl)cc2)C)c(c1)C
540,4,c1cc(ccc1N=Nc2c(cc(OC)cc2)N3CCCCC3)OC,341,32760,4.515343893,acetonitrile,5.82933E-19,3.638378809,c1cc(ccc1N=Nc1c(cc(OC)cc1)N1CCCCC1)OC
685,5,c1cc(ccc1[N+](=O)[O-])N=Nc2ccc(cc2)N(CCC#N)CC,452,,,,4.39779E-19,2.744883128,c1cc(ccc1[N+](=O)[O-])N=Nc1ccc(cc1)N(CCC#N)CC
678,2,c1cc(ccc1OCC)N=Nc2ccc(cc2)NCCO,398,,,ethanol,4.99447E-19,3.117304457,c1cc(ccc1OCC)N=Nc1ccc(cc1)NCCO
564,1,c1cc(ccc1N=Nc2cc(Cl)ccc2)O,357,,,ethanol,5.56807E-19,3.475314212,c1cc(ccc1N=Nc1cc(Cl)ccc1)O
504,5,c1cc(ccc1N)N=Nc2ccc(cc2)N(C)C,410,,,,4.84829E-19,3.026066278,c1cc(ccc1N)N=Nc1ccc(cc1)N(C)C
761,5,c1ccccc1N=Nc2ccc(N)cc2N,411,,,,4.8365E-19,3.018703586,c1ccccc1N=Nc1ccc(N)cc1N
193,5,Fc1cc(cc(F)c1N=Nc2ccccc2)C(=O)OCC,316,25194.64957,4.401308322,acetonitrile,6.29051E-19,3.926225234,Fc1cc(cc(F)c1N=Nc1ccccc1)C(=O)OCC
147,1,FC(F)(F)c1c(cccc1)N=Nc2ccc(cc2C)N(CCO)CCO,454,,,ethanol,4.37841E-19,2.732791132,FC(F)(F)c1c(cccc1)N=Nc1ccc(cc1C)N(CCO)CCO
155,2,FC(F)(F)c1cc(c(c([N+]([O-])=O)c1)N=Nc2sc(c(c2-c3ccccc3)C(OCC)=O)NCCBr),492,,,ethanol,4.04024E-19,2.521721898,FC(F)(F)c1cc(c(N=Nc2sc(NCCBr)c(c2-c2ccccc2)C(OCC)=O)cc1)[N+]([O-])=O
579,2,c1cc(ccc1N=Nc2ccc(OC)cc2)N(C)C,405,,,ethanol,4.90815E-19,3.063425121,c1cc(ccc1OC)N=Nc1ccc(cc1)N(C)C
181,4,FC(F)(F)c1ccc(cc1)N=Nc2sccc2,357,51480,4.711638538,acetonitrile,5.56807E-19,3.475314212,FC(F)(F)c1ccc(cc1)N=Nc1sccc1
466,2,c1cc(ccc1I)N=Nc2ccc(cc2)N(CCO)CCO,424,,,ethanol,4.68821E-19,2.926148995,c1cc(ccc1I)N=Nc1ccc(cc1)N(CCO)CCO
715,5,c1ccc2c(c1)nc(N=Nc3ccccc3Cl)s2,335,,,,5.93373E-19,3.703543802,c1ccc2c(c1)nc(N=Nc1ccccc1Cl)s2
711,1,c1ccc(c(C#N)c1)N=Nc2ccc(cc2C)N(CCO)CCC#N,438,,,ethanol,4.53836E-19,2.832619118,c1ccc(c(C#N)c1)N=Nc1ccc(cc1C)N(CCO)CCC#N
117,3,CN(C)c1ccccc1N=Nc2nccs2,525,,,acetonitrile,3.78629E-19,2.363213664,CN(C)c1ccccc1N=Nc1nccs1
256,5,c1(N=Nc2nc3c(cccc3)s2)ccccc1NC(=O)C,331,,,,6.00544E-19,3.748299619,c1(N=Nc2nc3c(cccc3)s2)ccccc1NC(=O)C
601,1,c1cc(ccc1N=Nc2ccc(cc2)N(C)C)NC(=O)C,431,,,ethanol,4.61206E-19,2.878624533,c1cc(ccc1N=Nc1ccc(cc1)N(C)C)NC(=O)C
213,2,O=S(=O)(C)OCCNc1c(C#N)cc(N=Nc2c([N+]([O-])=O)cc(cc2Br)[N+]([O-])=O)s1,591,,,ethanol,3.36345E-19,2.099301479,O=S(=O)(C)OCCNc1c(C#N)cc(N=Nc2c([N+]([O-])=O)cc(cc2Br)[N+]([O-])=O)s1
26,1,C(CO)N(CCO)c1ccc(N=Nc2ccc(cc2)OC)c(c1)C,414,,,ethanol,4.80145E-19,2.996828922,C(CO)N(CCO)c1ccc(N=Nc2ccc(cc2)OC)c(c1)C
672,1,c1cc(ccc1OC)N=Nc2ccc(O)cc2O,388,,,ethanol,5.1232E-19,3.197647355,c1cc(ccc1OC)N=Nc1ccc(O)cc1O
724,2,c1ccccc1-c2cc(N3CC3)sc2N=Nc4c(cc([N+]([O-])=O)cc4[N+](=O)[O-])Br,585,,,ethanol,3.39795E-19,2.120832776,c1ccccc1-c1c(sc(N2CC2)c1)N=Nc1c([N+](=O)[O-])cc([N+]([O-])=O)cc1Br
463,1,c1cc(ccc1F)N=Nc2ccc(NCCC#N)cc2C,398,,,ethanol,4.99447E-19,3.117304457,c1cc(ccc1F)N=Nc1ccc(NCCC#N)cc1C
615,5,c1cc(ccc1N=Nc2ccc(cc2)[N+](=O)[O-])N,441,,,,4.50748E-19,2.813349601,c1cc(ccc1N=Nc1ccc(cc1)[N+](=O)[O-])N
324,3,c1c(F)c(c(cc1)F)N=Nc2c(C)onc2C,309,,,acetonitrile,6.43301E-19,4.015168847,c1c(F)c(c(cc1)F)N=Nc1c(C)onc1C
5,5,C(C)N(CC)c1c(OC)cc(cc1)N=Nc2ccc([N+]([O-])=O)cc2Cl,518,,,,3.83745E-19,2.395148984,C(C)N(CC)c1c(OC)cc(cc1)N=Nc1ccc([N+]([O-])=O)cc1Cl
620,1,c1cc(ccc1N=Nc2ccc(cc2C)N(CCO)CCO)C,416,,,ethanol,4.77837E-19,2.982421091,c1cc(ccc1N=Nc1ccc(cc1C)N(CCO)CCO)C
353,1,c1cc(N=Nc2ccccc2Cl)c(cc1N(CCO)CCC#N)C,412,,,ethanol,4.82476E-19,3.011376635,c1cc(N=Nc2ccccc2Cl)c(cc1N(CCO)CCC#N)C
698,5,c1cc(ccc1[N+]([O-])=O)N=Nc2ccc(O)c(c2)C(O)=O,385,,,,5.16312E-19,3.222564088,c1cc(ccc1[N+]([O-])=O)N=Nc1ccc(O)c(c1)C(O)=O
597,5,c1cc(ccc1N=Nc2ccc(cc2)F)F,325,,,,6.11631E-19,3.817498996,c1cc(ccc1N=Nc1ccc(cc1)F)F
748,4,c1ccccc1N=Nc2c(C)cn(C)n2,325,501120,5.699941736,acetonitrile,6.11631E-19,3.817498996,c1ccccc1N=Nc1c(C)cn(C)n1
432,5,c1cc(ccc1C(=O)O)N=Nc2n[nH]cc2,328,,,,6.06037E-19,3.782582847,c1cc(ccc1C(=O)O)N=Nc1n[nH]cc1
384,1,c1cc(ccc1)N=Nc2ccc(cc2)N(CCC#N)CCO,397,,,ethanol,5.00705E-19,3.125156609,c1cc(ccc1)N=Nc1ccc(cc1)N(CCC#N)CCO
385,1,c1cc(ccc1)N=Nc2ccc(cc2)N(CCO)CCO,407,,,ethanol,4.88403E-19,3.048371434,c1cc(ccc1)N=Nc1ccc(cc1)N(CCO)CCO
689,5,c1cc(ccc1[N+](=O)[O-])S(=O)(=O)c2sc(nc2)N=Nc3ccc(c4ncccc34)O,491,,,,4.04847E-19,2.526857788,c1cc(ccc1[N+](=O)[O-])S(=O)(=O)c1sc(nc1)N=Nc1ccc(c2ncccc12)O
136,5,Clc1cccc(Cl)c1N=Nc2c(nn(c2C)C)C,328,99712.23022,4.99874843,acetonitrile,6.06037E-19,3.782582847,Clc1cccc(Cl)c1N=Nc1c(nn(c1C)C)C
82,2,CC(C)(C)c1ccc(c(c1)N=Nc2nnc(s2)C)O,430,,,ethanol,4.62279E-19,2.885319009,CC(C)(C)c1ccc(c(c1)N=Nc1nnc(s1)C)O
417,5,c1cc(ccc1C#N)N=Nc2ccc(c3ncccc23)O,413,,,,4.81308E-19,3.004085167,c1cc(ccc1C#N)N=Nc1ccc(c2ncccc12)O
520,2,c1cc(ccc1N=NC=2C(N(C)C(N(C)C=2N)=O)=O)C,364,,,ethanol,5.46099E-19,3.408481247,c1cc(ccc1N=NC=1C(N(C)C(N(C)C=1N)=O)=O)C
656,5,c1cc(ccc1NCCC#N)N=Nc2ccccc2F,404,,,,4.9203E-19,3.071007856,c1cc(ccc1NCCC#N)N=Nc1ccccc1F
723,5,c1ccccc1-c2c(N=Nc3scnn3)c4ccccc4n2C,431,,,,4.61206E-19,2.878624533,c1ccccc1-c1c(N=Nc2scnn2)c2ccccc2n1C
693,5,c1cc(ccc1[N+]([O-])=O)N=Nc2c(cc(cc2)N(CCC#N)CCO)C,461,,,,4.31193E-19,2.691295388,c1cc(ccc1[N+]([O-])=O)N=Nc1c(cc(cc1)N(CCC#N)CCO)C
459,5,c1cc(ccc1Cl)N=Nc2sc3cc(ccc3n2)[N+]([O-])=O,346,,,,5.74509E-19,3.58580108,c1cc(ccc1Cl)N=Nc1sc2cc(ccc2n1)[N+]([O-])=O
56,1,C1CCc2cc(cc3CCCN1c23)N=Nc4ccc(cc4)Cl,461,,,ethanol,4.31193E-19,2.691295388,C1CCc2cc(cc3CCCN1c23)N=Nc1ccc(cc1)Cl
570,1,c1cc(ccc1N=Nc2cc3CCCN4CCCc(c2)c34)C,446,,,ethanol,4.45695E-19,2.781809807,c1cc(ccc1N=Nc1cc2CCCN3CCCc(c1)c23)C
197,4,Fc1cccc(c1)N=Nc2c(C)n[nH]c2C,334,123840,5.092860943,acetonitrile,5.9515E-19,3.714632257,Fc1cccc(c1)N=Nc1c(C)n[nH]c1C
467,5,c1cc(ccc1I)N=Nc2sc3cc(ccc3n2)[N+]([O-])=O,368,,,,5.40163E-19,3.371432538,c1cc(ccc1I)N=Nc1sc2cc(ccc2n1)[N+]([O-])=O
349,5,c1c2c(ccc1)nc(N=Nc3sc4ccccc4n3)s2,421,,,,4.72162E-19,2.947000413,c1c2c(ccc1)nc(N=Nc1sc3ccccc3n1)s2
159,2,FC(F)(F)c1cc(ccc1N=Nc2sc(N3CC3)c(c2-c4ccccc4)C(OCC)=O)[N+]([O-])=O,536,,,ethanol,3.70858E-19,2.314714877,FC(F)(F)c1cc(ccc1N=Nc1c(c(C(OCC)=O)c(N2CC2)s1)-c1ccccc1)[N+](=O)[O-]
203,2,N(CCCOC)C1=C(C(=C(C#N)C(N1CC)=O)C)N=Nc2c(c(ccc2)C)C,399,,,ethanol,4.98195E-19,3.109491664,C1(=C(N(C(C(=C1C)C#N)=O)CC)NCCCOC)N=Nc1c(C)c(C)ccc1
225,2,O=S(=O)(OCCNc1c(c(c(N=Nc2c(C#N)cc([N+](=O)[O-])cc2Br)s1)C)C#N)C,584,,,ethanol,3.40377E-19,2.124464339,O=S(=O)(OCCNc1c(c(c(N=Nc2c(C#N)cc([N+](=O)[O-])cc2Br)s1)C)C#N)C
226,2,O=S(=O)(OCCNc1c(cc(N=Nc2c(cc(cc2C#N)[N+](=O)[O-]))s1)C#N)C,592,,,ethanol,3.35777E-19,2.095755361,O=S(=O)(OCCNc1sc(N=Nc2c(cc(cc2)[N+](=O)[O-])C#N)cc1C#N)C
57,1,C1CCc2cc(cc3CCCN1c23)N=Nc4ccc(cc4)F,450,,,ethanol,4.41733E-19,2.757082608,C1CCc2cc(cc3CCCN1c23)N=Nc1ccc(cc1)F
788,4,c1ccccc1N=Nc2sccc2,359,25416,4.405107202,acetonitrile,5.53705E-19,3.45595313,c1ccccc1N=Nc1sccc1
281,5,c1(c(cccc1)F)N=Nc2c(cccc2)F,325,39591.6292,4.597603373,acetonitrile,6.11631E-19,3.817498996,c1(c(cccc1)F)N=Nc1c(cccc1)F
344,3,c1c(cc(cc1)N=Nc2c(noc2C)C)N,315,,,acetonitrile,6.31048E-19,3.938689441,c1c(cc(cc1)N=Nc1c(noc1C)C)N
630,5,c1cc(ccc1N=Nc2ccccc2)Nc3ccccc3,411,,,,4.8365E-19,3.018703586,c1cc(ccc1N=Nc1ccccc1)Nc1ccccc1
731,2,c1ccccc1-c2c(c(NCCBr)sc2N=Nc3c(cc(cc3)[N+]([O-])=O)C#N)C(OCC)=O,548,,,ethanol,3.62737E-19,2.264027689,c1ccccc1-c1c(c(NCCBr)sc1N=Nc1c(cc(cc1)[N+](=O)[O-])C#N)C(OCC)=O
415,1,c1cc(ccc1C#N)N=Nc2cc3CCCN(CCC#N)c3cc2,450,,,ethanol,4.41733E-19,2.757082608,c1cc(ccc1C#N)N=Nc1cc2CCCN(CCC#N)c2cc1
400,5,c1cc(ccc1)N=Nc2nn(cn2)C,310,1823684.211,6.260949638,acetonitrile,6.41226E-19,4.00221669,c1cc(ccc1)N=Nc1nn(cn1)C
781,4,c1ccccc1N=Nc2n(C)cnc2,362,561600,5.749427099,acetonitrile,5.49116E-19,3.427312635,c1ccccc1N=Nc1n(C)cnc1
51,4,C1CCN(C1)c2c(cccc2)N=Nc3c(C)n(nc3C)C,322,29880,4.475380593,dimethyl sulfoxide,6.17329E-19,3.853065757,C1CCN(C1)c1c(cccc1)N=Nc1c(C)n(nc1C)C
382,5,c1cc(ccc1)N=Nc2ccc(cc2)N(CCC#N)C,396,,,,5.0197E-19,3.133048419,c1cc(ccc1)N=Nc1ccc(cc1)N(CCC#N)C
534,2,c1cc(ccc1N=Nc2ccccc2)N(C)C,408,,,ethanol,4.87206E-19,3.040899936,c1cc(ccc1)N=Nc1ccc(cc1)N(C)C
98,5,CCN(CC)c1ccc(cc1)N=Nc2c(cc([N+]([O-])=O)cc2Br)[N+]([O-])=O,540,,,,3.68111E-19,2.29756884,CCN(CC)c1ccc(cc1)N=Nc1c(cc([N+]([O-])=O)cc1Br)[N+]([O-])=O
529,5,c1cc(ccc1N=Nc2c(CCO)cccc2)NCCC#N,399,,,,4.98195E-19,3.109491664,c1cc(ccc1N=Nc1c(CCO)cccc1)NCCC#N
684,5,c1cc(ccc1[N+](=O)[O-])N=Nc2ccc(cc2)N(CCC#N)C,448,,,,4.43705E-19,2.769391013,c1cc(ccc1[N+](=O)[O-])N=Nc1ccc(cc1)N(CCC#N)C
759,1,c1ccccc1N=Nc2ccc(N(C)C)cc2C,460,,,ethanol,4.3213E-19,2.69714603,c1ccccc1N=Nc1ccc(N(C)C)cc1C
594,5,c1cc(ccc1N=Nc2ccc(cc2)Cl)Cl,331,,,,6.00544E-19,3.748299619,c1cc(ccc1N=Nc1ccc(cc1)Cl)Cl
426,2,c1cc(ccc1C(=O)C)N=Nc2ccc(cc2)N(CCO)CCO,448,,,ethanol,4.43705E-19,2.769391013,c1cc(ccc1C(=O)C)N=Nc1ccc(cc1)N(CCO)CCO
138,2,FC(F)(F)C(F)(F)C(F)(F)C(F)(F)C(F)(F)C(F)(F)c1ccc(cc1)N=Nc2ccc(cc2)N(CC)CC,444,,,ethanol,4.47703E-19,2.794340482,FC(F)(F)C(F)(F)C(F)(F)C(F)(F)C(F)(F)C(F)(F)c1ccc(cc1)N=Nc1ccc(cc1)N(CC)CC
200,5,N(=Nc1cc(C)ccc1C)c2cc(C)ccc2C,336,,,,5.91607E-19,3.692521351,N(=Nc1cc(C)ccc1C)c1cc(C)ccc1C
714,2,c1ccc2c(c(N=Nc3c4ccccc4ccc3O)ccc2)n1,502,,,ethanol,3.95976E-19,2.471488394,c1ccc2c(c(N=Nc3c4ccccc4ccc3O)ccc2)n1
619,1,c1cc(ccc1N=Nc2ccc(cc2C)N(C)C)N,409,,,ethanol,4.86015E-19,3.033464973,c1cc(ccc1N=Nc1ccc(cc1C)N(C)C)N
606,1,c1cc(ccc1N=Nc2ccc(cc2)N(CCCl)CCCl)Cl,405,,,ethanol,4.90815E-19,3.063425121,c1cc(ccc1N=Nc1ccc(cc1)N(CCCl)CCCl)Cl
4,5,C(C)N(CC)c1c(OC)cc(N=Nc2ccc([N+]([O-])=O)cc2C#N)cc1,555,,,,3.58162E-19,2.235472385,C(C)N(CC)c1c(OC)cc(N=Nc2ccc([N+]([O-])=O)cc2C#N)cc1
166,2,FC(F)(F)c1ccc(cc1)N=Nc2ccc(cc2)N(C)C,427,,,ethanol,4.65527E-19,2.905590571,FC(F)(F)c1ccc(cc1)N=Nc1ccc(cc1)N(C)C
59,1,C1CCc2cc(cc3CCCN1c23)N=Nc4ccc(cc4)OC,452,,,ethanol,4.39779E-19,2.744883128,C1CCc2cc(cc3CCCN1c23)N=Nc1ccc(cc1)OC
120,5,Cc1c(Cl)cccc1N=Nc2cccc(c2C)Cl,329,,,,6.04195E-19,3.771085635,Cc1c(Cl)cccc1N=Nc1cccc(c1C)Cl
303,2,c1(cccc([N+]([O-])=O)c1)Cc2cnc(N=Nc3c4ccccc4ccc3O)s2,491,,,ethanol,4.04847E-19,2.526857788,c1(cccc([N+]([O-])=O)c1)Cc1cnc(N=Nc2c3ccccc3ccc2O)s1
404,2,c1cc(ccc1-n2nc(c(N=Nc3c(O)n(nc3C)-c4ccc(c(Cl)c4Cl)S(=O)(=O)O)c2O)C)S(=O)(=O)O,440,,,ethanol,4.51773E-19,2.819743577,c1cc(ccc1N1C(C(C(C)=N1)N=NC1C(=O)N(N=C1C)c1c(c(Cl)c(S(=O)(=O)O)cc1)Cl)=O)S(=O)(=O)O
375,4,c1cc(ccc1)N=Nc2cc(n(C)c2C)C,363,319680,5.504715467,acetonitrile,5.47603E-19,3.417871002,c1cc(ccc1)N=Nc1cc(n(C)c1C)C
314,5,c12ccccc1c(N=Nc3nnc(s3)CC)c(C)n2C,432,,,,4.60139E-19,2.871961051,c12ccccc1c(N=Nc1nnc(s1)CC)c(C)n2C
100,1,CCN(CC)c1ccc(cc1)N=Nc2ccc(C#N)cc2C#N,514,,,ethanol,3.86732E-19,2.413788276,CCN(CC)c1ccc(cc1)N=Nc1ccc(C#N)cc1C#N
106,2,CN(C)CCCNc1c(C(OCC)=O)nc(s1)N=Nc2nc(C(=O)OCC)cs2,536,,,ethanol,3.70858E-19,2.314714877,CN(C)CCCNc1c(C(OCC)=O)nc(s1)N=Nc1nc(C(=O)OCC)cs1
497,2,c1cc(ccc1N(CC)CC)N=Nc2ccc(cc2)C(C)=O,462,,,ethanol,4.3026E-19,2.685470073,C(C)N(CC)c1ccc(cc1)N=Nc1ccc(cc1)C(=O)C
211,2,O=C1c2c3c(c(N=Nc4c5c(cc(c4O)O)cccc5)cc2)cccc3C(=O)N1CCCCCCCCCC,510,,,ethanol,3.89765E-19,2.432719949,O=C1c2c3c(c(N=Nc4c5c(cc(c4O)O)cccc5)cc2)cccc3C(=O)N1CCCCCCCCCC
562,5,c1cc(ccc1N=Nc2cc(C)ccc2O)NC(C)=O,357,,,,5.56807E-19,3.475314212,c1cc(ccc1N=Nc1cc(C)ccc1O)NC(C)=O
161,1,FC(F)(F)c1cc(ccc1)N=Nc2c(C)cc(cc2)N(CCC#N)CCO,418,,,ethanol,4.7555E-19,2.968151134,FC(F)(F)c1cc(ccc1)N=Nc1c(C)cc(cc1)N(CCC#N)CCO
47,5,C1CCCN1c2ccc(N=Nc3ccc(N4CCCC4)c(C)c3)cc2C,406,,,,4.89606E-19,3.055879738,C1CCCN1c1ccc(N=Nc2ccc(N3CCCC3)c(C)c2)cc1C
616,5,c1cc(ccc1N=Nc2ccc(cc2)[N+](=O)[O-])NC,464,,,,4.28405E-19,2.673894771,c1cc(ccc1N=Nc1ccc(cc1)[N+](=O)[O-])NC
295,1,c1(cc(ccc1N=Nc2cc(C)ccc2)NCCC#N)C,400,,,ethanol,4.9695E-19,3.101717935,c1(cc(ccc1N=Nc1cc(C)ccc1)NCCC#N)C
134,4,Clc1cc(cc(Cl)c1N=Nc2c(Cl)cccc2Cl)N(C)C,400,60480,4.781611782,dimethyl sulfoxide,4.9695E-19,3.101717935,Clc1cc(cc(Cl)c1N=Nc1c(Cl)cccc1Cl)N(C)C
345,5,c1c(ccc(C)c1C)N=Nc2cc(c(C)cc2)C,333,,,,5.96937E-19,3.725787309,c1c(ccc(C)c1C)N=Nc1cc(c(C)cc1)C
340,2,c1c([N+]([O-])=O)cc(OC)c(c1)N=NC=2C(=C(C(=O)N(CC)C=2O)C#N)C,452,,,ethanol,4.39779E-19,2.744883128,c1c([N+]([O-])=O)cc(OC)c(N=NC2C(C)=C(C(=O)N(CC)C2=O)C#N)c1
363,2,c1cc(ccc1)-c2c(sc(N3CC3)c2C(=O)OCC)N=Nc4c([N+](=O)[O-])cc(cc4Br)[N+]([O-])=O,586,,,ethanol,3.39215E-19,2.117213607,c1cc(ccc1)-c1c(sc(N2CC2)c1C(=O)OCC)N=Nc1c([N+](=O)[O-])cc(cc1Br)[N+]([O-])=O
172,1,FC(F)(F)c1ccc(cc1)N=Nc2cc3c4N(CCc4c2)CCC3,461,,,ethanol,4.31193E-19,2.691295388,FC(F)(F)c1ccc(cc1)N=Nc1cc2c3N(CCc3c1)CCC2
214,2,O=S(=O)(C)OCCNc1c(C#N)cc(N=Nc2c(cc(cc2Cl)[N+](=O)[O-]))s1,606,,,ethanol,3.2802E-19,2.047338571,O=S(=O)(C)OCCNc1c(C#N)cc(N=Nc2ccc([N+]([O-])=O)cc2Cl)s1
300,5,c1(ccc(c(c1)OC)N=Nc2c(cc(cc2)NC(=O)C)OC)NC(=O)C,338,6838.548096,3.834963906,dimethyl sulfoxide,5.88107E-19,3.670672112,c1(ccc(c(c1)OC)N=Nc1c(cc(cc1)NC(=O)C)OC)NC(=O)C
665,1,c1cc(ccc1O)N=Nc2ccc(cc2)NC(=O)C,368,,,ethanol,5.40163E-19,3.371432538,c1cc(ccc1O)N=Nc1ccc(cc1)NC(=O)C
590,5,c1cc(ccc1N=Nc2ccc(cc2)C(=O)OC)N(C)C,442,,,,4.49729E-19,2.806984556,c1cc(ccc1N=Nc1ccc(cc1)C(=O)OC)N(C)C
509,5,c1cc(ccc1N2CCOCC2)N=Nc3ccc(cc3)N(CC)CC,417,,,,4.76691E-19,2.975269002,c1cc(ccc1N1CCOCC1)N=Nc1ccc(cc1)N(CC)CC
262,3,c1(c(N=Nc2cc(F)ccc2F)c(C)on1)C,328,,,acetonitrile,6.06037E-19,3.782582847,c1(c(N=Nc2cc(F)ccc2F)c(C)on1)C
201,2,N(=Nc1scnn1)c2c3ccccc3ccc2O,477,,,ethanol,4.1673E-19,2.601021329,N(=Nc1scnn1)c1c2ccccc2ccc1O
204,5,N(c1ccccc1OC)=Nc2c(C)[nH]nc2C,350,666.3461538,2.823699895,acetonitrile,5.67943E-19,3.544820497,N(c1ccccc1OC)=Nc1c(C)[nH]nc1C
625,1,c1cc(ccc1N=Nc2cccc(Br)c2)N(C)C,421,,,ethanol,4.72162E-19,2.947000413,c1cc(ccc1N=Nc1cccc(Br)c1)N(C)C
490,5,c1cc(ccc1N(CC)CC)N=Nc2c(cc(cc2C#N)[N+]([O-])=O)C#N,592,,,,3.35777E-19,2.095755361,c1cc(ccc1N(CC)CC)N=Nc1c(cc(cc1C#N)[N+]([O-])=O)C#N
571,1,c1cc(ccc1N=Nc2cc3c4N(CC3)CCCc4c2)C,422,,,ethanol,4.71043E-19,2.940017,c1cc(ccc1N=Nc1cc2c3N(CC2)CCCc3c1)C
683,2,c1cc(ccc1[N+](=O)[O-])N=Nc2ccc(cc2)N(CC)CCOC(=O)CCOCCNc3ccccc3,473,,,ethanol,4.20254E-19,2.623017281,c1cc(ccc1[N+](=O)[O-])N=Nc1ccc(cc1)N(CC)CCOC(=O)CCOCCNc1ccccc1
737,2,c1ccccc1-c2c(sc(c2)NCCBr)N=Nc3c(cc([N+]([O-])=O)cc3[N+](=O)[O-])Br,567,,,ethanol,3.50582E-19,2.1881608,c1ccccc1-c1cc(sc1N=Nc1c(Br)cc(cc1[N+](=O)[O-])[N+]([O-])=O)NCCBr
260,2,c1(c(F)c(c(c(F)c1N=Nc2ccc(cc2)N(C)C)F)NCCN)F,425,,,ethanol,4.67718E-19,2.919263938,c1(c(F)c(c(c(F)c1N=Nc1ccc(cc1)N(C)C)F)NCCN)F
234,5,[N+](c1c(cccc1)N=Nc2ccc(cc2C)N(CCO)CCC#N)(=O)[O-],429,,,,4.63357E-19,2.892044694,[N+](c1c(cccc1)N=Nc1ccc(cc1C)N(CCO)CCC#N)(=O)[O-]
238,5,c1(C)cc(cc(C)c1)N=Nc2ccc(cc2)O,351,,,,5.66325E-19,3.534721293,c1(C)cc(cc(C)c1)N=Nc1ccc(cc1)O
485,2,c1cc(ccc1N(CC)CC)N=Nc2ccccc2,416,,,ethanol,4.77837E-19,2.982421091,C(C)N(CC)c1ccc(cc1)N=Nc1ccccc1
764,1,c1ccccc1N=Nc2ccc(c(C)c2)O,354,,,ethanol,5.61525E-19,3.504766028,c1ccccc1N=Nc1ccc(c(C)c1)O
726,2,c1ccccc1-c2c(c(NCCBr)sc2N=Nc3c(Cl)cc(cc3)[N+](=O)[O-])C(OCC)=O,524,,,ethanol,3.79351E-19,2.367723614,c1ccccc1-c1c(N=Nc2ccc(cc2Cl)[N+]([O-])=O)sc(NCCBr)c1C(OCC)=O
341,5,c1c([N+]([O-])=O)cc2c(nc(N=Nc3cc(ccc3)Cl)s2)c1,334,,,,5.9515E-19,3.714632257,c1c([N+]([O-])=O)cc2c(nc(N=Nc3cc(ccc3)Cl)s2)c1
17,1,C(C)N(CC)c1ccc(cc1)N=Nc2ccc(cc2)C(=O)C,462,,,ethanol,4.3026E-19,2.685470073,C(C)N(CC)c1ccc(cc1)N=Nc1ccc(cc1)C(=O)C
531,2,c1cc(ccc1N=Nc2c(F)c(F)c3Sc4c(Nc3c2F)cccc4)N(C)C,477,,,ethanol,4.1673E-19,2.601021329,c1cc(ccc1N=Nc1c(F)c(F)c2Sc3c(Nc2c1F)cccc3)N(C)C
93,2,CCN(CC)c1cc(c(N=Nc2cc(C(OC)=O)c(cc2C(OC)=O)[N+](=O)[O-])cc1)NC(C)=O,528,,,ethanol,3.76477E-19,2.349786314,CCN(CC)c1ccc(c(c1)NC(=O)C)N=Nc1cc(c(cc1C(=O)OC)[N+](=O)[O-])C(=O)OC
145,5,FC(F)(F)c1c(cccc1)N=Nc2c([nH]nc2C)C,335,2.112804878,0.324859391,acetonitrile,5.93373E-19,3.703543802,FC(F)(F)c1c(cccc1)N=Nc1c([nH]nc1C)C
745,5,c1ccccc1N=Nc2c(C(C)C)ccnc2,323,1137357.687,6.055897067,toluene,6.15418E-19,3.841136761,c1ccccc1N=Nc1c(C(C)C)ccnc1
18,5,C(C)N(CC)c1ccc(cc1)N=Nc2ccc(cc2)N,412,,,,4.82476E-19,3.011376635,C(C)N(CC)c1ccc(cc1)N=Nc1ccc(cc1)N
99,5,CCN(CC)c1ccc(cc1)N=Nc2c(cc(cc2Cl)[N+]([O-])=O)C#N,551,,,,3.60762E-19,2.25170086,CCN(CC)c1ccc(cc1)N=Nc1c(cc(cc1Cl)[N+]([O-])=O)C#N
563,1,c1cc(ccc1N=Nc2cc(Cl)ccc2)N(CCCl)CCCl,406,,,ethanol,4.89606E-19,3.055879738,c1cc(ccc1N=Nc1cc(Cl)ccc1)N(CCCl)CCCl
732,2,c1ccccc1-c2c(c(NCCBr)sc2N=Nc3c(cc(cc3)[N+]([O-])=O))C(OCC)=O,502,,,ethanol,3.95976E-19,2.471488394,c1cc(ccc1[N+]([O-])=O)N=Nc1sc(c(c1-c1ccccc1)C(OCC)=O)NCCBr
288,1,c1(cc(N(CCO)CCC#N)ccc1N=Nc2cccc(F)c2)C,415,,,ethanol,4.78988E-19,2.989607648,c1(cc(N(CCO)CCC#N)ccc1N=Nc1cccc(F)c1)C
347,4,c1c(cccc1Cl)N=Nc2c(C)n[nH]c2C,336,3636,3.560623875,acetonitrile,5.91607E-19,3.692521351,c1c(cccc1Cl)N=Nc1c(C)n[nH]c1C
169,3,FC(F)(F)c1ccc(cc1)N=Nc2c(noc2C)C,312,,,acetonitrile,6.37115E-19,3.976561455,FC(F)(F)c1ccc(cc1)N=Nc1c(noc1C)C
755,4,c1ccccc1N=Nc2c(n[nH]c2C)C,330,31644,4.500291376,acetonitrile,6.02364E-19,3.759658102,c1ccccc1N=Nc1c(n[nH]c1C)C
797,3,c1cnc(N=Nc2ccccc2NC)s1,508,,,acetonitrile,3.91299E-19,2.442297586,c1cnc(N=Nc2ccccc2NC)s1
735,2,c1ccccc1-c2c(sc(N3CC3)c2)N=Nc4c(cc(cc4)[N+]([O-])=O)C#N,588,,,ethanol,3.38061E-19,2.1100122,c1cc(ccc1)-c1c(sc(c1)N1CC1)N=Nc1ccc(cc1C#N)[N+](=O)[O-]
481,5,c1cc(ccc1N(C)C)N=Nc2ccccc2C(O)=O,410,,,,4.84829E-19,3.026066278,c1cc(ccc1N(C)C)N=Nc1ccccc1C(O)=O
23,5,C(C)N(CC)c1ccc(cc1OC)N=Nc2ccc([N+](=O)[O-])cc2[N+](=O)[O-],540,,,,3.68111E-19,2.29756884,C(C)N(CC)c1ccc(cc1OC)N=Nc1ccc([N+](=O)[O-])cc1[N+](=O)[O-]
373,1,c1cc(ccc1)N=Nc2c(OC)cc(OC)cc2,362,,,ethanol,5.49116E-19,3.427312635,c1cc(ccc1)N=Nc1c(OC)cc(OC)cc1
456,1,c1cc(ccc1Cl)N=Nc2ccc(NCCC#N)cc2C,404,,,ethanol,4.9203E-19,3.071007856,c1cc(ccc1Cl)N=Nc1ccc(NCCC#N)cc1C
530,1,c1cc(ccc1N=Nc2c(Cl)ccc(c2)Br)O,370,,,ethanol,5.37243E-19,3.353208578,c1cc(ccc1N=Nc1c(Cl)ccc(c1)Br)O
796,4,c1cnc(N=Nc2ccccc2N)s1,482,45,1.653212514,acetonitrile,4.12407E-19,2.57403978,c1cnc(N=Nc2ccccc2N)s1
598,5,c1cc(ccc1N=Nc2ccc(cc2)F)NCCC#N,398,,,,4.99447E-19,3.117304457,c1cc(ccc1N=Nc1ccc(cc1)F)NCCC#N
309,2,c1(scc(C)n1)N=NC=2C(=C(C(=O)N(CC)C=2O)C#N)C,466,,,ethanol,4.26567E-19,2.662418828,C1(N=Nc2scc(C)n2)C(C)=C(C(=O)N(CC)C1=O)C#N
306,1,c1(ccccc1N=Nc2ccc(cc2C)N(CCO)CCC#N)C,405,,,ethanol,4.90815E-19,3.063425121,c1(ccccc1N=Nc1ccc(cc1C)N(CCO)CCC#N)C
366,2,c1cc(ccc1)-c2c(sc(N3CC3)c2C(OCC)=O)N=Nc4c(cc(cc4)[N+]([O-])=O)C#N,576,,,ethanol,3.45104E-19,2.153970788,c1cc(ccc1)-c1c(C(OCC)=O)c(N2CC2)sc1N=Nc1c(cc(cc1)[N+](=O)[O-])C#N
600,1,c1cc(ccc1N=Nc2ccc(cc2)N(C)C)N(C)C,457,,,methanol,4.34967E-19,2.714851584,c1cc(ccc1N=Nc1ccc(cc1)N(C)C)N(C)C
535,2,c1cc(ccc1N=Nc2ccc([N+](=O)[O-])cc2)N(C)C,478,,,ethanol,4.15858E-19,2.595579862,c1cc(ccc1N=Nc1ccc(cc1)N(C)C)[N+](=O)[O-]
589,2,c1cc(ccc1N=Nc2ccc(cc2)C(=O)NCC(=O)O)N(CCO)CCO,431,,,ethanol,4.61206E-19,2.878624533,c1cc(ccc1N=Nc1ccc(cc1)C(=O)NCC(=O)O)N(CCO)CCO
207,1,O(C)c1cc(c(cc1)OC)N=Nc2cc(OC)ccc2OC,411,,,ethanol,4.8365E-19,3.018703586,O(C)c1cc(c(cc1)OC)N=Nc1cc(OC)ccc1OC
354,1,c1cc(N=Nc2ccccc2OC)c(cc1N(CCO)CCC#N)C,409,,,ethanol,4.86015E-19,3.033464973,c1cc(N=Nc2ccccc2OC)c(cc1N(CCO)CCC#N)C
83,5,CC(C)(C)c1ccc(cc1)N=NC2=CN(CCC)C(=O)NC2=O,375,701850.3327,5.84624451,toluene,5.3008E-19,3.30849913,CC(C)(C)c1ccc(cc1)N=NC1=CN(CCC)C(=O)NC1=O
278,5,c1(c(ccc(C)c1)O)N=Nc2cc([N+]([O-])=O)cc([N+](=O)[O-])c2O,400,,,,4.9695E-19,3.101717935,c1(c(ccc(C)c1)O)N=Nc1cc([N+]([O-])=O)cc([N+](=O)[O-])c1O
712,5,c1ccc(c(c1)C)N=Nc2c(cccc2)C,331,,,,6.00544E-19,3.748299619,c1ccc(c(c1)C)N=Nc1c(cccc1)C
493,5,c1cc(ccc1N(CC)CC)N=Nc2cc(c(N3CCOCC3)cc2)C,412,,,,4.82476E-19,3.011376635,c1cc(ccc1N(CC)CC)N=Nc1cc(c(N2CCOCC2)cc1)C
364,2,c1cc(ccc1)-c2c(sc(N3CC3)c2C(OCC)=O)N=Nc4ccc(cc4)C#N,485,,,ethanol,4.09856E-19,2.558117884,c1cc(ccc1)-c1c(C(OCC)=O)c(N2CC2)sc1N=Nc1ccc(cc1)C#N
478,1,c1cc(ccc1N(C)C)N=Nc2ccc(cc2)F,407,,,ethanol,4.88403E-19,3.048371434,c1cc(ccc1N(C)C)N=Nc1ccc(cc1)F
132,1,ClCCN(CCCl)c1ccc(cc1)N=Nc2c(OC)cccc2,405,,,ethanol,4.90815E-19,3.063425121,ClCCN(CCCl)c1ccc(cc1)N=Nc1c(OC)cccc1
298,1,c1(cc(ccc1N=Nc2cccc(F)c2)NCCC#N)C,406,,,ethanol,4.89606E-19,3.055879738,c1(cc(ccc1N=Nc1cccc(F)c1)NCCC#N)C
550,4,c1cc(ccc1N=Nc2c(n[nH]c2C)C)OC,342,72684,4.86143882,acetonitrile,5.81228E-19,3.627740274,c1cc(ccc1N=Nc1c(n[nH]c1C)C)OC
775,5,c1ccccc1N=Nc2cccc(c2)Br,321,,,,6.19252E-19,3.865069077,c1ccccc1N=Nc1cccc(c1)Br
369,2,c1cc(ccc1)N=NC2=C(N(C)C(N(C)C2=O)=O)N,361,,,ethanol,5.50637E-19,3.436806576,c1cc(ccc1)N=NC1=C(N(C)C(N(C)C1=O)=O)N
457,1,c1cc(ccc1Cl)N=Nc2ccc(O)cc2O,387,,,ethanol,5.13643E-19,3.20591001,c1cc(ccc1Cl)N=Nc1ccc(O)cc1O
552,3,c1cc(ccc1N=Nc2c(noc2C)C)Cl,323,,,acetonitrile,6.15418E-19,3.841136761,c1cc(ccc1N=Nc1c(noc1C)C)Cl
581,5,c1cc(ccc1N=Nc2ccc(c3ncccc23)O)NC(C)=O,390,,,,5.09692E-19,3.181249164,c1cc(ccc1N=Nc1ccc(c2ncccc12)O)NC(C)=O
90,2,CCN(CC)OOSc1cc(N=NC2=C(O)N(C(=O)C(C#N)=C2C)CC)c(cc1)OC,440,,,ethanol,4.51773E-19,2.819743577,CCN(CC)OOSc1ccc(c(c1)N=NC1C(N(CC)C(=O)C(C#N)=C1C)=O)OC
319,5,c1c(C)cc(cc1N=Nc2c(O)cccc2)C,332,,,,5.98735E-19,3.73700956,c1c(C)cc(cc1N=Nc1c(O)cccc1)C
453,5,c1cc(ccc1Cl)-c2nc(N=Nc3c4cccnc4c(O)cc3)sc2,456,,,,4.35921E-19,2.720805206,c1cc(ccc1Cl)-c1nc(N=Nc2c3cccnc3c(O)cc2)sc1
91,4,CCN(CC)c1c(N=Nc2c(N(CC)CC)cc(cc2)NC(CCl)=O)ccc(NC(CCl)=O)c1,488,4.68,0.670245853,water,4.07336E-19,2.54239175,CCN(CC)c1c(N=Nc2c(N(CC)CC)cc(cc2)NC(CCl)=O)ccc(NC(CCl)=O)c1
741,4,c1ccccc1-c2noc(-c3ccccc3)c2N=Nc4c(N5CCCC5)cccc4,332,33840,4.529430354,dimethyl sulfoxide,5.98735E-19,3.73700956,c1ccccc1-c1noc(-c2ccccc2)c1N=Nc1c(N2CCCC2)cccc1
252,5,c1(F)cccc(F)c1N=Nc2cn(nc2)C,316,1443750000,9.159491997,dimethyl sulfoxide,6.29051E-19,3.926225234,c1(F)cccc(F)c1N=Nc1cn(nc1)C
271,2,c1(c(OC)ccc(c1)C)N=NC=2C(=C(C(=O)N(CC)C=2O)C#N)C,459,,,ethanol,4.33072E-19,2.703022165,C1(N=Nc2c(OC)ccc(c2)C)C(C)=C(C(=O)N(CC)C1=O)C#N
749,4,c1ccccc1N=Nc2c(C)nn(c2C)C,335,864000,5.936513742,acetonitrile,5.93373E-19,3.703543802,c1ccccc1N=Nc1c(C)nn(c1C)C
208,5,O=C(O)c1cccc(c1)N=Nc2c(C)n[nH]c2C,332,22.79605263,1.357859651,acetonitrile,5.98735E-19,3.73700956,O=C(O)c1cccc(c1)N=Nc1c(C)n[nH]c1C
338,2,c1cc(c(cc1Br))N=Nc2sc(c(C(OCC)=O)c2-c3ccccc3)NCCBr,459,,,ethanol,4.33072E-19,2.703022165,c1ccccc1-c1c(c(NCCBr)sc1N=Nc1ccc(cc1)Br)C(OCC)=O
498,1,c1cc(ccc1N(CC)CCC#N)N=Nc2c(Cl)cccc2Cl,396,,,methanol,5.0197E-19,3.133048419,c1cc(ccc1N(CC)CCC#N)N=Nc1c(Cl)cccc1Cl
486,2,c1cc(ccc1N(CC)CC)N=Nc2ccc([N+](=O)[O-])cc2,489,,,ethanol,4.06503E-19,2.537192585,C(C)N(CC)c1ccc(cc1)N=Nc1ccc(cc1)[N+](=O)[O-]
608,2,c1cc(ccc1N=Nc2ccc(cc2)N(CCO)CCO)NC(=O)C,417,,,ethanol,4.76691E-19,2.975269002,c1cc(ccc1N=Nc1ccc(cc1)N(CCO)CCO)NC(=O)C
458,5,c1cc(ccc1Cl)N=Nc2ccc(cc2)NCCC#N,404,,,,4.9203E-19,3.071007856,c1cc(ccc1Cl)N=Nc1ccc(cc1)NCCC#N
86,2,CC(C)OCCCN1C(=O)C(=C(C)C(N=Nc2cccc(C)c2C)=C1NCCCOC)C#N,400,,,ethanol,4.9695E-19,3.101717935,CC(C)OCCCN1C(NCCCOC)=C(N=Nc2c(C)c(ccc2)C)C(C)=C(C#N)C1=O
539,4,c1cc(ccc1N=Nc2c(cc(OC)cc2)F)OC,357,150480,5.177478783,acetonitrile,5.56807E-19,3.475314212,c1cc(ccc1N=Nc1c(cc(OC)cc1)F)OC
65,4,C1CN(CCN1c2c(ccc(NC(=O)CCl)c2)N=Nc3c(cc(NC(=O)CCl)cc3)N4CCN(CC4)C)C,437,298.8,2.475380593,water,4.54874E-19,2.839101084,C1CN(CCN1c1c(ccc(NC(=O)CCl)c1)N=Nc1c(cc(NC(=O)CCl)cc1)N1CCN(CC1)C)C
101,5,CCN(CC)c1ccc(cc1)N=Nc2ccc([N+]([O-])=O)cc2C#N,542,,,,3.66753E-19,2.289090727,CCN(CC)c1ccc(cc1)N=Nc1ccc([N+]([O-])=O)cc1C#N
585,1,c1cc(ccc1N=Nc2ccc(cc2)Br)N(C)C,419,,,ethanol,4.74415E-19,2.961067241,c1cc(ccc1N=Nc1ccc(cc1)Br)N(C)C
643,5,c1cc(ccc1NC(C)=O)N=Nc2c(n[nH]c2C)C,350,481.25,2.682370743,acetonitrile,5.67943E-19,3.544820497,c1cc(ccc1NC(C)=O)N=Nc1c(n[nH]c1C)C
114,1,CN(C)c1ccc(c(c1)C)N=Nc2cccc(c2)C(=O)C,424,,,ethanol,4.68821E-19,2.926148995,CN(C)c1ccc(c(c1)C)N=Nc1cccc(c1)C(=O)C
742,2,c1ccccc1N2C(=C(N=Nc3ccc(cc3)C4NC(=O)NC(C)=C4C(OCC)=O)C(C)=C(C#N)C2=O)O,443,,,ethanol,4.48713E-19,2.800648248,c1cc(ccc1C1NC(=O)NC(C)=C1C(OCC)=O)N=NC1C(=O)N(C(C(=C1C)C#N)=O)c1ccccc1
438,2,c1cc(ccc1C(OC)=O)N=NC=2C(C)=C(C(N(CC)C=2NCCCOC)=O)C#N,439,,,ethanol,4.52802E-19,2.826166683,c1cc(ccc1C(OC)=O)N=NC=1C(C)=C(C(N(CC)C=1NCCCOC)=O)C#N
280,3,c1(c(ccc(F)c1)N=Nc2c(noc2C)C)F,324,,,acetonitrile,6.13519E-19,3.829281401,c1(c(ccc(F)c1)N=Nc1c(noc1C)C)F
130,3,Cc1noc(c1N=Nc2ccccc2OC)C,311,,,acetonitrile,6.39164E-19,3.989347826,Cc1noc(c1N=Nc1ccccc1OC)C
273,5,c1(c(c(C)[nH]n1)N=Nc2cc(C)ccc2)C,331,348.241206,2.541880158,acetonitrile,6.00544E-19,3.748299619,c1(c(c(C)[nH]n1)N=Nc1cc(C)ccc1)C
416,1,c1cc(ccc1C#N)N=Nc2ccc(NCCC#N)cc2C,428,,,ethanol,4.64439E-19,2.898801808,c1cc(ccc1C#N)N=Nc1ccc(NCCC#N)cc1C
113,5,CN(C)c1ccc(c(C)c1)N=Nc2ccccc2C,400,,,,4.9695E-19,3.101717935,CN(C)c1ccc(c(C)c1)N=Nc1ccccc1C
325,5,c1c(F)c(c(cc1F)F)N=Nc2c(cc(cc2F)F)F,309,72187.5,4.858462002,acetonitrile,6.43301E-19,4.015168847,c1c(F)c(c(cc1F)F)N=Nc1c(cc(cc1F)F)F
180,4,FC(F)(F)c1ccc(cc1)N=Nc2sc(C)cc2,375,28764,4.45884928,acetonitrile,5.3008E-19,3.30849913,FC(F)(F)c1ccc(cc1)N=Nc1sc(C)cc1
165,1,FC(F)(F)c1ccc(c(N=Nc2ccc(cc2)N(C)C)c1)C(F)(F)F,450,,,ethanol,4.41733E-19,2.757082608,FC(F)(F)c1ccc(c(N=Nc2ccc(cc2)N(C)C)c1)C(F)(F)F
582,5,c1cc(ccc1N=Nc2ccc(c3ncccc23)O)OCC,388,,,,5.1232E-19,3.197647355,c1cc(ccc1N=Nc1ccc(c2ncccc12)O)OCC
355,5,c1cc([N+](=O)[O-])c(cc1)N=Nc2c(cccc2)[N+](=O)[O-],323,,,,6.15418E-19,3.841136761,c1cc([N+](=O)[O-])c(cc1)N=Nc1c(cccc1)[N+](=O)[O-]
413,1,c1cc(ccc1Br)N=Nc2cc3c4N(CC3)CCCc4c2,448,,,ethanol,4.43705E-19,2.769391013,c1cc(ccc1Br)N=Nc1cc2c3N(CC2)CCCc3c1
559,1,c1cc(ccc1N=Nc2cc(C#N)ccc2Cl)O,372,,,ethanol,5.34355E-19,3.335180575,c1cc(ccc1N=Nc1cc(C#N)ccc1Cl)O
305,5,c1(ccccc1N=Nc2c(cccc2)Cl)Cl,328,,,,6.06037E-19,3.782582847,c1(ccccc1N=Nc1c(cccc1)Cl)Cl
235,2,[N+](c1ccc(N=NC=2C(=C(C#N)C(N(CC)C=2NCCCOC)=O)C)cc1)(=O)[O-],460,,,ethanol,4.3213E-19,2.69714603,c1cc(ccc1[N+]([O-])=O)N=NC=1C(C)=C(C(N(CC)C=1NCCCOC)=O)C#N
8,2,C(C)N(CC)c1ccc(N=Nc2c(cc([N+](=O)[O-])c(C(=O)OC)c2)C(OC)=O)cc1,504,,,ethanol,3.94405E-19,2.4616809,c1cc(ccc1N=Nc1cc(C(OC)=O)c(cc1C(OC)=O)[N+]([O-])=O)N(CC)CC
501,1,c1cc(ccc1N(CCC#N)CC)N=Nc2ccc(cc2)C#N,433,,,methanol,4.59076E-19,2.865328346,c1cc(ccc1N(CCC#N)CC)N=Nc1ccc(cc1)C#N
736,2,c1ccccc1-c2c(sc(NCCBr)c2)N=Nc3c(cc(cc3)[N+]([O-])=O)C#N,564,,,ethanol,3.52447E-19,2.199799954,c1cc(ccc1)-c1cc(sc1N=Nc1ccc(cc1C#N)[N+](=O)[O-])NCCBr
806,5,n1c2c(cccc2)n(C)c1N=Nc3nc4c(cccc4)n3C,439,,,,4.52802E-19,2.826166683,n1c2c(cccc2)n(C)c1N=Nc1nc2c(cccc2)n1C
514,2,c1cc(ccc1N=NC2=C(O)N(CCO)C(C(=C2C)C#N)=O)C3NC(=O)NC(C)=C3C(OCC)=O,440,,,ethanol,4.51773E-19,2.819743577,c1cc(ccc1C1NC(=O)NC(C)=C1C(OCC)=O)N=NC1C(=C(C#N)C(N(C1=O)CCO)=O)C
365,2,c1cc(ccc1)-c2c(sc(N3CC3)c2C(OCC)=O)N=Nc4c(cc(cc4)C(C)=O),484,,,ethanol,4.10702E-19,2.563403252,c1cc(ccc1)-c1c(C(OCC)=O)c(N2CC2)sc1N=Nc1ccc(cc1)C(=O)C
651,5,c1cc(ccc1NCCC#N)N=Nc2cc(ccc2)C(C)O,396,,,,5.0197E-19,3.133048419,c1cc(ccc1NCCC#N)N=Nc1cc(ccc1)C(C)O
611,1,c1cc(ccc1N=Nc2ccc(cc2)O)N(C)C,435,,,ethanol,4.56966E-19,2.852154423,c1cc(ccc1N=Nc1ccc(cc1)O)N(C)C
522,2,c1cc(ccc1N=NC=2C(N(C)C(N(C)C=2N)=O)=O)[N+]([O-])=O,397,,,ethanol,5.00705E-19,3.125156609,c1cc(ccc1N=NC=1C(N(C)C(N(C)C=1N)=O)=O)[N+]([O-])=O
19,5,C(C)N(CC)c1ccc(cc1)N=Nc2ccc(cc2)N(C)C,420,,,,4.73286E-19,2.954017081,C(C)N(CC)c1ccc(cc1)N=Nc1ccc(cc1)N(C)C
221,2,O=S(=O)(N)c1cc(C)cc(N=Nc2c(nc(nc2O)O)O)c1OC,408,,,ethanol,4.87206E-19,3.040899936,O=S(=O)(N)c1cc(cc(N=NC2C(NC(NC2=O)=O)=O)c1OC)C
543,1,c1cc(ccc1N=Nc2c(cc(cc2)N(CCC#N)CCO)C)C#N,437,,,ethanol,4.54874E-19,2.839101084,c1cc(ccc1N=Nc1c(cc(cc1)N(CCC#N)CCO)C)C#N
3,2,C(C)N(CC)OOSc1ccc(OC)c(c1)N=Nc2c(cc(O)cc2)O,406,,,ethanol,4.89606E-19,3.055879738,C(C)N(CC)OOSc1ccc(OC)c(c1)N=Nc1c(cc(O)cc1)O
770,4,c1ccccc1N=Nc2ccc(s2)OC,393,10188,4.008088936,acetonitrile,5.05802E-19,3.156964819,c1ccccc1N=Nc1ccc(s1)OC
108,5,CN(C)c1cc(C)c(N=Nc2c(C)cc([N+](=O)[O-])cc2)cc1,452,,,,4.39779E-19,2.744883128,CN(C)c1cc(C)c(N=Nc2c(C)cc([N+](=O)[O-])cc2)cc1
78,2,CC(C)(C)c1cc(c(O)c(N=Nc2scc(-c3ccc(cc3)[N+]([O-])=O)n2)c1)C(C)(C)C,466,,,ethanol,4.26567E-19,2.662418828,CC(C)(C)c1cc(c(O)c(N=Nc2scc(-c3ccc(cc3)[N+]([O-])=O)n2)c1)C(C)(C)C
282,2,c1(c2c(ccc1)cccn2)N=Nc3c4c(c(cc3)O)nccc4,410,,,ethanol,4.84829E-19,3.026066278,c1(c2c(ccc1)cccn2)N=Nc1c2c(c(cc1)O)nccc2
423,1,c1cc(ccc1C(=O)C)N=Nc2ccc(cc2)N(C)C,447,,,ethanol,4.44698E-19,2.775586519,c1cc(ccc1C(=O)C)N=Nc1ccc(cc1)N(C)C
572,1,c1cc(ccc1N=Nc2cc3c4N(CCc4c2)CCC3)C#N,487,,,ethanol,4.08172E-19,2.547612267,c1cc(ccc1N=Nc1cc2c3N(CCc3c1)CCC2)C#N
104,5,CCc1nnc(N=Nc2c(C)[nH]c3ccccc23)s1,420,,,,4.73286E-19,2.954017081,CCc1nnc(N=Nc2c(C)[nH]c3ccccc23)s1
9,5,C(C)N(CC)c1cc(c(N=Nc2c(cc([N+]([O-])=O)cc2Cl)C#N)cc1)OC,565,,,,3.51823E-19,2.195906502,C(C)N(CC)c1cc(c(N=Nc2c(cc([N+]([O-])=O)cc2Cl)C#N)cc1)OC
750,5,c1ccccc1N=Nc2c(F)cccc2F,309,89980.83525,4.95415002,acetonitrile,6.43301E-19,4.015168847,c1ccccc1N=Nc1c(F)cccc1F
206,2,O(C)CCCNc1nc(NCCCOC)c(C#N)c(C)c1N=Nc2ccccc2C(=O)OC,437,,,ethanol,4.54874E-19,2.839101084,O(C)CCCNc1nc(NCCCOC)c(C#N)c(C)c1N=Nc1ccccc1C(=O)OC
681,2,c1cc(ccc1[N+](=O)[O-])N=Nc2ccc(cc2)N(CC)CCO,481,,,ethanol,4.13264E-19,2.579391214,c1cc(ccc1[N+](=O)[O-])N=Nc1ccc(cc1)N(CC)CCO
444,5,c1cc(ccc1C)N=Nc2ccc(c3ncccc23)O,390,,,,5.09692E-19,3.181249164,c1cc(ccc1C)N=Nc1ccc(c2ncccc12)O
414,5,c1cc(ccc1Br)N=Nc2ccccc2,329,,,,6.04195E-19,3.771085635,c1cc(ccc1Br)N=Nc1ccccc1
561,1,c1cc(ccc1N=Nc2cc(C)ccc2)O,349,,,ethanol,5.6957E-19,3.554977575,c1cc(ccc1N=Nc1cc(C)ccc1)O
279,3,c1(c(ccc(F)c1)N=Nc2c(C)n[nH]c2C)F,336,,,acetonitrile,5.91607E-19,3.692521351,c1(c(ccc(F)c1)N=Nc1c(C)n[nH]c1C)F
41,5,C1CC(CCC1C2C(C#N)C(SC2N=Nc3nc4ccc([N+]([O-])=O)cc4s3)N)OC,550,,,,3.61418E-19,2.255794861,C1CC(CCC1C1C(C#N)C(SC1N=Nc1nc2ccc([N+]([O-])=O)cc2s1)N)OC
264,3,c1(c(N=Nc2cc(ccc2)Cl)c(C)on1)C,315,,,acetonitrile,6.31048E-19,3.938689441,c1(c(N=Nc2cc(ccc2)Cl)c(C)on1)C
760,1,c1ccccc1N=Nc2ccc(N(CC(CO)O)CC)cc2C,420,,,methanol,4.73286E-19,2.954017081,c1ccccc1N=Nc1ccc(N(CC(CO)O)CC)cc1C
488,2,c1cc(ccc1N(CC)CC)N=Nc2c(cc(C#N)cc2),466,,,ethanol,4.26567E-19,2.662418828,C(C)N(CC)c1ccc(cc1)N=Nc1ccc(cc1)C#N
267,5,c1(c(N=Nc2cccc(NC(=O)C)c2)c(C)on1)C,315,,,,6.31048E-19,3.938689441,c1(c(N=Nc2cccc(NC(=O)C)c2)c(C)on1)C
371,4,c1cc(ccc1)N=Nc2c(C)n(C)c(c2C)C,345,900,2.954242509,acetonitrile,5.76174E-19,3.596194707,c1cc(ccc1)N=Nc1c(C)n(C)c(c1C)C
525,2,c1cc(ccc1N=Nc2c(C)c(C#N)c(nc2NCCCOC)NCCCOC)C(=O)OC,451,,,ethanol,4.40754E-19,2.750969343,c1cc(ccc1N=Nc1c(C)c(C#N)c(nc1NCCCOC)NCCCOC)C(=O)OC
704,5,c1cc2c(sc(N=Nc3ccccc3OC)n2)cc1[N+]([O-])=O,337,,,,5.89852E-19,3.681564314,c1cc2c(sc(N=Nc3ccccc3OC)n2)cc1[N+]([O-])=O
259,2,c1(c(F)c(c(c(F)c1F)F)N=Nc2ccc(cc2)N(C)C)F,439,,,ethanol,4.52802E-19,2.826166683,c1(c(F)c(c(c(F)c1F)F)N=Nc1ccc(cc1)N(C)C)F
465,3,c1cc(ccc1I)N=Nc2c(noc2C)C,330,,,acetonitrile,6.02364E-19,3.759658102,c1cc(ccc1I)N=Nc1c(noc1C)C
360,2,c1cc(ccc1)-c2c(N=Nc3c(cc([N+]([O-])=O)cc3[N+](=O)[O-]))sc(NCCBr)c2C(OCC)=O,538,,,ethanol,3.6948E-19,2.306109989,c1cc(ccc1)-c1c(N=Nc2ccc(cc2[N+](=O)[O-])[N+](=O)[O-])sc(NCCBr)c1C(OCC)=O
49,4,C1CCN(C1)c2c(N=Nc3c(-c4ccccc4)n(nc3-c5ccccc5)C)cccc2,326,27360,4.437116093,dimethyl sulfoxide,6.09755E-19,3.805788877,C1CCN(C1)c1c(N=Nc2c(-c3ccccc3)n(nc2-c2ccccc2)C)cccc1
77,2,CC(C)(C)c1cc(c(O)c(C(C)(C)C)c1)N=Nc2cc(ccc2OC)C,392,,,ethanol,5.07092E-19,3.165018301,CC(C)(C)c1cc(c(O)c(C(C)(C)C)c1)N=Nc1cc(ccc1OC)C
219,4,O=S(=O)(CC(=O)Nc1ccc(cc1)N=Nc2ccc(cc2)NC(CS(=O)(=O)C)=O)C,366,43200,4.635483747,water,5.43115E-19,3.389855666,O=S(=O)(CC(=O)Nc1ccc(cc1)N=Nc1ccc(cc1)NC(CS(=O)(=O)C)=O)C
131,3,Cc1noc(c1N=Nc2ccccc2[N+](=O)[O-])C,318,,,acetonitrile,6.25094E-19,3.901531993,Cc1noc(c1N=Nc1ccccc1[N+](=O)[O-])C
450,2,c1cc(ccc1C)Nc2sc(nc2C(=O)OCC)N=Nc3nc(C(=O)OCC)cs3,561,,,ethanol,3.54332E-19,2.21156359,c1cc(ccc1C)Nc1sc(nc1C(=O)OCC)N=Nc1nc(C(=O)OCC)cs1
807,5,n1cc(sc1N=Nc2c3cccnc3c(cc2)O)C,436,,,,4.55917E-19,2.845612784,n1cc(sc1N=Nc1c2cccnc2c(cc1)O)C
691,5,c1cc(ccc1[N+]([O-])=O)N=Nc2c(C)cc(N(CCC#N)CC)cc2,463,,,,4.2933E-19,2.679669922,c1cc(ccc1[N+]([O-])=O)N=Nc1c(C)cc(N(CCC#N)CC)cc1
390,1,c1cc(ccc1)N=Nc2ccc(cc2)O,348,,,ethanol,5.71207E-19,3.565193028,c1cc(ccc1)N=Nc1ccc(cc1)O
174,5,FC(F)(F)c1ccc(cc1)N=Nc2ccc(cc2)C(F)(F)F,313,,,,6.3508E-19,3.963856785,FC(F)(F)c1ccc(cc1)N=Nc1ccc(cc1)C(F)(F)F
575,5,c1cc(ccc1N=Nc2ccc(NCCC#N)cc2C)[N+]([O-])=O,451,,,,4.40754E-19,2.750969343,c1cc(ccc1N=Nc1ccc(NCCC#N)cc1C)[N+]([O-])=O
637,4,c1cc(ccc1N=Nc2nccs2)OC,384,900,2.954242509,acetonitrile,5.17656E-19,3.230956182,c1cc(ccc1N=Nc1nccs1)OC
734,5,c1ccccc1-c2c(c3ccccc3n2C)N=Nc4sc(SC)nn4,459,,,,4.33072E-19,2.703022165,c1ccccc1-c1c(c2ccccc2n1C)N=Nc1sc(SC)nn1
393,5,c1cc(ccc1)N=Nc2ccccc2N,421,,,,4.72162E-19,2.947000413,c1cc(ccc1)N=Nc1ccccc1N
687,2,c1cc(ccc1[N+](=O)[O-])N=Nc2ccc(cc2)N(CCO)CCO,481,,,ethanol,4.13264E-19,2.579391214,c1cc(ccc1[N+](=O)[O-])N=Nc1ccc(cc1)N(CCO)CCO
254,5,c1(N=Nc2cc(Br)ccc2)cc(Br)ccc1,320,,,,6.21188E-19,3.877147418,c1(N=Nc2cc(Br)ccc2)cc(Br)ccc1
245,4,c1(Cl)cc(cc(Cl)c1N=Nc2c(Cl)cccc2Cl)[N+](=O)[O-],310,3960,3.597695186,dimethyl sulfoxide,6.41226E-19,4.00221669,c1(Cl)cc(cc(Cl)c1N=Nc1c(Cl)cccc1Cl)[N+](=O)[O-]
283,1,c1(cc(N(CCO)CCC#N)ccc1N=Nc2cc(C)ccc2)C,402,,,ethanol,4.94478E-19,3.086286502,c1(cc(N(CCO)CCC#N)ccc1N=Nc1cc(C)ccc1)C
45,4,C1CCCN1c2cc(NC(=O)CCl)ccc2N=Nc3c(cc(NC(=O)CCl)cc3)N4CCCC4,530,0.684,-0.164943898,water,3.75057E-19,2.340919196,C1CCCN1c1cc(NC(=O)CCl)ccc1N=Nc1c(cc(NC(=O)CCl)cc1)N1CCCC1
105,2,CN(C)CCCNc1c(C(=O)OCC)nc(N=Nc2nc(C(=O)OCC)c(NCCCN(C)C)s2)s1,583,,,ethanol,3.40961E-19,2.12810836,CN(C)CCCNc1c(C(=O)OCC)nc(N=Nc2nc(C(=O)OCC)c(NCCCN(C)C)s2)s1
167,1,FC(F)(F)c1ccc(cc1)N=Nc2c(cc(cc2)N(CCC#N)CCO)C,421,,,ethanol,4.72162E-19,2.947000413,FC(F)(F)c1ccc(cc1)N=Nc1c(cc(cc1)N(CCC#N)CCO)C
22,1,C(C)N(CC)c1ccc(cc1)N=Nc2ccccc2,415,,,ethanol,4.78988E-19,2.989607648,C(C)N(CC)c1ccc(cc1)N=Nc1ccccc1
580,2,c1cc(ccc1N=Nc2ccc(c3ncccc23)O)Cl,387,,,ethanol,5.13643E-19,3.20591001,c1cc(ccc1N=Nc1ccc(c2ncccc12)O)Cl
160,2,FC(F)(F)c1cc(cc(c1N=Nc2sc(NCCBr)cc2-c3ccccc3))[N+]([O-])=O,584,,,ethanol,3.40377E-19,2.124464339,FC(F)(F)c1cc(ccc1N=Nc1c(-c2ccccc2)cc(s1)NCCBr)[N+](=O)[O-]
320,3,c1c(Cl)c(c(cc1)Cl)N=Nc2c(n[nH]c2C)C,307,,,acetonitrile,6.47492E-19,4.041326299,c1c(Cl)c(c(cc1)Cl)N=Nc1c(n[nH]c1C)C
475,1,c1cc(ccc1N(C)C)N=Nc2c(cccc2)Cl,424,,,ethanol,4.68821E-19,2.926148995,c1cc(ccc1N(C)C)N=Nc1c(cccc1)Cl
480,1,c1cc(ccc1N(C)C)N=Nc2ccccc2C#N,449,,,ethanol,4.42717E-19,2.763223104,c1cc(ccc1N(C)C)N=Nc1ccccc1C#N
706,2,c1ccc(N)c2c(N)ccc(c12)N=Nc3ccc4c5c3cccc5C(=O)N(CCCCCCCCCC)C4=O,610,,,ethanol,3.25869E-19,2.0339134,c1ccc(N)c2c(N)ccc(c12)N=Nc1ccc2c3c1cccc3C(=O)N(CCCCCCCCCC)C2=O
692,5,c1cc(ccc1[N+]([O-])=O)N=Nc2c(OC)cc(N(CC)CC)cc2,505,,,,3.93624E-19,2.456806285,c1cc(ccc1[N+]([O-])=O)N=Nc1c(OC)cc(N(CC)CC)cc1
649,5,c1cc(ccc1NCCC#N)N=Nc2cc(Cl)ccc2,408,,,,4.87206E-19,3.040899936,c1cc(ccc1NCCC#N)N=Nc1cc(Cl)ccc1
64,4,C1CN(CCC1)c2ccccc2N=Nc3cccn3C,377,9648,3.984437295,dimethyl sulfoxide,5.27268E-19,3.290947411,C1CN(CCC1)c1ccccc1N=Nc1cccn1C
121,2,Cc1cc(N=Nc2c3ccccc3ccc2O)c(cc1)OC,502,,,ethanol,3.95976E-19,2.471488394,Cc1cc(N=Nc2c3ccccc3ccc2O)c(cc1)OC
67,4,C1CN(CCO1)c2c(N=Nc3c(C)onc3C)cccc2,319,103680,5.015694989,dimethyl sulfoxide,6.23135E-19,3.889301485,C1CN(CCO1)c1c(N=Nc2c(C)onc2C)cccc1
627,5,c1cc(ccc1N=Nc2cccc(OC)c2)NCCC#N,394,,,,5.04518E-19,3.148952218,c1cc(ccc1N=Nc1cccc(OC)c1)NCCC#N
149,4,FC(F)(F)c1cc(Cl)c(c(Cl)c1)N=Nc2c(Cl)cccc2Cl,290,380160,5.579966419,dimethyl sulfoxide,6.85448E-19,4.278231634,FC(F)(F)c1cc(Cl)c(c(Cl)c1)N=Nc1c(Cl)cccc1Cl
381,1,c1cc(ccc1)N=Nc2ccc(cc2)N(C)C,407,,,ethanol,4.88403E-19,3.048371434,c1cc(ccc1)N=Nc1ccc(cc1)N(C)C
137,2,FC(F)(F)C(C(F)(F)F)(C(F)(F)F)c1ccc(cc1)N=Nc2ccc(cc2)N(CC)CC,444,,,ethanol,4.47703E-19,2.794340482,FC(F)(F)C(C(F)(F)F)(C(F)(F)F)c1ccc(cc1)N=Nc1ccc(cc1)N(CC)CC
779,5,c1ccccc1N=Nc2cnccc2C,322,359923.341,5.556210012,toluene,6.17329E-19,3.853065757,c1ccccc1N=Nc1cnccc1C
433,5,c1cc(ccc1C(=O)OCC)N=Nc2n[nH]cc2,331,,,,6.00544E-19,3.748299619,c1cc(ccc1C(=O)OCC)N=Nc1n[nH]cc1
387,1,c1cc(ccc1)N=Nc2ccc(cc2)NC,402,,,ethanol,4.94478E-19,3.086286502,c1cc(ccc1)N=Nc1ccc(cc1)NC
322,5,c1c(Cl)cccc1N=Nc2cc(Cl)ccc2,320,,,,6.21188E-19,3.877147418,c1c(Cl)cccc1N=Nc1cc(Cl)ccc1
420,4,c1cc(ccc1C#N)N=Nc2sc(C)cc2,386,12708,4.104077206,acetonitrile,5.14974E-19,3.214215476,c1cc(ccc1C#N)N=Nc1sc(C)cc1
610,2,c1cc(ccc1N=Nc2ccc(cc2)NCCO)C#N,364,,,ethanol,5.46099E-19,3.408481247,c1cc(ccc1N=Nc1ccc(cc1)NCCO)C#N
394,5,c1cc(ccc1)N=Nc2cnn(C)c2,328,91184210.53,7.959919642,acetonitrile,6.06037E-19,3.782582847,c1cc(ccc1)N=Nc1cnn(C)c1
263,3,c1(c(N=Nc2cc(OC)ccc2)c(C)on1)C,312,,,acetonitrile,6.37115E-19,3.976561455,c1(c(N=Nc2cc(OC)ccc2)c(C)on1)C
661,1,c1cc(ccc1O)N=Nc2ccc(C#N)cc2Cl,378,,,ethanol,5.25873E-19,3.282241201,c1cc(ccc1O)N=Nc1ccc(C#N)cc1Cl
633,5,c1cc(ccc1N=Nc2n[nH]cc2)Br,331,,,,6.00544E-19,3.748299619,c1cc(ccc1N=Nc1n[nH]cc1)Br
246,4,c1(Cl)cccc(Cl)c1N=Nc2c(Cl)cc(cc2Cl)OC,330,1235520,6.09184978,dimethyl sulfoxide,6.02364E-19,3.759658102,c1(Cl)cccc(Cl)c1N=Nc1c(Cl)cc(cc1Cl)OC
599,1,c1cc(ccc1N=Nc2ccc(cc2)N(C)C)C#N,451,,,ethanol,4.40754E-19,2.750969343,c1cc(ccc1N=Nc1ccc(cc1)N(C)C)C#N
107,5,CN(C)c1c(cncc1)N=Nc2ccccc2,313,111576.2357,5.047571705,toluene,6.3508E-19,3.963856785,CN(C)c1c(cncc1)N=Nc1ccccc1
503,2,c1cc(ccc1N(CCO)CCO)N=Nc2ccc(cc2)OC,408,,,ethanol,4.87206E-19,3.040899936,c1cc(ccc1N(CCO)CCO)N=Nc1ccc(cc1)OC
405,2,c1cc(ccc1-n2nc(c(N=Nc3c(n(nc3C)-c4ccccc4)O)c2O)C)S(=O)(=O)O,440,,,ethanol,4.51773E-19,2.819743577,c1cc(ccc1S(=O)(=O)O)N1C(=O)C(N=NC2C(C)=NN(c3ccccc3)C2=O)C(=N1)C
751,1,c1ccccc1N=Nc2c(cc(cc2)OC)O,375,,,ethanol,5.3008E-19,3.30849913,c1ccccc1N=Nc1c(cc(cc1)OC)O
87,2,CC(C)OCCCN1C(=O)C(=C(C)C(N=Nc2ccc(cc2)[N+]([O-])=O)=C1NCCCOC)C#N,462,,,ethanol,4.3026E-19,2.685470073,CC(C)OCCCN1C(=C(C(=C(C#N)C1=O)C)N=Nc1ccc(cc1)[N+]([O-])=O)NCCCOC
403,2,c1cc(ccc1-n2nc(c(N=Nc3c(C)nn(-c4cc(c(cc4))S(=O)(=O)O)c3O)c2O)C)S(=O)(=O)O,450,,,ethanol,4.41733E-19,2.757082608,O=S(=O)(c1cc(N2N=C(C(N=NC3C(=O)N(c4ccc(cc4)S(=O)(=O)O)N=C3C)C2=O)C)ccc1)O
351,1,c1cc(N=Nc2c(cccc2)Br)c(cc1N(CCO)CCC#N)C,417,,,ethanol,4.76691E-19,2.975269002,c1cc(N=Nc2c(cccc2)Br)c(cc1N(CCO)CCC#N)C
587,2,c1cc(ccc1N=Nc2ccc(cc2)C#N)N(CCO)CCO,452,,,ethanol,4.39779E-19,2.744883128,c1cc(ccc1N=Nc1ccc(cc1)C#N)N(CCO)CCO
141,2,FC(F)(F)c1c(N=Nc2c(c(c(NCCBr)s2)C(OCC)=O)-c3ccccc3)c(cc(c1)[N+]([O-])=O),526,,,ethanol,3.77909E-19,2.358720863,FC(F)(F)c1cc(ccc1N=Nc1c(c(c(NCCBr)s1)C(OCC)=O)-c1ccccc1)[N+](=O)[O-]
81,2,CC(C)(C)c1cc(c(c(c1)N=Nc2scnn2)O)C(C)(C)C,460,,,ethanol,4.3213E-19,2.69714603,CC(C)(C)c1cc(c(c(c1)N=Nc1scnn1)O)C(C)(C)C
170,1,FC(F)(F)c1ccc(cc1)N=Nc2cc3CCCN(CCC#N)c3cc2,428,,,ethanol,4.64439E-19,2.898801808,FC(F)(F)c1ccc(cc1)N=Nc1cc2CCCN(CCC#N)c2cc1
128,3,Cc1noc(c1N=Nc2ccccc2N)C,310,,,acetonitrile,6.41226E-19,4.00221669,Cc1noc(c1N=Nc1ccccc1N)C
626,1,c1cc(ccc1N=Nc2cccc(OC)c2)N(C)C,412,,,ethanol,4.82476E-19,3.011376635,c1cc(ccc1N=Nc1cccc(OC)c1)N(C)C
791,5,c1cn[nH]c1N=Nc2ccn[nH]2,320,,,,6.21188E-19,3.877147418,c1cn[nH]c1N=Nc1ccn[nH]1
682,2,c1cc(ccc1[N+](=O)[O-])N=Nc2ccc(cc2)N(CC)CCOC(=O)CCCl,468,,,ethanol,4.24744E-19,2.65104097,c1cc(ccc1[N+](=O)[O-])N=Nc1ccc(cc1)N(CC)CCOC(=O)CCCl
129,3,Cc1noc(c1N=Nc2ccccc2O)C,316,,,acetonitrile,6.29051E-19,3.926225234,Cc1noc(c1N=Nc1ccccc1O)C
139,2,FC(F)(F)c1c(N=Nc2c(C)c(c(NCCOS(=O)(=O)C)s2)C#N)c(cc(c1)[N+]([O-])=O),602,,,ethanol,3.30199E-19,2.060942149,FC(F)(F)c1cc(ccc1N=Nc1c(C)c(C#N)c(NCCOS(=O)(=O)C)s1)[N+](=O)[O-]
293,5,c1(cc(ccc1)CO)N=Nc2nc3c(cccc3)s2,328,,,,6.06037E-19,3.782582847,c1(cc(ccc1)CO)N=Nc1nc2c(cccc2)s1
69,2,CC(C)(C)OC(=O)NCCCNc1sc(nc1C(=O)OCC)N=Nc2nc(c(NCCCNC(=O)OC(C)(C)C)s2)C(=O)OCC,579,,,ethanol,3.43316E-19,2.142810317,CC(C)(C)OC(=O)NCCCNc1sc(nc1C(=O)OCC)N=Nc1nc(c(NCCCNC(=O)OC(C)(C)C)s1)C(=O)OCC
614,1,c1cc(ccc1N=Nc2ccc(cc2)OC)OC,354,,,ethanol,5.61525E-19,3.504766028,c1cc(ccc1N=Nc1ccc(cc1)OC)OC
157,2,FC(F)(F)c1cc(cc(C(F)(F)F)c1)N=Nc2c3cccnc3c(cc2)O,417,,,ethanol,4.76691E-19,2.975269002,FC(F)(F)c1cc(cc(C(F)(F)F)c1)N=Nc1c2cccnc2c(cc1)O
110,5,CN(C)c1cc(C)c(cc1)N=Nc2c(cc(C)cc2)C,399,,,,4.98195E-19,3.109491664,CN(C)c1cc(C)c(cc1)N=Nc1c(cc(C)cc1)C
766,1,c1ccccc1N=Nc2ccc(cc2)OC,345,,,ethanol,5.76174E-19,3.596194707,c1ccccc1N=Nc1ccc(cc1)OC
6,5,C(C)N(CC)c1c(cc(cc1)N=Nc2c(cc(cc2[N+]([O-])=O)[N+]([O-])=O)Br)OC,549,,,,3.62077E-19,2.259903777,C(C)N(CC)c1c(cc(cc1)N=Nc1c(cc(cc1[N+]([O-])=O)[N+]([O-])=O)Br)OC
508,5,c1cc(ccc1N2CCCCC2)N=Nc3ccc(cc3)N4CCCCC4,410,,,,4.84829E-19,3.026066278,c1cc(ccc1N1CCCCC1)N=Nc1ccc(cc1)N1CCCCC1
451,2,c1cc(ccc1CCCC)N=Nc2ccc(cc2)N(CCO)CCO,410,,,ethanol,4.84829E-19,3.026066278,c1cc(ccc1CCCC)N=Nc1ccc(cc1)N(CCO)CCO
54,4,C1CCN(C1)c2ccccc2N=Nc3cccn3C,361,298.8,2.475380593,dimethyl sulfoxide,5.50637E-19,3.436806576,C1CCN(C1)c1ccccc1N=Nc1cccn1C
352,1,c1cc(N=Nc2c(cccc2)F)c(cc1N(CCO)CCC#N)C,417,,,ethanol,4.76691E-19,2.975269002,c1cc(N=Nc2c(cccc2)F)c(cc1N(CCO)CCC#N)C
591,1,c1cc(ccc1N=Nc2ccc(cc2)C)N(CC)CC,407,,,ethanol,4.88403E-19,3.048371434,c1cc(ccc1N=Nc1ccc(cc1)C)N(CC)CC
805,5,n1c(oc2ccccc12)N=Nc3nc4ccccc4o3,430,,,,4.62279E-19,2.885319009,n1c(oc2ccccc12)N=Nc1nc2ccccc2o1
223,2,O=S(=O)(OCCNc1c(C#N)cc(N=Nc2c(cc(cc2C#N)[N+](=O)[O-])Br)s1)C,593,,,ethanol,3.35211E-19,2.092221204,O=S(=O)(OCCNc1c(C#N)cc(N=Nc2c(cc(cc2C#N)[N+](=O)[O-])Br)s1)C
378,5,c1cc(ccc1)N=Nc2ccc(cc2)C(=O)OC,328,,,,6.06037E-19,3.782582847,c1cc(ccc1)N=Nc1ccc(cc1)C(=O)OC
430,2,c1cc(ccc1C(=O)O)N=NC=2C(C)=C(C(N(CC)C=2NCCCOC)=O)C#N,436,,,ethanol,4.55917E-19,2.845612784,c1cc(ccc1C(=O)O)N=NC=1C(C)=C(C(N(CC)C=1NCCCOC)=O)C#N
296,1,c1(cc(ccc1N=Nc2cc(OC)ccc2)NCCC#N)C,394,,,ethanol,5.04518E-19,3.148952218,c1(cc(ccc1N=Nc1cc(OC)ccc1)NCCC#N)C
135,4,Clc1cc(cc(Cl)c1N=Nc2c(Cl)cccc2Cl)OC(=O)C,295,1261440,6.100866598,dimethyl sulfoxide,6.73831E-19,4.205719233,Clc1cc(cc(Cl)c1N=Nc1c(Cl)cccc1Cl)OC(=O)C
328,5,c1c(N=Nc2cc(ccc2)F)cccc1F,320,,,,6.21188E-19,3.877147418,c1c(N=Nc2cc(ccc2)F)cccc1F
162,4,FC(F)(F)c1cc(ccc1)N=Nc2c(n[nH]c2C)C,332,15696,4.19578899,acetonitrile,5.98735E-19,3.73700956,FC(F)(F)c1cc(ccc1)N=Nc1c(n[nH]c1C)C
790,4,c1ccsc1N=Nc2cc(OC)ccc2,364,25164,4.400779677,acetonitrile,5.46099E-19,3.408481247,c1ccsc1N=Nc1cc(OC)ccc1
2,2,C(C)N(CC)OOSc1cc(c(OC)cc1)N=Nc2c(ccc3ccccc23)O,492,,,ethanol,4.04024E-19,2.521721898,C(C)N(CC)OOSc1cc(c(OC)cc1)N=Nc1c(ccc2ccccc12)O
573,1,c1cc(ccc1N=Nc2cc3c4N(CCc4c2)CCC3)C(C)=O,482,,,ethanol,4.12407E-19,2.57403978,c1cc(ccc1N=Nc1cc2c3N(CCc3c1)CCC2)C(C)=O
612,5,c1cc(ccc1N=Nc2ccc(cc2)OC)NCCC#N,395,,,,5.03241E-19,3.140980187,c1cc(ccc1N=Nc1ccc(cc1)OC)NCCC#N
523,2,c1cc(ccc1N=NC=2C(c3ccccc3)=C(C(=O)NC=2O)C#N)C4NC(=O)NC(C)=C4C(OCC)=O,443,,,ethanol,4.48713E-19,2.800648248,c1cc(ccc1)-c1c(C#N)c(nc(O)c1N=Nc1ccc(cc1)C1C(=C(C)NC(=O)N1)C(=O)OCC)O
397,5,c1cc(ccc1)N=Nc2nc3c(s2)cccc3,328,,,,6.06037E-19,3.782582847,c1cc(ccc1)N=Nc1nc2c(s1)cccc2
186,1,FC(F)(F)c1ccccc1N=Nc2ccc(cc2)N(CC)CCC#N,416,,,ethanol,4.77837E-19,2.982421091,FC(F)(F)c1ccccc1N=Nc1ccc(cc1)N(CC)CCC#N
291,3,c1(cc(cc(F)c1)N=Nc2c(n[nH]c2C)C)F,334,,,acetonitrile,5.9515E-19,3.714632257,c1(cc(cc(F)c1)N=Nc1c(n[nH]c1C)C)F
187,5,FC(F)(F)c1ccccc1N=Nc2ccccc2C(F)(F)F,317,,,,6.27066E-19,3.913839665,FC(F)(F)c1ccccc1N=Nc1ccccc1C(F)(F)F
190,2,Fc1c(F)c(c(c(F)c1N=Nc2c(F)c(c(c(c2NCCO)F)F)F)F)F,323,,,ethanol,6.15418E-19,3.841136761,Fc1c(F)c(c(c(F)c1N=Nc1c(F)c(c(c(c1NCCO)F)F)F)F)F
92,2,CCN(CC)c1cc(O)c(N=Nc2c(OC)ccc(SOON(CC)CC)c2)cc1,467,,,ethanol,4.25653E-19,2.656717717,CCN(CC)c1cc(O)c(N=Nc2c(OC)ccc(SOON(CC)CC)c2)cc1
232,2,c1cc(ccc1N=Nc2sc(c(C(OCC)=O)c2-c3ccccc3)NCCBr)C#N,480,,,ethanol,4.14125E-19,2.584764945,c1cc(ccc1C#N)N=Nc1sc(c(c1-c1ccccc1)C(OCC)=O)NCCBr
753,1,c1ccccc1N=Nc2c(ccc(c2)C)OC,360,,,ethanol,5.52167E-19,3.446353261,c1ccccc1N=Nc1c(ccc(c1)C)OC
317,5,c1c(C#N)c(c(cc1[N+](=O)[O-])C#N)N=Nc2ccc(N(CC)CC)cc2OC,601,,,,3.30749E-19,2.064371337,c1c(C#N)c(c(cc1[N+](=O)[O-])C#N)N=Nc1ccc(N(CC)CC)cc1OC
189,2,Fc1c(F)c(c(F)c(F)c1SCCS)N=Nc2ccc(cc2)N(C)C,448,,,ethanol,4.43705E-19,2.769391013,Fc1c(F)c(c(F)c(F)c1SCCS)N=Nc1ccc(cc1)N(C)C
719,5,c1cccc(c1N=Nc2c(C)[nH]nc2C)C,336,100.1445087,2.00062714,acetonitrile,5.91607E-19,3.692521351,c1cccc(c1N=Nc1c(C)[nH]nc1C)C
787,5,c1ccccc1N=Nc2sc3cc(ccc3n2)[N+]([O-])=O,340,,,,5.84647E-19,3.649079923,c1ccccc1N=Nc1sc2cc(ccc2n1)[N+]([O-])=O
118,1,COc1c(ccc(OC)c1)N=Nc2c(OC)cc(OC)cc2,370,,,ethanol,5.37243E-19,3.353208578,COc1c(ccc(OC)c1)N=Nc1c(OC)cc(OC)cc1
541,2,c1cc(ccc1N=Nc2c(cc([N+](=O)[O-])cc2)[N+](=O)[O-])N(CC)CC,530,,,ethanol,3.75057E-19,2.340919196,c1cc(ccc1N=Nc1c(cc([N+](=O)[O-])cc1)[N+](=O)[O-])N(CC)CC
757,1,c1ccccc1N=Nc2cc(C)ccc2,322,,,ethanol,6.17329E-19,3.853065757,c1ccccc1N=Nc1cc(C)ccc1
624,1,c1cc(ccc1N=Nc2ccc3c(CCCN3)c2)Cl,434,,,ethanol,4.58018E-19,2.858726207,c1cc(ccc1N=Nc1ccc2c(CCCN2)c1)Cl
799,2,c1nc2c(cc1)c(N=Nc3c(Cl)cc(cc3)Cl)ccc2O,399,,,ethanol,4.98195E-19,3.109491664,c1nc2c(cc1)c(N=Nc1c(Cl)cc(cc1)Cl)ccc2O
729,2,c1ccccc1-c2c(c(NCCBr)sc2N=Nc3c(cc(cc3Br)[N+]([O-])=O)C#N)C(OCC)=O,558,,,ethanol,3.56237E-19,2.223453717,c1ccccc1-c1c(c(NCCBr)sc1N=Nc1c(cc(cc1Br)[N+]([O-])=O)C#N)C(OCC)=O
603,5,c1cc(ccc1N=Nc2ccc(cc2)N(CC)CC)N(CC)CC,426,,,,4.6662E-19,2.912411206,c1cc(ccc1N=Nc1ccc(cc1)N(CC)CC)N(CC)CC
176,1,FC(F)(F)c1ccc(cc1)N=Nc2ccc(cc2)N(CCC#N)CC,416,,,methanol,4.77837E-19,2.982421091,FC(F)(F)c1ccc(cc1)N=Nc1ccc(cc1)N(CCC#N)CC
425,1,c1cc(ccc1C(=O)C)N=Nc2ccc(cc2)N(CCCl)CCCl,435,,,ethanol,4.56966E-19,2.852154423,c1cc(ccc1C(=O)C)N=Nc1ccc(cc1)N(CCCl)CCCl
15,1,C(C)N(CC)c1ccc(cc1)N=Nc2ccc(c(C#N)c2)C#N,500,,,ethanol,3.9756E-19,2.481374348,C(C)N(CC)c1ccc(cc1)N=Nc1ccc(c(C#N)c1)C#N
88,2,CC(C)OCCCN1C(NCCCOC)=C(C(=C(C1=O)C#N)C)N=Nc2c(C(=O)OC)cccc2,425,,,ethanol,4.67718E-19,2.919263938,CC(C)OCCCN1C(NCCCOC)=C(C(=C(C1=O)C#N)C)N=Nc1c(C(=O)OC)cccc1
631,5,c1cc(ccc1N=Nc2ccccc2)[N+]([O-])=O,333,,,,5.96937E-19,3.725787309,c1cc(ccc1N=Nc1ccccc1)[N+]([O-])=O
388,1,c1cc(ccc1)N=Nc2ccc(cc2)NC(=O)C,348,,,ethanol,5.71207E-19,3.565193028,c1cc(ccc1)N=Nc1ccc(cc1)NC(=O)C
666,5,c1cc(ccc1O)N=Nc2ccc(cc2)O,355,,,,5.59944E-19,3.494893447,c1cc(ccc1O)N=Nc1ccc(cc1)O
399,5,c1cc(ccc1)N=Nc2nn(C)nn2,310,3300000,6.51851394,acetonitrile,6.41226E-19,4.00221669,c1cc(ccc1)N=Nc1nn(C)nn1
644,5,c1cc(ccc1NC(C)=O)N=Nc2sc3cc(ccc3n2)[N+]([O-])=O,406,,,,4.89606E-19,3.055879738,c1cc(ccc1NC(C)=O)N=Nc1sc2cc(ccc2n1)[N+]([O-])=O
513,2,c1cc(ccc1N=NC2=C(O)N(CCC)C(=O)C(C#N)=C2C)C3NC(=O)NC(C)=C3C(OCC)=O,442,,,ethanol,4.49729E-19,2.806984556,c1cc(ccc1C1NC(=O)NC(C)=C1C(OCC)=O)N=NC1C(N(CCC)C(=O)C(C#N)=C1C)=O
237,3,c1(C)[nH]nc(C)c1N=Nc2ccccc2O,332,,,acetonitrile,5.98735E-19,3.73700956,c1(C)[nH]nc(C)c1N=Nc1ccccc1O
1,1,C(C#N)CN(CCC#N)c1ccc(cc1)N=Nc2ccccc2,382,,,ethanol,5.20366E-19,3.247872183,C(C#N)CN(CCC#N)c1ccc(cc1)N=Nc1ccccc1
524,2,c1cc(ccc1N=Nc2c(C)c(C#N)c(NCCCOC)nc2NCCCOC)C(O)=O,446,,,ethanol,4.45695E-19,2.781809807,c1cc(ccc1N=Nc1c(C)c(C#N)c(NCCCOC)nc1NCCCOC)C(O)=O
621,1,c1cc(ccc1N=Nc2ccc(cc2C)NCCC#N)NC(=O)C,403,,,ethanol,4.93251E-19,3.078628223,c1cc(ccc1N=Nc1ccc(cc1C)NCCC#N)NC(=O)C
95,2,CCN(CC)c1ccc(N=Nc2nnc(C)s2)c(O)c1,503,,,ethanol,3.95189E-19,2.466574898,CCN(CC)c1ccc(N=Nc2nnc(C)s2)c(O)c1
500,1,c1cc(ccc1N(CC)CCC#N)N=Nc2ccccc2C#N,434,,,methanol,4.58018E-19,2.858726207,c1cc(ccc1N(CC)CCC#N)N=Nc1ccccc1C#N
53,4,C1CCN(C1)c2ccccc2N=Nc3c(C)onc3C,315,24840,4.395151592,dimethyl sulfoxide,6.31048E-19,3.938689441,C1CCN(C1)c1ccccc1N=Nc1c(C)onc1C
436,1,c1cc(ccc1C(C)=O)N=Nc2cc3CCCN(CCC#N)c3cc2,448,,,ethanol,4.43705E-19,2.769391013,c1cc(ccc1C(C)=O)N=Nc1cc2CCCN(CCC#N)c2cc1
329,1,c1c(NCCC#N)ccc(c1C)N=Nc2c(C#N)cccc2,429,,,ethanol,4.63357E-19,2.892044694,c1c(NCCC#N)ccc(c1C)N=Nc1c(C#N)cccc1
664,1,c1cc(ccc1O)N=Nc2ccc(cc2)N,385,,,ethanol,5.16312E-19,3.222564088,c1cc(ccc1O)N=Nc1ccc(cc1)N
144,2,FC(F)(F)c1c(c(cc(c1)[N+]([O-])=O))N=Nc2sc(c(c2C)C(N)=O)NCCOS(=O)(=O)C,440,,,ethanol,4.51773E-19,2.819743577,FC(F)(F)c1cc(ccc1N=Nc1c(c(c(s1)NCCOS(=O)(=O)C)C(N)=O)C)[N+](=O)[O-]
565,1,c1cc(ccc1N=Nc2cc(Cl)ccc2Cl)O,370,,,ethanol,5.37243E-19,3.353208578,c1cc(ccc1N=Nc1cc(Cl)ccc1Cl)O
173,1,FC(F)(F)c1ccc(cc1)N=Nc2ccc(NCCC#N)cc2C,411,,,ethanol,4.8365E-19,3.018703586,FC(F)(F)c1ccc(cc1)N=Nc1ccc(NCCC#N)cc1C
738,5,c1ccccc1-c2csc(N=Nc3c4cccnc4c(O)cc3)n2,516,,,,3.85233E-19,2.404432507,c1ccccc1-c1csc(N=Nc2c3cccnc3c(O)cc2)n1
24,5,C(CC#N)N(CCC#N)c1ccc(c(C)c1)N=Nc2ccccc2,392,,,,5.07092E-19,3.165018301,C(CC#N)N(CCC#N)c1ccc(c(C)c1)N=Nc1ccccc1
474,2,c1cc(ccc1N(C)C)N=Nc2c(cc([N+](=O)[O-])cc2)[N+](=O)[O-],516,,,ethanol,3.85233E-19,2.404432507,c1cc(ccc1N(C)C)N=Nc1c(cc([N+](=O)[O-])cc1)[N+](=O)[O-]
424,1,c1cc(ccc1C(=O)C)N=Nc2ccc(cc2)N(CC)C,454,,,ethanol,4.37841E-19,2.732791132,c1cc(ccc1C(=O)C)N=Nc1ccc(cc1)N(CC)C
330,1,c1c(NCCC#N)ccc(c1C)N=Nc2c(cccc2)F,404,,,ethanol,4.9203E-19,3.071007856,c1c(NCCC#N)ccc(c1C)N=Nc1c(cccc1)F
94,2,CCN(CC)c1ccc(N=Nc2ccc(cc2OC)[N+](=O)[O-])c(O)c1,485,,,ethanol,4.09856E-19,2.558117884,CCN(CC)c1ccc(N=Nc2ccc(cc2OC)[N+](=O)[O-])c(O)c1
230,2,c1ccccc1N=Nc2ccc(cc2)OC#CC#CC#C,346,,,ethanol,5.74509E-19,3.58580108,c1ccccc1N=Nc1ccc(cc1)OC#CC#CC#C
538,2,c1cc(ccc1N=Nc2c(cc(Br)cc2))N(C)C,419,,,ethanol,4.74415E-19,2.961067241,c1cc(ccc1N=Nc1ccc(cc1)Br)N(C)C
0,2,Brc1cc(cc(Br)c1N=Nc2c(C)c(c(NCCOS(=O)(=O)C)s2)C#N)[N+]([O-])=O,600,,,ethanol,3.313E-19,2.067811956,Brc1cc(cc(Br)c1N=Nc1c(C)c(c(NCCOS(=O)(=O)C)s1)C#N)[N+]([O-])=O
491,1,c1cc(ccc1N(CC)CC)N=Nc2c(cccc2C#N)C#N,503,,,ethanol,3.95189E-19,2.466574898,c1cc(ccc1N(CC)CC)N=Nc1c(cccc1C#N)C#N
468,1,c1cc(ccc1N(C)C)N=Nc2c(C)cccc2,407,,,ethanol,4.88403E-19,3.048371434,c1cc(ccc1N(C)C)N=Nc1c(C)cccc1
809,5,n1nc(N=Nc2c3c(cccc3)n(c2C)C)sc1SC,451,,,,4.40754E-19,2.750969343,n1nc(N=Nc2c3c(cccc3)n(c2C)C)sc1SC
709,5,c1ccc(N=Nc2sc3c(ccc(c3)[N+]([O-])=O)n2)c(C(=O)O)c1,335,,,,5.93373E-19,3.703543802,c1ccc(N=Nc2sc3c(ccc(c3)[N+]([O-])=O)n2)c(C(=O)O)c1
182,3,FC(F)(F)c1cccc(N=Nc2c(noc2C)C)c1,314,,,acetonitrile,6.33057E-19,3.951233038,FC(F)(F)c1cccc(N=Nc2c(noc2C)C)c1
228,4,O=S(=O)(SCCOC(Nc1ccc(cc1)N=Nc2ccc(cc2)NC(=O)OCCSS(=O)(=O)C)=O)C,372,72,1.857332496,water,5.34355E-19,3.335180575,O=S(=O)(SCCOC(Nc1ccc(cc1)N=Nc1ccc(cc1)NC(=O)OCCSS(=O)(=O)C)=O)C
545,5,c1cc(ccc1N=Nc2c(cccc2)Cl)NCCC#N,408,,,,4.87206E-19,3.040899936,c1cc(ccc1N=Nc1c(cccc1)Cl)NCCC#N
