compound_id,SMILES,lambda,solvent
A1,c1ccc(/N=N/c2ccccc2)cc1,318,EtOH
A2,CCN(CC)c1ccc(/N=N/c2ccccc2)cc1,415,EtOH
A3,CCN(C)c1ccc(/N=N/c2ccccc2)cc1,411,EtOH
A4,CN(C)c1ccc(/N=N/c2ccccc2)cc1,407,EtOH
A5,OCCN(CCO)c1ccc(/N=N/c2ccccc2)cc1,407,EtOH
A6,N#CCCN(CCO)c1ccc(/N=N/c2ccccc2)cc1,397,EtOH
A7,ClCCN(CCCl)c1ccc(/N=N/c2ccccc2)cc1,397,EtOH
A8,CCN(CCC#N)c1ccc(/N=N/c2ccccc2)cc1,399,EtOH
A9,N#CCCN(CCC#N)c1ccc(/N=N/c2ccccc2)cc1,382,EtOH
A10,CCNc1ccc(/N=N/c2ccccc2)cc1,405,EtOH
A11,CNc1ccc(/N=N/c2ccccc2)cc1,402,EtOH
A12,N#CCCNc1ccc(/N=N/c2ccccc2)cc1,390,EtOH
A13,Nc1ccc(/N=N/c2ccccc2)cc1,389,EtOH
A14,CC(=O)Nc1ccc(/N=N/c2ccccc2)cc1,348,EtOH
A15,COc1ccc(/N=N/c2ccccc2)cc1,345,EtOH
A16,Oc1ccc(/N=N/c2ccccc2)cc1,348,EtOH
A17,Cc1ccc(/N=N/c2ccccc2)cc1,333,EtOH
A18,CN(C)c1ccc(/N=N/c2ccc(N(C)C)cc2)cc1,457,EtOH
A19,CC(=O)Nc1ccc(/N=N/c2ccc(N(C)C)cc2)cc1,431,EtOH
A20,CN(C)c1ccc(/N=N/c2ccc(O)cc2)cc1,435,EtOH
A21,COc1ccc(/N=N/c2ccc(N(C)C)cc2)cc1,407,EtOH
A22,Cc1ccc(/N=N/c2ccc(N(C)C)cc2)cc1,407,EtOH
A23,CN(C)c1ccc(/N=N/c2ccc(F)cc2)cc1,407,EtOH
A24,CN(C)c1ccc(/N=N/c2ccc(Br)cc2)cc1,419,EtOH
A25,CN(C)c1ccc(/N=N/c2ccc(C(F)(F)F)cc2)cc1,427,EtOH
A26,CN(C)c1ccc(/N=N/c2ccc(C#N)cc2)cc1,451,EtOH
A27,CC(=O)c1ccc(/N=N/c2ccc(N(C)C)cc2)cc1,447,EtOH
A28,CCN(C)c1ccc(/N=N/c2ccc(C(C)=O)cc2)cc1,454,EtOH
A29,CCN(CC)c1ccc(/N=N/c2ccc(C(C)=O)cc2)cc1,462,EtOH
A30,CCN(CC)c1ccc(/N=N/c2ccc(C#N)cc2)cc1,466,EtOH
A31,Cc1ccc(/N=N/c2ccc(N(CCCl)CCCl)cc2)cc1,407,EtOH
A32,ClCCN(CCCl)c1ccc(/N=N/c2ccc(Cl)cc2)cc1,405,EtOH
A33,ClCCN(CCCl)c1ccc(/N=N/c2ccc(Br)cc2)cc1,405,EtOH
A34,CC(=O)c1ccc(/N=N/c2ccc(N(CCCl)CCCl)cc2)cc1,435,EtOH
A35,CCN(CCC#N)c1ccc(/N=N/c2ccc(Cl)cc2)cc1,409,EtOH
A36,CCN(CCC#N)c1ccc(/N=N/c2ccc(C(F)(F)F)cc2)cc1,416,EtOH
A37,CCN(CCC#N)c1ccc(/N=N/c2ccc(C#N)cc2)cc1,433,EtOH
A38,COc1ccc(/N=N/c2ccc(O)cc2)cc1,357,EtOH
A39,Cc1ccc(/N=N/c2ccc(O)cc2)cc1,353,EtOH
A40,CC(=O)Nc1ccc(/N=N/c2ccc(O)cc2)cc1,368,EtOH
A41,Nc1ccc(/N=N/c2ccc(O)cc2)cc1,385,EtOH
A42,Oc1ccc(/N=N/c2ccc(Cl)cc2)cc1,356,EtOH
A43,COc1ccc(/N=N/c2ccc(OC)cc2)cc1,354,EtOH
A44,CN(C)c1ccc(/N=N/c2ccc(Cl)cc2)cc1,417,EtOH
A45,CC(=O)Nc1ccccc1/N=N/c1ccccc1,326,EtOH
A46,Cc1cccc(/N=N/c2ccccc2)c1,322,EtOH
A47,COc1cccc(/N=N/c2ccc(N(C)C)cc2)c1,412,EtOH
A48,COc1ccccc1/N=N/c1ccc(N(C)C)cc1,413,EtOH
A49,Cc1cccc(/N=N/c2ccc(N(C)C)cc2)c1,407,EtOH
A50,Cc1ccccc1/N=N/c1ccc(N(C)C)cc1,407,EtOH
A51,CN(C)c1ccc(/N=N/c2cccc(F)c2)cc1,418,EtOH
A52,CN(C)c1ccc(/N=N/c2ccccc2F)cc1,418,EtOH
A53,CN(C)c1ccc(/N=N/c2cccc(Cl)c2)cc1,420,EtOH
A54,CN(C)c1ccc(/N=N/c2ccccc2Cl)cc1,424,EtOH
A55,CN(C)c1ccc(/N=N/c2cccc(Br)c2)cc1,421,EtOH
A56,CN(C)c1ccc(/N=N/c2ccccc2Br)cc1,425,EtOH
A57,CN(C)c1ccc(/N=N/c2cccc(C(F)(F)F)c2)cc1,423,EtOH
A58,CN(C)c1ccc(/N=N/c2ccccc2C(F)(F)F)cc1,429,EtOH
A59,CN(C)c1ccc(/N=N/c2cccc(C#N)c2)cc1,435,EtOH
A60,CN(C)c1ccc(/N=N/c2ccccc2C#N)cc1,449,EtOH
A61,CC(=O)c1cccc(/N=N/c2ccc(N(C)C)cc2)c1,420,EtOH
A62,CN(C)c1ccc(/N=N/c2ccc(Cl)cc2C(F)(F)F)cc1,442,EtOH
A63,CN(C)c1ccc(/N=N/c2cc(C(F)(F)F)ccc2C(F)(F)F)cc1,450,EtOH
A64,CCN(C)c1ccc(/N=N/c2cccc(C(F)(F)F)c2)cc1,426,EtOH
A65,CCN(CC)c1ccc(/N=N/c2cccc(C#N)c2)cc1,446,EtOH
A66,CCN(CC)c1ccc(/N=N/c2ccccc2C#N)cc1,462,EtOH
A67,CCN(CC)c1ccc(/N=N/c2ccc(C#N)c(C#N)c2)cc1,500,EtOH
A68,CCN(CC)c1ccc(/N=N/c2ccc(C#N)cc2C#N)cc1,514,EtOH
A69,CCN(CC)c1ccc(/N=N/c2cccc(C#N)c2C#N)cc1,490,EtOH
A70,CCN(CC)c1ccc(/N=N/c2cc(C#N)ccc2C#N)cc1,495,EtOH
A71,CCN(CC)c1ccc(/N=N/c2cc(C#N)cc(C#N)c2)cc1,478,EtOH
A72,CCN(CC)c1ccc(/N=N/c2c(C#N)cccc2C#N)cc1,503,EtOH
A73,CCN(CC)c1ccc(/N=N/c2c(C#N)cc(C#N)cc2C#N)cc1,562,EtOH
A74,COc1ccccc1/N=N/c1ccc(N(CCCl)CCCl)cc1,405,EtOH
A75,Cc1cccc(/N=N/c2ccc(N(CCCl)CCCl)cc2)c1,395,EtOH
A76,Cc1ccccc1/N=N/c1ccc(N(CCCl)CCCl)cc1,395,EtOH
A77,ClCCN(CCCl)c1ccc(/N=N/c2cccc(Cl)c2)cc1,406,EtOH
A78,CCN(CCC#N)c1ccc(/N=N/c2ccccc2Cl)cc1,412,EtOH
A79,CCN(CCC#N)c1ccc(/N=N/c2ccccc2C(F)(F)F)cc1,416,EtOH
A80,CCN(CCC#N)c1ccc(/N=N/c2ccccc2C#N)cc1,434,EtOH
A81,CCN(CCC#N)c1ccc(/N=N/c2c(Cl)cccc2Cl)cc1,396,EtOH
A82,COc1cccc(/N=N/c2ccc(O)cc2)c1,349,EtOH
A83,COc1ccccc1/N=N/c1ccc(O)cc1,351,EtOH
A84,Cc1cccc(/N=N/c2ccc(O)cc2)c1,349,EtOH
A85,Cc1ccccc1/N=N/c1ccc(O)cc1,350,EtOH
A86,Oc1ccc(/N=N/c2cccc(Cl)c2)cc1,357,EtOH
A87,Oc1ccc(/N=N/c2ccccc2Cl)cc1,360,EtOH
A88,Oc1ccc(/N=N/c2ccc(Cl)cc2Cl)cc1,366,EtOH
A89,Oc1ccc(/N=N/c2cc(Cl)ccc2Cl)cc1,370,EtOH
A90,Oc1ccc(/N=N/c2ccc(Br)cc2Cl)cc1,368,EtOH
A91,Oc1ccc(/N=N/c2cc(Br)ccc2Cl)cc1,370,EtOH
A92,N#Cc1ccc(/N=N/c2ccc(O)cc2)c(Cl)c1,378,EtOH
A93,N#Cc1ccc(Cl)c(/N=N/c2ccc(O)cc2)c1,372,EtOH
A94,Cc1cc(O)ccc1/N=N/c1ccccc1,354,EtOH
A95,Cc1cc(/N=N/c2ccccc2)ccc1O,354,EtOH
A96,COc1cc(O)ccc1/N=N/c1ccccc1,372,EtOH
A97,Oc1ccc(/N=N/c2ccccc2)c(O)c1,380,EtOH
A98,COc1ccc(/N=N/c2ccc(O)cc2O)cc1,388,EtOH
A99,Cc1ccc(/N=N/c2ccc(O)cc2O)cc1,386,EtOH
A100,Oc1ccc(/N=N/c2ccc(Cl)cc2)c(O)c1,387,EtOH
A101,Oc1ccc(/N=N/c2ccc(Br)cc2)c(O)c1,390,EtOH
A102,COc1ccc(/N=N/c2ccccc2)c(O)c1,375,EtOH
A103,COc1ccc(/N=N/c2ccccc2)c(OC)c1,362,EtOH
A104,COc1ccc(/N=N/c2ccc(OC)cc2OC)c(OC)c1,381,EtOH
A105,COc1ccc(/N=N/c2ccc(OC)c(OC)c2)cc1OC,370,EtOH
A106,Cc1cc(N(C)C)ccc1/N=N/c1ccccc1,409,EtOH
A107,Cc1cc(N(C)C)ccc1/N=N/c1ccc(N)cc1,460,EtOH
A108,CC(=O)c1ccc(/N=N/c2ccc(N(C)C)cc2C)cc1,452,EtOH
A109,CC(=O)c1cccc(/N=N/c2ccc(N(C)C)cc2C)c1,424,EtOH
A110,CCN(CC(O)CO)c1ccc(/N=N/c2ccccc2)c(C)c1,420,EtOH
A111,CCN(CC(O)CO)c1ccc(/N=N/c2ccc(C(C)=O)cc2)c(C)c1,457,EtOH
A112,Cc1cc(N(CCO)CCO)ccc1/N=N/c1ccccc1,415,EtOH
A113,COc1ccc(/N=N/c2ccc(N(CCO)CCO)cc2C)cc1,414,EtOH
A114,COc1ccccc1/N=N/c1ccc(N(CCO)CCO)cc1C,424,EtOH
A115,Cc1ccc(/N=N/c2ccc(N(CCO)CCO)cc2C)cc1,416,EtOH
A116,Cc1ccccc1/N=N/c1ccc(N(CCO)CCO)cc1C,418,EtOH
A117,Cc1cc(N(CCO)CCO)ccc1/N=N/c1ccc(F)cc1,417,EtOH
A118,Cc1cc(N(CCO)CCO)ccc1/N=N/c1ccc(Cl)cc1,424,EtOH
A119,Cc1cc(N(CCO)CCO)ccc1/N=N/c1ccc(Br)cc1,425,EtOH
A120,Cc1cc(N(CCO)CCO)ccc1/N=N/c1ccc(C(F)(F)F)cc1,434,EtOH
A121,Cc1cc(N(CCO)CCO)ccc1/N=N/c1ccccc1C(F)(F)F,434,EtOH
A122,Cc1cc(N(CCO)CCO)ccc1/N=N/c1ccc(Cl)cc1C(F)(F)F,447,EtOH
A123,Cc1cc(N(CCO)CCO)ccc1/N=N/c1cc(C(F)(F)F)cc(C(F)(F)F)c1,454,EtOH
A124,Cc1cc(N(CCO)CCO)ccc1/N=N/c1cc(C(F)(F)F)ccc1Cl,450,EtOH
A125,Cc1cc(N(CCO)CCC#N)ccc1/N=N/c1ccccc1,403,EtOH
A126,COc1cccc(/N=N/c2ccc(N(CCO)CCC#N)cc2C)c1,407,EtOH
A127,COc1ccccc1/N=N/c1ccc(N(CCO)CCC#N)cc1C,409,EtOH
A128,Cc1ccc(/N=N/c2ccc(N(CCO)CCC#N)cc2C)cc1,402,EtOH
A129,Cc1cccc(/N=N/c2ccc(N(CCO)CCC#N)cc2C)c1,402,EtOH
A130,Cc1ccccc1/N=N/c1ccc(N(CCO)CCC#N)cc1C,405,EtOH
A131,Cc1cc(N(CCO)CCC#N)ccc1/N=N/c1cccc(F)c1,415,EtOH
A132,Cc1cc(N(CCO)CCC#N)ccc1/N=N/c1ccccc1F,417,EtOH
A133,Cc1cc(N(CCO)CCC#N)ccc1/N=N/c1ccc(Cl)cc1,413,EtOH
A134,Cc1cc(N(CCO)CCC#N)ccc1/N=N/c1cccc(Cl)c1,410,EtOH
A135,Cc1cc(N(CCO)CCC#N)ccc1/N=N/c1ccccc1Cl,412,EtOH
A136,Cc1cc(N(CCO)CCC#N)ccc1/N=N/c1cccc(Br)c1,414,EtOH
A137,Cc1cc(N(CCO)CCC#N)ccc1/N=N/c1ccccc1Br,417,EtOH
A138,Cc1cc(N(CCO)CCC#N)ccc1/N=N/c1ccc(C(F)(F)F)cc1,421,EtOH
A139,Cc1cc(N(CCO)CCC#N)ccc1/N=N/c1cccc(C(F)(F)F)c1,418,EtOH
A140,Cc1cc(N(CCO)CCC#N)ccc1/N=N/c1ccccc1C(F)(F)F,419,EtOH
A141,Cc1cc(N(CCO)CCC#N)ccc1/N=N/c1ccc(C#N)cc1,437,EtOH
A142,Cc1cc(N(CCO)CCC#N)ccc1/N=N/c1ccccc1C#N,438,EtOH
A143,Cc1cc(NCCC#N)ccc1/N=N/c1ccccc1,396,EtOH
A144,CC(=O)Nc1ccc(/N=N/c2ccc(NCCC#N)cc2C)cc1,403,EtOH
A145,COc1ccc(/N=N/c2ccc(NCCC#N)cc2C)cc1,395,EtOH
A146,COc1cccc(/N=N/c2ccc(NCCC#N)cc2C)c1,394,EtOH
A147,COc1ccccc1/N=N/c1ccc(NCCC#N)cc1C,394,EtOH
A148,Cc1ccc(/N=N/c2ccc(NCCC#N)cc2C)cc1,395,EtOH
A149,Cc1cccc(/N=N/c2ccc(NCCC#N)cc2C)c1,400,EtOH
A150,Cc1ccccc1/N=N/c1ccc(NCCC#N)cc1C,400,EtOH
A151,Cc1cc(NCCC#N)ccc1/N=N/c1ccc(F)cc1,398,EtOH
A152,Cc1cc(NCCC#N)ccc1/N=N/c1cccc(F)c1,406,EtOH
A153,Cc1cc(NCCC#N)ccc1/N=N/c1ccccc1F,404,EtOH
A154,Cc1cc(NCCC#N)ccc1/N=N/c1ccc(Cl)cc1,404,EtOH
A155,Cc1cc(NCCC#N)ccc1/N=N/c1cccc(Cl)c1,408,EtOH
A156,Cc1cc(NCCC#N)ccc1/N=N/c1ccccc1Cl,408,EtOH
A157,Cc1cc(NCCC#N)ccc1/N=N/c1ccc(C(F)(F)F)cc1,411,EtOH
A158,Cc1cc(NCCC#N)ccc1/N=N/c1ccc(C#N)cc1,428,EtOH
A159,Cc1cc(NCCC#N)ccc1/N=N/c1ccccc1C#N,429,EtOH
A190,COc1ccc(C)cc1/N=N/c1ccccc1,360,EtOH
A191,COc1ccc(OC)c(/N=N/c2cc(OC)ccc2OC)c1,411,EtOH
