,SMILES,lambda,solvent
0,c1cc(ccc1N=Nc2c(noc2C)C)NC(C)=O,342.0,
1,c1ccccc1N=Nc2cn(cn2)C,336.0,acetonitrile
2,c12ccccc1c(N=Nc3scnn3)c(C)n2C,434.0,
3,c1(c(N=Nc2c(ccc(c2)Cl)Cl)c(C)on1)C,320.0,acetonitrile
4,FC(F)(F)c1c(cccc1)N=Nc2ccccc2,317.0,
5,c1cc(ccc1[N+](=O)[O-])N=Nc2ccc(cc2)N(CCC#N)CCC#N,432.0,
6,FC(F)(F)c1c(cccc1)N=Nc2ccc(cc2C)N(CCC#N)CCO,419.0,ethanol
7,C(C)N(CC)c1cc(c(N=Nc2c(cc(cc2Br)[N+]([O-])=O)[N+]([O-])=O)cc1)OC,554.0,
8,c1c(O)c2ncccc2c(c1)N=Nc3scc(n3)CC(=O)OCC,438.0,
9,c1(c(N=Nc2cccc(F)c2)c(C)on1)C,315.0,
10,c1(C)cc(cc(C)c1N=Nc2c(C)cc(cc2C)C)C,325.0,
11,c1c(N)c(Cl)cc(N=Nc2cc([N+]([O-])=O)cc([N+](=O)[O-])c2O)c1N,492.0,
12,c1cc(ccc1N=NC=2C(N(C)C(N(C)C=2N)=O)=O)Cl,370.0,ethanol
13,C(CO)N(CCO)c1ccc(N=Nc2ccccc2OC)c(c1)C,424.0,ethanol
14,c1cc(ccc1N=Nc2c(C)cccc2)NCCC#N,400.0,
15,c1cc(ccc1NCCC#N)N=Nc2cc(F)ccc2,406.0,
16,CC(C)(C)c1cc(c(O)cc1)N=Nc2nncs2,429.0,ethanol
17,C1CN(CCN1c2ccc(cc2)N=Nc3ccc(cc3)N4CCN(CC4)C(CCl)=O)C(CCl)=O,450.0,water
18,c1cc(ccc1N=Nc2c(n[nH]c2C)C)C(=O)O,342.0,acetonitrile
19,c1c(Br)c(c(cc1Br)Br)N=Nc2c(cc(cc2Br)Br)Br,302.0,
20,c1ccccc1-c2c(c3c(cccc3)[nH]2)N=Nc4nncs4,437.0,
21,c1cc(ccc1N=Nc2ccc(C)cc2)N(C)C,407.0,ethanol
22,c1cc(ccc1)N=Nc2ccc(c3ncccc23)O,384.0,
23,c1cnc(N=Nc2c(cccc2)Br)s1,371.0,acetonitrile
24,c1ccccc1N=Nc2cccc(N)c2,417.0,
25,c1cc(ccc1)N=Nc2cc3c4N(CC3)CCCc4c2,425.0,ethanol
26,c1(Cl)cccc(Cl)c1N=Nc2c(Cl)cc(cc2Cl)SC,350.0,dimethyl sulfoxide
27,c1cc(ccc1N=NC=2C(=C(C(=O)N)C(NC=2O)=O)C)OC,444.0,ethanol
28,c1cc(ccc1[N+]([O-])=O)N=Nc2ccc(O)c(C=Nc3cc(ccn3)C(=O)OCC)c2,379.0,
29,c1cc(ccc1N(C)C)N=Nc2ccc(cc2)C,400.0,
30,c1cc(ccc1[N+]([O-])=O)N=Nc2ccc(O)c(c2)C=Nc3nccc(C(O)=O)c3,378.0,
31,c1cc(ccc1)N=Nc2nccs2,364.0,acetonitrile
32,c1cc(ccc1N=Nc2c(cccc2)Cl)O,360.0,ethanol
33,c1cc(ccc1N=Nc2ccc(cc2)[N+](=O)[O-])O,382.0,
34,s1c(nc(C(=O)OCC)c1)N=Nc2nc(C(=O)OCC)c(CNCCC)s2,527.0,ethanol
35,c1(cc(ccc1N=Nc2cc(ccc2)Cl)NCCC#N)C,408.0,ethanol
36,c1cc(ccc1N=Nc2sc3cc(ccc3n2)[N+]([O-])=O)SC,421.0,
37,c1(cc(ccc1N=Nc2c(cc(cc2)Cl)C)Cl)C,346.0,
38,c1cc(ccc1N(CC)CC)N=Nc2c(cc(cc2C#N)C#N)C#N,478.0,ethanol
39,CN(C)c1ccc(cc1)N=Nc2cccc(c2)[N+](=O)[O-],420.0,
40,c1cc(ccc1-n2nc(c(N=Nc3c(n(nc3C)-c4ccc(S(=O)(=O)O)c(c4))O)c2O)C)S(=O)(=O)O,430.0,ethanol
41,C(c1cc(cc(C#N)c1N=Nc2ccc(N(CC)CC)c(OC)c2)[N+](=O)[O-])#N,623.0,
42,c1cc(ccc1C(C)=O)N=Nc2c(C)cc(cc2)N(CC(CO)O)CC,457.0,methanol
43,c1(cc(N(CCO)CCC#N)ccc1N=Nc2cccc([N+]([O-])=O)c2)C,424.0,
44,O=S(=O)(N)c1cc(cc(c1OC)N=NC=2C(C)=C(C#N)C(=O)N(CC)C=2O)C,456.0,ethanol
45,FC(F)(F)c1ccc(cc1)N=Nc2ccc(cc2)NCCC#N,411.0,
46,c1cc(ccc1N=NC=2C(=C(C(=O)N)C(NC=2O)=O)C)C#N,413.0,ethanol
47,c1ccccc1N=Nc2cnccc2OC,332.0,toluene
48,C(C)N(CC)c1ccc(cc1)N=Nc2ccc(cc2)[N+](=O)[O-],489.0,
49,CC(C)(C)c1cc(N=Nc2scc(C)n2)c(O)cc1,425.0,ethanol
50,c1cc(ccc1N=Nc2ccc(OC)c3ncccc23)Cl,359.0,ethanol
51,c1cc(ccc1N=Nc2cc(F)ccc2)N(C)C,418.0,ethanol
52,c1cc(ccc1Br)N=Nc2c(noc2C)C,325.0,acetonitrile
53,FC(F)(F)c1cc(Cl)ccc1N=Nc2ccc(cc2C)N(CCO)CCO,447.0,ethanol
54,FC(F)(F)c1ccc(c(c1))N=Nc2sc(N3CC3)c(c2-c4ccccc4)C(OCC)=O,464.0,ethanol
55,CC(C)OCCCN1C(=O)C(=C(C)C(=C1NCCCOC)N=Nc2ccc(c(c2))Br)C#N,431.0,ethanol
56,c1(c(c(C)[nH]n1)N=Nc2cccc([N+]([O-])=O)c2)C,332.0,acetonitrile
57,c1cc(ccc1)N=Nc2ccc(cc2)N3C(C=CC3=O)=O,329.0,
58,c1(cc(cc(F)c1)N=Nc2c(C)onc2C)F,315.0,acetonitrile
59,c1cc(ccc1N=Nc2ccc(cc2)CCO)NCCC#N,396.0,
60,c1cc(ccc1N=Nc2ccc(O)cc2O)Br,390.0,ethanol
61,c1cc(ccc1[N+]([O-])=O)N=NC=2C(=C(C(=O)N)C(NC=2O)=O)C,423.0,ethanol
62,c1cc(ccc1-n2nc(c(N=Nc3c(nn(-c4c(c(Cl)ccc4))c3O)C)c2O)C)S(=O)(=O)O,430.0,ethanol
63,c1c(c(N=NC=2C(=C(C#N)C(N(CC)C=2NCCCOC)=O)C)ccc1Br),429.0,ethanol
64,c1ccccc1-c2c(N=Nc3nnc(SC)s3)c4ccccc4[nH]2,467.0,
65,FC(F)(F)c1c(N=Nc2sc(N3CC3)c(c2-c4ccccc4))c(cc(c1)[N+]([O-])=O),602.0,ethanol
66,c1c(O)c2ncccc2c(c1)N=Nc3nc4c(cc(OC)cc4)s3,461.0,
67,c1cc(ccc1N=Nc2c(n[nH]c2C)C)O,342.0,acetonitrile
68,C1CCCCC1C2C(C(SC2N=Nc3nc4ccc([N+]([O-])=O)cc4s3)N)C#N,545.0,
69,c1ccccc1N=Nc2ccc(cc2C)N(CCO)CCO,415.0,ethanol
70,C1CN(CCC1)c2c(c(ccc2)F)N=Nc3cccn3C,365.0,dimethyl sulfoxide
71,c1cc(ccc1N=NC2=C(NC(C(C(=O)N)=C2C)=O)O)C3NC(=O)NC(C)=C3C(OCC)=O,429.0,ethanol
72,c1cc(ccc1N=Nc2c(n[nH]c2C)C)Cl,336.0,acetonitrile
73,c1(Cl)cc(cc(Cl)c1N=Nc2c(Cl)cccc2Cl)C,302.0,dimethyl sulfoxide
74,c1cc(ccc1F)N=Nc2cc3c4N(CC3)CCCc4c2,426.0,ethanol
75,c1ccccc1N=Nc2sc(cc2)C#N,364.0,acetonitrile
76,c1cc(ccc1N=NC=2C(=C(C(=O)N)C(NC=2O)=O)C)O,451.0,ethanol
77,C(C)N(CC)c1ccc(N=Nc2c(cc(cc2Cl)[N+]([O-])=O)C#N)cc1OC,573.0,
78,c1cc(ccc1N=Nc2ccc(cc2)C(C)=O)N(C)C,447.0,ethanol
79,c1cc(ccc1C(=O)C)N=Nc2n[nH]cc2,322.0,
80,C(c1c(c(N=Nc2c([N+](=O)[O-])cc([N+]([O-])=O)cc2Br)sc1NCCBr)C)#N,586.0,ethanol
81,CC(C)(C)c1cc(C(C)(C)C)c(c(c1)N=Nc2nnc(C)s2)O,459.0,ethanol
82,c1(cc(N(CCO)CCC#N)ccc1N=Nc2cccc(C(C)O)c2)C,405.0,
83,FC(F)(F)c1ccc(cc1)N=Nc2ccc(cc2C)N(CCO)CCO,434.0,ethanol
84,c1cc(ccc1[N+]([O-])=O)N=Nc2ccc(cc2C)N(CCC#N)CCC#N,441.0,
85,c1ccccc1N=Nc2ccc(cc2C)N(CCC#N)CCO,403.0,ethanol
86,FC(F)(F)c1ccc(c(N=Nc2c(cc(cc2)N(CCO)CCO)C)c1)Cl,450.0,ethanol
87,c1cc(ccc1)N=Nc2ccc(cc2OC)O,372.0,ethanol
88,N(=Nc1c(O)c(cc(C)c1)NC(C)=O)c2cc([N+]([O-])=O)cc(c2O)[N+](=O)[O-],400.0,
89,c1cc(ccc1)-c2c(c(NCCBr)sc2N=Nc3c(cc([N+]([O-])=O)cc3[N+](=O)[O-])Br)C(OCC)=O,545.0,ethanol
90,c1cc(ccc1)-c2c(N=Nc3n[nH]c(S)n3)c4ccccc4[nH]2,411.0,
91,c1cc(ccc1OC)N=Nc2n[nH]cc2,344.0,
92,c1cc(ccc1)-c2c(sc(N3CC3)c2C(OCC)=O)N=Nc4c(cc(cc4)[N+]([O-])=O),502.0,ethanol
93,c1cc(ccc1C(=O)C)N=Nc2ccc(c3ncccc23)O,401.0,
94,c1(cc(N(CCO)CCC#N)ccc1N=Nc2cc(OC)ccc2)C,407.0,ethanol
95,c1cc(ccc1Cl)N=Nc2cc3c4N(CC3)CCCc4c2,444.0,ethanol
96,Cc1noc(c1N=Nc2c(cccc2)Br)C,321.0,acetonitrile
97,O=S(=O)(OCCNc1c(c(C)c(N=Nc2c(C#N)cc([N+]([O-])=O)cc2)s1)C#N)C,584.0,ethanol
98,O=S(=O)(C)OCCNc1sc(c(C)c1C(N)=O)N=Nc2c(cc(cc2C#N)[N+]([O-])=O)Br,480.0,ethanol
99,c1cc(ccc1N(C)C)N=Nc2c3c4c(C(=O)N(CCCCCCCCCC)C(=O)c4ccc3)cc2,510.0,ethanol
100,c1ccccc1-c2n(C)c3ccccc3c2N=Nc4nc([nH]n4)S,408.0,
101,c1ccccc1N=Nc2c(C)cccc2,323.0,
102,c1cc(ccc1N(C)C)N=Nc2c(c(F)c(c(c2F)F)Nc3c(cccc3)O)F,438.0,ethanol
103,C(CO)N(CCO)c1ccc(c(c1)C)N=Nc2ccc(cc2)F,417.0,ethanol
104,c1cc(ccc1N=NC=2C(=C(C(=O)N)C(NC=2O)=O)C)C,429.0,ethanol
105,FC(F)(F)c1ccc(N=Nc2ccc(cc2)N(CC)CC)cc1,434.0,ethanol
106,FC(F)(F)c1cc(Cl)ccc1N=Nc2ccc(cc2)N(C)C,442.0,ethanol
107,c1(cc(N(CCO)CCC#N)ccc1N=Nc2cc(ccc2)Cl)C,410.0,ethanol
108,c1cc(ccc1[N+]([O-])=O)N=Nc2ccc(cc2)[N+]([O-])=O,335.0,
109,O=C1c2c3c(c(N=Nc4c(O)ccc5ccccc45)cc2)cccc3C(=O)N1CCCCCCCCCC,515.0,ethanol
110,c1(ccccc1N=Nc2ccc(cc2C)NCCC#N)C,400.0,ethanol
111,FC(F)(F)c1ccccc1N=Nc2ccc(cc2)N(C)C,429.0,ethanol
112,C1(C(=C(C(=C(N1CC)O)N=Nc2nncs2)C)C#N)=O,432.0,ethanol
113,c1(c(c(C)[nH]n1)N=Nc2cccc(Br)c2)C,335.0,acetonitrile
114,c1cc(ccc1N=Nc2c3c(c(cc2)O)nccc3)Oc4ccccc4,395.0,
115,c1ccccc1N=Nc2n(C)ncc2,341.0,acetonitrile
116,C(CO)N(CCO)c1ccc(N=Nc2ccc(cc2)Br)c(c1)C,425.0,ethanol
117,c1cc(ccc1O)N=Nc2c(OC)cccc2,351.0,ethanol
118,c1(c(N=Nc2cccc(Br)c2)c(C)on1)C,315.0,acetonitrile
119,Fc1cc(cc(F)c1N=Nc2ccc(cc2)C(OCC)=O)C(=O)OCC,320.0,acetonitrile
120,c1cc(ccc1)-c2c(C(OCC)=O)c(N3CC3)sc2N=Nc4c(cc(cc4Br)[N+]([O-])=O)C#N,588.0,ethanol
121,c1cc(ccc1[N+](=O)[O-])-c2csc(n2)N=NC=3C(=C(C#N)C(=O)N(C=3O)CC)C,469.0,ethanol
122,c1cc(ccc1C#N)N=Nc2ccccc2,321.0,
123,c1cc(ccc1)CO[C@@H]2[C@H]([C@H]3[C@H](O[C@H]2Sc4ccccc4)COC(COc5c(N=Nc6ccccc6OCC(=O)O3)cccc5)=O)OCc7ccccc7,310.0,acetonitrile
124,Cc1noc(c1N=Nc2cccc3c2cccc3)C,362.0,
125,c1cc(ccc1[N+]([O-])=O)N=Nc2nc3ccc([N+](=O)[O-])cc3s2,332.0,
126,c1c(OC)c(c(cc1)OC)N=Nc2c(C)nn(c2C)C,307.0,acetonitrile
127,c1cc(ccc1NCCC#N)N=Nc2cc(C)ccc2,400.0,
128,CCN(CC)c1ccc(cc1)N=Nc2cccc(C#N)c2C#N,490.0,ethanol
129,c1ccccc1N=Nc2ccc(cc2C)O,354.0,ethanol
130,c1cc(ccc1C)N=Nc2ccc(cc2)C,326.0,
131,c1ccccc1N=Nc2c(cccc2)Br,326.0,
132,c1cc(ccc1N=Nc2ccc(cc2)N(CCC#N)CC)Cl,409.0,methanol
133,c1(C#N)cc(cc(C#N)c1)N=Nc2ccc(cc2)N(CC)CC,562.0,ethanol
134,c1cc(ccc1[N+]([O-])=O)N=Nc2c(noc2C)C,332.0,acetonitrile
135,c1cc(ccc1N(C)C)N=Nc2c(F)c(c3Nc4c(cccc4)Oc3c2F)F,472.0,ethanol
136,c1cc(ccc1N=Nc2ccc(cc2)N(CCCl)CCCl)Br,405.0,ethanol
137,c1c(NCCC#N)ccc(c1C)N=Nc2ccccc2OC,394.0,ethanol
138,c1ccccc1N=Nc2ccc(cc2)Cl,324.0,
139,C(C)N(CC)c1cc(c(N=Nc2ccc(cc2C#N)[N+]([O-])=O)cc1)OC,555.0,
140,c1ccccc1N=Nc2n[nH]cc2,324.0,
141,c1cc(ccc1N(CC)CC)N=Nc2cc(c(N3CCOCC3)cc2)OC,422.0,
142,c1cc(ccc1N=Nc2ccccc2C#N)NCCC#N,429.0,
143,c1(cc(cc(F)c1N=Nc2c(cc(cc2F)C(OCC)=O)F)C(OCC)=O)F,314.0,acetonitrile
144,n1nc(N=Nc2c(C)[nH]c3ccccc23)sc1SC,445.0,
145,c1cc(ccc1N=Nc2cc(ccc2)C(=O)C)N(C)C,420.0,ethanol
146,c1cc(ccc1N=Nc2c(C)cccc2)O,350.0,ethanol
147,c1(c(OC)cc(cc1)N=Nc2ccc(c(OC)c2)OC)OC,381.0,ethanol
148,c1cc(ccc1)N=Nc2c(C)cnn2C,340.0,acetonitrile
149,CCN(CC)c1ccc(cc1)N=Nc2ccccc2C#N,462.0,ethanol
150,C(C)N(CC)c1cc(OC)c(cc1)N=Nc2ccc([N+](=O)[O-])cc2[N+](=O)[O-],545.0,
151,c12ccccc1c(N=Nc3nc([nH]n3)S)c(C)n2C,401.0,
152,c1c2c(nc(N=Nc3c4cccnc4c(cc3)O)s2)ccc1Cl,450.0,
153,FC(F)(F)c1cc(c(N=Nc2sc(N3CC3)c(C(OCC)=O)c2-c4ccccc4)c([N+]([O-])=O)c1),495.0,ethanol
154,c1(nc(nc(O)c1N=Nc2c(cc([N+](=O)[O-])cc2)OC)O)O,415.0,ethanol
155,C(c1sc(N=Nc2sc(c(n2)C(=O)OCC)NCCCC)nc1C(OCC)=O)NCCC,580.0,ethanol
156,c1cc(ccc1N(CC)CCC#N)N=Nc2c(cccc2)Cl,412.0,methanol
157,c1cc(ccc1N(CC)CC)N=Nc2cc(C#N)ccc2,446.0,ethanol
158,c1cc(ccc1)N=Nc2c(I)ccnc2,330.0,toluene
159,Cc1noc(c1N=Nc2c(C#N)cccc2)C,325.0,
160,c1(F)cccc(F)c1N=Nc2ccc(cc2)C(=O)OCC,316.0,acetonitrile
161,c1c(NCCC#N)ccc(c1C)N=Nc2ccccc2Cl,408.0,ethanol
162,c1cc(ccc1N=Nc2ccc(cc2)C#N)NCCC#N,428.0,
163,c1cc(ccc1N=Nc2ccc(cc2Cl)[N+](=O)[O-])N3CC3,396.0,ethanol
164,c1cc(ccc1)N=Nc2n(C)ccc2,385.0,acetonitrile
165,c1cc(ccc1C)N=Nc2c(n[nH]c2C)C,335.0,acetonitrile
166,c1c(Cl)c(ccc1)N=Nc2c(C)[nH]nc2C,339.0,acetonitrile
167,c1ccc(N=NC=2C(=C(C#N)C(N(CC)C=2NCCCOC)=O)C)c(C(=O)O)c1,419.0,ethanol
168,Cc1noc(c1N=Nc2c(cccc2)F)C,321.0,acetonitrile
169,c1cc(ccc1N=Nc2ccc(cc2)Cl)N(CCO)CCO,419.0,ethanol
170,FC(F)(F)c1cccc(c1)N=Nc2ccc(cc2)N(C)C,423.0,ethanol
171,c1ccccc1N=NC=2C(C)=C(C(N(CC)C=2NCCCOC)=O)C#N,416.0,ethanol
172,O=S(=O)(C)c1ccc(cc1)N=Nc2c(cc(cc2)N(CCC#N)CCO)C,434.0,
173,N(C(=O)C)c1cc(ccc1)N=Nc2c(C)n[nH]c2C,329.0,acetonitrile
174,c1cc(ccc1-n2nc(c(N=Nc3c(nn(-c4cc(c(cc4)C))c3O)C)c2O)C)S(=O)(=O)O,450.0,ethanol
175,c1cc(ccc1C)N=Nc2ccccc2,333.0,ethanol
176,c1cc(ccc1)N=NC=2C(=C(C(=O)N)C(NC=2O)=O)C,420.0,ethanol
177,FC(F)(F)c1ccc(cc1)N=Nc2ccccc2,315.0,
178,c1cc(ccc1OC)N=Nc2nnn(C)c2,349.0,acetonitrile
179,c1cc(ccc1N2CCCC2)N=Nc3ccc(cc3)N4CCCC4,431.0,
180,c1cc(ccc1C)N=Nc2ccc(cc2)N(CCCl)CCCl,407.0,ethanol
181,C(CO)N(CCO)c1ccc(c(c1)C)N=Nc2ccc(cc2)Cl,424.0,ethanol
182,c1cc(ccc1N(C)C)N=Nc2ccccc2Br,425.0,ethanol
183,c1ccccc1-c2c(c(N3CC3)sc2N=Nc4c(cc(cc4Br)[N+]([O-])=O)C#N),588.0,ethanol
184,c1c(C)c(c(cc1)N=Nc2cccc(C)c2C)C,332.0,
185,c1cc(ccc1N=Nc2c(cc(cc2)C)Cl)N3CC3,379.0,ethanol
186,O=S(=O)(OCCNc1sc(c(C)c1C#N)N=Nc2c(cc(cc2[N+](=O)[O-])[N+]([O-])=O)Br)C,586.0,ethanol
187,CC(C)(C)OC(=O)NCCCNc1sc(nc1C(OCC)=O)N=Nc2nc(C(=O)OCC)cs2,528.0,ethanol
188,CN(C)c1cc(C)c(N=Nc2c(C)ccc([N+](=O)[O-])c2)cc1,425.0,
189,c1cc(ccc1N=Nc2ccccc2)NCCO,398.0,
190,c1cc(ccc1[N+]([O-])=O)N=Nc2cc(c(cc2)N(CC)CC)OC,492.0,
191,ClCCN(CCCl)c1ccc(cc1)N=Nc2cc(C)ccc2,395.0,ethanol
192,c1cc(ccc1N=Nc2ccc(cc2)[N+](=O)[O-])NCCO,503.0,
193,c1cc(ccc1N=Nc2c(cc(cc2)N(CCC#N)CCO)C)C,402.0,ethanol
194,c1(cccc(C)c1N=Nc2ccccc2)C,316.0,
195,C(C)N(CC)c1cc(c(cc1OC)N=Nc2cc(c([N+](=O)[O-])cc2C(=O)OC)C(OC)=O)NC(C)=O,537.0,ethanol
196,FC(F)(F)c1cccc(N=Nc2ccc(cc2)N(C)CC)c1,426.0,ethanol
197,c1cc(ccc1O)N=Nc2cc3c4N(CC3)CCCc4c2,414.0,ethanol
198,O=S(=O)(C)OCCNc1sc(c(C)c1C(N)=O)N=Nc2ccc(cc2C#N)[N+]([O-])=O,460.0,ethanol
199,c1ccccc1-c2n(C)c3ccccc3c2N=Nc4nnc(CC)s4,438.0,
200,c1cc(ccc1N(C)C)N=Nc2ccccc2F,418.0,ethanol
201,c1cc(ccc1N=Nc2ccc(O)cc2O)[N+]([O-])=O,432.0,
202,c1cc(ccc1N=NC=2C(=C(C(=O)N)C(NC=2O)=O)C)Cl,422.0,ethanol
203,FC(F)(F)c1cc(cc(C(F)(F)F)c1)N=Nc2cc3CCCN(CCC#N)c3cc2,450.0,ethanol
204,C1CCCN1c2c(c(ccc2)F)N=Nc3cccn3C,362.0,dimethyl sulfoxide
205,O=S(=O)(N)c1c(OC)c(N=Nc2c3ccccc3ccc2O)cc(c1)C,500.0,ethanol
206,c1cc(ccc1N=Nc2sc3c(n2)cccc3)OC,361.0,
207,c1cc(ccc1N=NC2=C(NC(=O)C(C#N)=C2C)O)C3NC(=O)NC(C)=C3C(OCC)=O,439.0,ethanol
208,Cc1cc(cc(C)c1[N+](=O)[O-])N=Nc2cc(C)c(c(c2)C)N(C)C,382.0,
209,CC(C)OCCCN1C(=C(N=Nc2c(c(c(cc2)))[N+](=O)[O-])C(C)=C(C#N)C1=O)NCCCOC,446.0,ethanol
210,c1cc(ccc1Br)N=NC=2C(=C(C(=O)N)C(NC=2O)=O)C,420.0,ethanol
211,c1cc(ccc1N=Nc2cc3CCCN(CCC#N)c3cc2)Cl,420.0,ethanol
212,c1cc(ccc1[N+]([O-])=O)N=Nc2ccc(N)c(c2)OC,488.0,
213,c1cc(ccc1OC)N=Nc2ccc(NCCC#N)cc2C,395.0,ethanol
214,c1cc(ccc1)N=Nc2ccc(cc2)N(CCC#N)CC,399.0,ethanol
215,c1cc(ccc1O)N=Nc2ccc(cc2)Cl,356.0,ethanol
216,c1cc(ccc1C(OC)=O)N=NC=2C(=C(C#N)C(N(CCCOC(C)C)C=2NCCCOC)=O)C,440.0,ethanol
217,c1cc(ccc1N=Nc2ccc(cc2)CSS(=O)(=O)C)CSS(=O)(=O)C,342.0,water
218,c1cc(ccc1Cl)-c2c(c(N)sc2N=Nc3sc4c(ccc(c4)[N+]([O-])=O)n3)C#N,535.0,
219,c1cc(ccc1N=Nc2c3c4c(C(=O)N(CCCCCCCCCC)C(=O)c4ccc3)cc2)N(CC)CC,525.0,ethanol
220,C(C)N(CC)c1cc(c(cc1)N=Nc2ccc(cc2Cl)[N+]([O-])=O)OC,526.0,
221,c1cc(ccc1)N=Nc2ccccc2,318.0,ethanol
222,CCN(CC)c1ccc(c(O)c1)N=Nc2nc3c(s2)cc(cc3)OC,518.0,ethanol
223,c1cc(ccc1O)N=Nc2ccc(cc2Cl)Cl,366.0,ethanol
224,c1cc(ccc1N=Nc2cccc(OC)c2)O,349.0,ethanol
225,c1ccccc1N=Nc2ccc(NCCC#N)cc2C,396.0,ethanol
226,c1ccccc1N=Nc2ccc(O)cc2O,380.0,ethanol
227,c1cc(ccc1OC)N=Nc2sccc2,375.0,acetonitrile
228,c1cc(ccc1NCCC#N)N=Nc2ccc(cc2)[N+](=O)[O-],455.0,
229,c1c(O)c2ncccc2c(c1)N=Nc3nccs3,428.0,
230,c1cccc(N=Nc2c(C)[nH]nc2C)c1F,334.0,acetonitrile
231,c1cc(ccc1OC)N=Nc2c(noc2C)C,337.0,acetonitrile
232,c1ccccc1N=NC=2C(=C(C#N)C(N(CCCOC(C)C)C=2NCCCOC)=O)C,418.0,ethanol
233,Fc1c(F)c(c(F)c(F)c1N=Nc2c(F)c(F)c(c(F)c2F)F)F,310.0,acetonitrile
234,c1cc(ccc1NCCC#N)N=Nc2ccc(cc2)C,395.0,
235,CC(C)(C)c1cc(N=Nc2ccc(cc2OC)[N+](=O)[O-])c(c(C(C)(C)C)c1)O,450.0,ethanol
236,c1cc(ccc1O)N=Nc2c(cc(Br)cc2)Cl,368.0,ethanol
237,c1cc(ccc1[N+](=O)[O-])N=Nc2ccc(cc2)NCC,468.0,
238,Fc1cccc(F)c1N=Nc2c(F)cccc2F,305.0,acetonitrile
239,Fc1c(F)cc(c(F)c1N=Nc2c(F)c(F)cc(c2F)F)F,303.0,acetonitrile
240,c1(c(N=Nc2cccnc2)c(C)on1)C,316.0,
241,c1cc(ccc1N=Nc2c(n[nH]c2C)C)[N+]([O-])=O,360.0,acetonitrile
242,C(C)N(CC)c1ccc(cc1)N=Nc2ccc(cc2)C#N,466.0,ethanol
243,c1cc(ccc1C(=O)O)N=NC=2C(=C(C(=O)N)C(NC=2O)=O)C,422.0,ethanol
244,c1ccccc1N=Nc2ccc3c(c2)CCCN3,418.0,ethanol
245,C(CO)N(CCO)c1ccc(cc1)N=Nc2ccc(cc2)C,409.0,ethanol
246,c1cc(ccc1)N=Nc2ccc(cc2)C(C)=O,326.0,
247,c1ccc2c(c1)nc(N=Nc3ccccc3SC)s2,328.0,
248,c1cnc(N=Nc2c(cccc2)F)s1,369.0,acetonitrile
249,c1(N=Nc2c(C)cc(cc2)C)c(C)cc(cc1)C,346.0,
250,c1cc(ccc1N=Nc2cc(C)ccc2)N(C)C,407.0,ethanol
251,c1cc(ccc1C#N)N=Nc2ccc(s2)OC,414.0,acetonitrile
252,c1cc(ccc1)-c2c(C(OCC)=O)c(N3CC3)sc2N=Nc4ccc(cc4Cl)C,501.0,ethanol
253,c1cc(ccc1N=Nc2ccc(cc2)Br)N(CCO)CCO,421.0,ethanol
254,C1CN(CCC1)c2c(N=Nc3c(C)onc3C)cccc2,316.0,dimethyl sulfoxide
255,c1(cc[nH]n1)N=Nc2c(cccc2)F,328.0,
256,C1CN(CCC1)c2cc(NC(=O)CCl)ccc2N=Nc3c(cc(NC(=O)CCl)cc3)N4CCCCC4,445.0,water
257,c1cc(ccc1NC(=O)C)N=Nc2sc3c(n2)cccc3,371.0,
258,c1cc(ccc1N=Nc2nccs2)N(C)C,484.0,acetonitrile
259,OCCN(CCO)c1ccc(N=Nc2ccccc2C)c(C)c1,418.0,ethanol
260,c1cc(ccc1C#N)N=Nc2sccc2,371.0,acetonitrile
261,c1(C)cccc(N=Nc2cccc(C)c2)c1,331.0,
262,c1cc(ccc1)-c2c(C(=O)OCC)c(sc2N=Nc3c(cc([N+]([O-])=O)cc3[N+](=O)[O-]))N4CC4,586.0,ethanol
263,FC(F)(F)c1cc(cc(C(F)(F)F)c1)N=Nc2c(C)cc(cc2)N(CCO)CCO,434.0,ethanol
264,c1cc(ccc1C(C)=O)N=Nc2c(cc(cc2)N(CCC#N)CCO)C,412.0,
265,c1ccccc1Nc2ccc(cc2)N=Nc3ccc(cc3)[N+](=O)[O-],483.0,
266,c1nc2c(cc1)c(N=Nc3cnccc3)ccc2O,393.0,ethanol
267,c1cc(ccc1OC)N=Nc2ccc(c3ncccc23)O,386.0,ethanol
268,C1CCN(C1)c2c(N=Nc3ccc(OC)cc3F)ccc(OC)c2,344.0,acetonitrile
269,c1cc(ccc1N=Nc2sc3c(n2)cccc3)SC,392.0,
270,c1cc(ccc1-n2c(O)c(c(C)n2)N=Nc3c(O)n(nc3C(O)=O)-c4ccc(cc4)S(=O)(=O)O)S(=O)(=O)O,460.0,ethanol
271,c1c(F)c(c(cc1)F)N=Nc2c(C)n[nH]c2C,321.0,acetonitrile
272,c1c([N+](=O)[O-])cccc1N=Nc2cc([N+](=O)[O-])ccc2,311.0,
273,c1cc(ccc1N)N=Nc2n[nH]cc2,391.0,
274,C(O)(c1ccccc1N=Nc2c(nc(c(C#N)c2C)NCCCOC)NCCCOC)=O,431.0,ethanol
275,c1cc(ccc1N=Nc2ccc(cc2)OC)O,357.0,ethanol
276,c1cc(ccc1N=Nc2ccc(c3ncccc23)O)[N+]([O-])=O,414.0,
277,CN(C)c1ccc(N=Nc2ccc(cc2)C(C)=O)c(c1)C,452.0,ethanol
278,c1nc2c(cc1)c(N=Nc3nc4ccccc4[nH]3)ccc2O,437.0,
279,c1ccccc1N=Nc2c(noc2C)C,315.0,acetonitrile
280,c1cc(ccc1N=Nc2cc(C#N)ccc2)N(C)C,435.0,ethanol
281,c1cc(ccc1N(C)C)N=Nc2c(F)c(F)c(c(c2F)F)Sc3ccccc3N,448.0,ethanol
282,c1cc(ccc1N(CC)CC)N=Nc2ccc(C)cc2,416.0,ethanol
283,c1ccccc1N=Nc2nnn(C)c2,328.0,acetonitrile
284,c1cc(ccc1)N=Nc2ccc(cc2)NCCC#N,390.0,ethanol
285,Fc1cccc(F)c1N=Nc2c(F)cc(cc2F)C(OCC)=O,310.0,acetonitrile
286,c1cc(ccc1C)N=Nc2sccc2,365.0,
287,c1cc(ccc1N=Nc2ccc(cc2)N3CCOCC3)N4CCOCC4,402.0,
288,c1cnc(N=Nc2c(cccc2)I)s1,372.0,acetonitrile
289,CC(C)(C)c1cc(c(O)cc1)N=Nc2nc(-c3ccc(cc3)[N+](=O)[O-])cs2,428.0,ethanol
290,CC(C)c1cc(cc(C(C)C)c1N=Cc2cc(N=Nc3ccc(cc3)[N+]([O-])=O)ccc2O)S(=O)(=O)O,267.0,
291,c1(c(c(C)[nH]n1)N=Nc2cc(OC)ccc2)C,330.0,acetonitrile
292,FC(F)(F)c1c(N=Nc2c(C)c(c(s2)NCCBr)C#N)c(cc(c1)[N+]([O-])=O),598.0,ethanol
293,c1(F)c(F)c(c(c(F)c1N=Nc2c(c(F)c(c(c2F)F)NCCO)F)F)F,392.0,ethanol
294,c1cc(ccc1N=Nc2c3c4c(C(=O)N(CCCCCCCCCC)C(=O)c4ccc3)cc2)NC(=O)C,430.0,ethanol
295,c1cc(ccc1N=Nc2n[nH]cc2)[N+]([O-])=O,340.0,
296,C1CCCN1c2cccc(c2N=Nc3c(nn(C)c3C)C)F,312.0,dimethyl sulfoxide
297,c1ccccc1N=Nc2cccc([N+](=O)[O-])c2,327.0,
298,c1cc(ccc1F)N=Nc2sc3cc(ccc3n2)[N+]([O-])=O,342.0,
299,c1cc(ccc1N=Nc2ccc(cc2)Cl)N(C)C,417.0,ethanol
300,c1cc(ccc1F)N=Nc2c(noc2C)C,318.0,acetonitrile
301,C1CN(CCC1)c2c(cccc2)N=Nc3c(C)n(nc3C)C,329.0,dimethyl sulfoxide
302,[N+](c1c(cccc1)N=Nc2c(C)[nH]nc2C)(=O)[O-],339.0,acetonitrile
303,FC(F)(F)c1ccc(cc1)N=Nc2c(n[nH]c2C)C,334.0,acetonitrile
304,c1c([N+]([O-])=O)cc2c(nc(N=Nc3cccc(CO)c3)s2)c1,346.0,
305,c1cc(ccc1Br)N=Nc2cc3CCCN(CCC#N)c3cc2,420.0,ethanol
306,c1cc(ccc1N=Nc2nccs2)C#N,371.0,acetonitrile
307,c1ccccc1-c2c(N=Nc3c(cc(cc3Br)[N+]([O-])=O)C#N)sc(NCCBr)c2,560.0,ethanol
308,c1cc(ccc1N=Nc2ccc(cc2Cl)[N+]([O-])=O)N(CC)CC,512.0,
309,c1ccccc1N=Nc2ccc3c(CCCN3CCC#N)c2,410.0,ethanol
310,c1cc(ccc1N=Nc2ccc(cc2)N(C)C)[N+](=O)[O-],473.0,
311,c1cc(ccc1N(CC)CC)N=Nc2c(cc(Br)cc2),427.0,ethanol
312,c1cc(ccc1)N=Nc2c(cccc2)NC(C)=O,326.0,methanol
313,c1cc(ccc1NCC)N=Nc2ccccc2,405.0,ethanol
314,c1nc2c(cc1)c(N=Nc3nc4c(cccc4)s3)ccc2O,442.0,
315,c1(c(c(C)[nH]n1)N=Nc2cccc(c2)O)C,330.0,acetonitrile
316,C1CN(CCO1)c2ccccc2N=Nc3c(C)n(nc3C)C,328.0,dimethyl sulfoxide
317,c1cc(ccc1C(=O)O)N=NC=2C(=C(C#N)C(N(CCCOC(C)C)C=2NCCCOC)=O)C,436.0,ethanol
318,c1cc(ccc1N=Nc2ccc(cc2)N(CCO)CCO)F,410.0,ethanol
319,c1cc(ccc1-c2csc(N=Nc3c4cccnc4c(O)cc3)n2)Br,462.0,
320,FC(F)(F)c1ccc(cc1)N=Nc2cc3CCCN4CCCc(c2)c34,471.0,ethanol
321,FC(F)(F)c1ccc(cc1)N=Nc2ccc(cc2)N(C)C,427.0,ethanol
322,C1CCc2cc(cc3CCCN1c23)N=Nc4ccc(cc4)Br,464.0,ethanol
323,c1cc(ccc1N(C)C)N=Nc2c(c(F)c3Sc4ccccc4Sc3c2F)F,446.0,ethanol
324,N#Cc1cc([N+]([O-])=O)ccc1N=Nc2c(C)c(C#N)c(s2)NCCBr,583.0,ethanol
325,C(c1cc(cc(C#N)c1N=Nc2c(C)cc(cc2)N(CC)CC)C#N)#N,562.0,
326,c1(c(N=Nc2cccc(c2)O)c(C)on1)C,313.0,acetonitrile
327,c1cc(ccc1NCCC#N)N=Nc2c([N+](=O)[O-])cccc2,422.0,
328,c1cc(ccc1NC(NCCSS(=O)(=O)C)=O)N=Nc2ccc(cc2)NC(NCCSS(=O)(=O)C)=O,382.0,water
329,c1(N=Nc2nccs2)nc(cs1),398.0,ethanol
330,c1cnc(N=Nc2ccccc2Cl)s1,371.0,acetonitrile
331,c1(cc(N(CCO)CCC#N)ccc1N=Nc2cccc(Br)c2)C,414.0,ethanol
332,c1ccccc1-c2[nH]c3c(cccc3)c2N=Nc4sc(CC)nn4,440.0,
333,O=S(=O)(C)OCCNc1sc(c(C)c1C#N)N=Nc2c(Cl)cc(cc2)[N+](=O)[O-],599.0,ethanol
334,c1cc(ccc1O)N=Nc2ccc(cc2)C,353.0,ethanol
335,c1cc(ccc1N=Nc2c3c(c4c(Nc5c(cccc5)S4)c2F)Sc6ccccc6S3)N(C)C,404.0,ethanol
336,c1cc(ccc1N=Nc2cc3CCCN(CCC#N)c3cc2)OC,406.0,ethanol
337,c1cc(ccc1N=Nc2ccc(cc2)Br)Br,324.0,
338,c1cc(ccc1Br)N=Nc2c(n[nH]c2C)C,337.0,acetonitrile
339,c1cc(ccc1N=Nc2c(C)cccc2)N(CCCl)CCCl,395.0,ethanol
340,c1cc(ccc1OC)N=Nc2ccc(cc2)N(C)C,407.0,ethanol
341,c1ccccc1N=Nc2cc(C)ccc2O,330.0,
342,c1cc(ccc1OC)N=Nc2cc3c4N(CC3)CCCc4c2,417.0,ethanol
343,c1cc(ccc1C)N=Nc2ccc(NCCC#N)cc2C,395.0,ethanol
344,c1cc(ccc1C(=O)O)N=Nc2ccc(c3ncccc23)O,503.0,
345,c1ccc(c(C#N)c1)N=Nc2cc3c(cc2)N(CCC3)CCC#N,448.0,ethanol
346,c1cc(ccc1)N=Nc2n(ccn2)C,363.0,acetonitrile
347,c1cc(ccc1C)N=Nc2ccc(O)cc2O,386.0,ethanol
348,c1cc(ccc1F)N=Nc2c(n[nH]c2C)C,330.0,acetonitrile
349,C1CCN(C1)c2cc(ccc2N=Nc3ccc(cc3N4CCCCC4)OC)OC,488.0,acetonitrile
350,c1ccccc1-c2c(c(NCCBr)sc2N=Nc3c(cc(cc3)C(C)=O))C(OCC)=O,479.0,ethanol
351,c1c(OC)c(c(cc1NC(=O)C)OC)N=Nc2c(cc(cc2OC)NC(=O)C)OC,338.0,dimethyl sulfoxide
352,c1(C)cc2c(sc(n2)N=Nc3c4c(c(cc3)O)nccc4)cc1C,456.0,
353,c1cc(ccc1NCCC#N)N=Nc2cccc(c2)[N+](=O)[O-],418.0,
354,c1cc(ccc1)N=Nc2ccc(cc2)F,322.0,
355,Cc1noc(c1N=Nc2ccccc2Cl)C,321.0,acetonitrile
356,C1CCCN1c2cc(OC)cc(F)c2N=Nc3ccc(cc3)OC,335.0,acetonitrile
357,c1cc(ccc1N=Nc2c(OC)cccc2)NCCC#N,394.0,
358,c1nc2c(cc1)c(N=Nc3c(C(=O)O)cccc3)ccc2O,398.0,
359,CC(C)(C)c1cc(N=Nc2cc(SOON(CC)CC)ccc2OC)c(O)c(C(C)(C)C)c1,421.0,ethanol
360,c1ccc(cc1C#N)N=Nc2cccs2,364.0,acetonitrile
361,c1ccccc1N=Nc2cnccc2,322.0,toluene
362,c1ccccc1-c2c(c(NCCBr)sc2N=Nc3ccc(cc3))C(OCC)=O,446.0,ethanol
363,c1cc(ccc1O)N=Nc2c(noc2C)C,340.0,acetonitrile
364,c1cc(ccc1N=Nc2c(N3CCCC3)cc(OC)cc2)OC,340.0,acetonitrile
365,C1CCCN1c2c(OC)cc(N=Nc3cc(OC)c(N4CCCC4)cc3)cc2,452.0,
366,c1cc(ccc1OC)N=Nc2c3c(c(cc2)OC)nccc3,367.0,ethanol
367,c1ccc(N=NC=2C(=C(C#N)C(N(CC)C=2NCCCOC)=O)C)c(c1)C(=O)OC,425.0,ethanol
368,c1cc(ccc1N=Nc2sc3cc(ccc3n2)[N+]([O-])=O)OC,399.0,
369,CN(C)c1ccc(cc1)N=Nc2cc(Cl)ccc2,420.0,ethanol
370,c1cc(ccc1)-c2c(C(OCC)=O)c(N3CC3)sc2N=Nc4c(Cl)cc(cc4)[N+](=O)[O-],526.0,ethanol
371,c1cc2c(sc(N=Nc3ccccc3Cl)n2)cc1[N+]([O-])=O,343.0,
372,C(C)N(CC)c1ccc(cc1)N=Nc2ccc(cc2)N3CCCCC3,420.0,
373,c1cc(ccc1NCCC#N)N=Nc2ccc(cc2)NC(C)=O,403.0,
374,c1cc(ccc1N(CC)CC)N=Nc2c(C#N)ccc(C#N)c2,495.0,ethanol
375,c1nc2c(cc1)c(N=Nc3nc4c(ccc5c4cccc5)s3)ccc2O,564.0,ethanol
376,O=C1c2c3c(c(N=Nc4c(ccc(c4)[N+]([O-])=O)N)cc2)cccc3C(=O)N1CCCCCCCCCC,420.0,ethanol
377,c1cc(ccc1N(CC)CC)N=Nc2ccc(OC)cc2,414.0,ethanol
378,c1(cccc(F)c1N=Nc2c(n(nc2C)C)C)F,328.0,acetonitrile
379,c1c(c2nc(N=Nc3c4cccnc4c(cc3)O)sc2cc1Cl)Cl,546.0,ethanol
380,c1cc(ccc1C)N=Nc2c(noc2C)C,323.0,acetonitrile
381,c1cc(ccc1Cl)N=Nc2c(cc(cc2)N(CCC#N)CCO)C,413.0,ethanol
382,c1cc(ccc1N=NC(C(C)=O)C(=O)c2ccccc2)S(=O)(=O)N,360.0,ethanol
383,c1cc(ccc1N(CC)C)N=Nc2ccccc2,411.0,ethanol
384,c1(c(c(C)[nH]n1)N=Nc2c(ccc(c2)Cl)Cl)C,346.0,acetonitrile
385,C1CCc2cc(cc3CCCN1c23)N=Nc4ccc(cc4)O,449.0,ethanol
386,c1cc(ccc1N)N=Nc2ccccc2,389.0,ethanol
387,c1cc2c(sc(N=Nc3ccccc3SC)n2)cc1[N+]([O-])=O,340.0,
388,Fc1ccc(c(c1)N=Nc2c(C)n[nH]c2C)F,343.0,acetonitrile
389,c1ccccc1N=Nc2c(C)cc(N(CCC#N)CC)cc2,404.0,
390,c1cc(ccc1N(CCO)CCC#N)N=Nc2ccc(cc2)[N+](=O)[O-],451.0,
391,COc1cc(c(cc1)N=Nc2c(F)cc(OC)cc2)F,359.0,acetonitrile
392,c1cc(ccc1C)N=Nc2cc3CCCN(CCC#N)c3cc2,410.0,ethanol
393,c1(ccccc1N=Nc2c(C)[nH]nc2C)Br,340.0,acetonitrile
394,CCN(CC)c1ccc(c(O)c1)N=Nc2scc(C)n2,504.0,ethanol
395,O=C1c2c3c(c(N=Nc4c5c(ccc4N)cccc5)cc2)cccc3C(=O)N1CCCCCCCCCC,546.0,ethanol
396,c1(c(C)[nH]c2ccccc12)N=Nc3nc([nH]n3)S,392.0,
397,c1cc(ccc1N(C)C)N=Nc2c(OC)cccc2,413.0,ethanol
398,c1ccc2c(c1)nc(N=Nc3ccccc3OC)s2,325.0,
399,c1(Cl)cccc(Cl)c1N=Nc2c(onc2C)C,297.0,acetonitrile
400,C(Cl)CN(CCCl)c1ccc(cc1)N=Nc2ccccc2,397.0,ethanol
401,c1(c(C)[nH]c2ccccc12)N=Nc3scnn3,428.0,
402,c1cc(ccc1N=Nc2c([N+](=O)[O-])cccc2)N(C)C,440.0,
403,FC(F)(F)c1c(ccc(c1)[N+]([O-])=O)N=Nc2cc(C#N)c(NCCOS(=O)(=O)C)s2,604.0,ethanol
404,c1c2CCCN3CCCc(cc1N=Nc4ccccc4)c23,442.0,ethanol
405,FC(F)(F)c1ccc(c(c1))N=Nc2sc(c(C(OCC)=O)c2-c3ccccc3)NCCBr,462.0,ethanol
406,n1c(csc1N=Nc2c3ccccc3ccc2O)C,491.0,ethanol
407,c1ccccc1-c2c(c(NCCBr)sc2N=Nc3c(cc(S(=O)(=O)C)cc3Cl))C(OCC)=O,495.0,ethanol
408,c1ccccc1N=Nc2n(c(cc2C)C)C,394.0,acetonitrile
409,c1ccccc1N=Nc2ccn(C)n2,320.0,acetonitrile
410,C1(=C(N(C(C(=C1C)C#N)=O)CC)NCCCOC)N=Nc2c(cc(cc2))[N+]([O-])=O,445.0,ethanol
411,c1(F)cc(cc(F)c1N=Nc2ccc(cc2)OC)OC,350.0,acetonitrile
412,c1cc(ccc1C)N=Nc2n[nH]cc2,332.0,
413,CN(C)c1ccc(N=Nc2c(cc(Cl)cc2)C)c(c1)C,411.0,
414,c1cc(ccc1N=Nc2c(cc(OC)cc2)N3CCCCC3)OC,341.0,acetonitrile
415,c1cc(ccc1[N+](=O)[O-])N=Nc2ccc(cc2)N(CCC#N)CC,452.0,
416,c1cc(ccc1OCC)N=Nc2ccc(cc2)NCCO,398.0,ethanol
417,c1cc(ccc1N=Nc2cc(Cl)ccc2)O,357.0,ethanol
418,c1cc(ccc1N)N=Nc2ccc(cc2)N(C)C,410.0,
419,c1ccccc1N=Nc2ccc(N)cc2N,411.0,
420,Fc1cc(cc(F)c1N=Nc2ccccc2)C(=O)OCC,316.0,acetonitrile
421,FC(F)(F)c1c(cccc1)N=Nc2ccc(cc2C)N(CCO)CCO,454.0,ethanol
422,FC(F)(F)c1cc(c(c([N+]([O-])=O)c1)N=Nc2sc(c(c2-c3ccccc3)C(OCC)=O)NCCBr),492.0,ethanol
423,c1cc(ccc1N=Nc2ccc(OC)cc2)N(C)C,405.0,ethanol
424,FC(F)(F)c1ccc(cc1)N=Nc2sccc2,357.0,acetonitrile
425,c1cc(ccc1I)N=Nc2ccc(cc2)N(CCO)CCO,424.0,ethanol
426,c1ccc2c(c1)nc(N=Nc3ccccc3Cl)s2,335.0,
427,c1ccc(c(C#N)c1)N=Nc2ccc(cc2C)N(CCO)CCC#N,438.0,ethanol
428,CN(C)c1ccccc1N=Nc2nccs2,525.0,acetonitrile
429,c1(N=Nc2nc3c(cccc3)s2)ccccc1NC(=O)C,331.0,
430,c1cc(ccc1N=Nc2ccc(cc2)N(C)C)NC(=O)C,431.0,ethanol
431,O=S(=O)(C)OCCNc1c(C#N)cc(N=Nc2c([N+]([O-])=O)cc(cc2Br)[N+]([O-])=O)s1,591.0,ethanol
432,C(CO)N(CCO)c1ccc(N=Nc2ccc(cc2)OC)c(c1)C,414.0,ethanol
433,c1cc(ccc1OC)N=Nc2ccc(O)cc2O,388.0,ethanol
434,c1ccccc1-c2cc(N3CC3)sc2N=Nc4c(cc([N+]([O-])=O)cc4[N+](=O)[O-])Br,585.0,ethanol
435,c1cc(ccc1F)N=Nc2ccc(NCCC#N)cc2C,398.0,ethanol
436,c1cc(ccc1N=Nc2ccc(cc2)[N+](=O)[O-])N,441.0,
437,c1c(F)c(c(cc1)F)N=Nc2c(C)onc2C,309.0,acetonitrile
438,C(C)N(CC)c1c(OC)cc(cc1)N=Nc2ccc([N+]([O-])=O)cc2Cl,518.0,
439,c1cc(ccc1N=Nc2ccc(cc2C)N(CCO)CCO)C,416.0,ethanol
440,c1cc(N=Nc2ccccc2Cl)c(cc1N(CCO)CCC#N)C,412.0,ethanol
441,c1cc(ccc1[N+]([O-])=O)N=Nc2ccc(O)c(c2)C(O)=O,385.0,
442,c1cc(ccc1N=Nc2ccc(cc2)F)F,325.0,
443,c1ccccc1N=Nc2c(C)cn(C)n2,325.0,acetonitrile
444,c1cc(ccc1C(=O)O)N=Nc2n[nH]cc2,328.0,
445,c1cc(ccc1)N=Nc2ccc(cc2)N(CCC#N)CCO,397.0,ethanol
446,c1cc(ccc1)N=Nc2ccc(cc2)N(CCO)CCO,407.0,ethanol
447,c1cc(ccc1[N+](=O)[O-])S(=O)(=O)c2sc(nc2)N=Nc3ccc(c4ncccc34)O,491.0,
448,Clc1cccc(Cl)c1N=Nc2c(nn(c2C)C)C,328.0,acetonitrile
449,CC(C)(C)c1ccc(c(c1)N=Nc2nnc(s2)C)O,430.0,ethanol
450,c1cc(ccc1C#N)N=Nc2ccc(c3ncccc23)O,413.0,
451,c1cc(ccc1N=NC=2C(N(C)C(N(C)C=2N)=O)=O)C,364.0,ethanol
452,c1cc(ccc1NCCC#N)N=Nc2ccccc2F,404.0,
453,c1ccccc1-c2c(N=Nc3scnn3)c4ccccc4n2C,431.0,
454,c1cc(ccc1[N+]([O-])=O)N=Nc2c(cc(cc2)N(CCC#N)CCO)C,461.0,
455,c1cc(ccc1Cl)N=Nc2sc3cc(ccc3n2)[N+]([O-])=O,346.0,
456,C1CCc2cc(cc3CCCN1c23)N=Nc4ccc(cc4)Cl,461.0,ethanol
457,c1cc(ccc1N=Nc2cc3CCCN4CCCc(c2)c34)C,446.0,ethanol
458,Fc1cccc(c1)N=Nc2c(C)n[nH]c2C,334.0,acetonitrile
459,c1cc(ccc1I)N=Nc2sc3cc(ccc3n2)[N+]([O-])=O,368.0,
460,c1c2c(ccc1)nc(N=Nc3sc4ccccc4n3)s2,421.0,
461,FC(F)(F)c1cc(ccc1N=Nc2sc(N3CC3)c(c2-c4ccccc4)C(OCC)=O)[N+]([O-])=O,536.0,ethanol
462,N(CCCOC)C1=C(C(=C(C#N)C(N1CC)=O)C)N=Nc2c(c(ccc2)C)C,399.0,ethanol
463,O=S(=O)(OCCNc1c(c(c(N=Nc2c(C#N)cc([N+](=O)[O-])cc2Br)s1)C)C#N)C,584.0,ethanol
464,O=S(=O)(OCCNc1c(cc(N=Nc2c(cc(cc2C#N)[N+](=O)[O-]))s1)C#N)C,592.0,ethanol
465,C1CCc2cc(cc3CCCN1c23)N=Nc4ccc(cc4)F,450.0,ethanol
466,c1ccccc1N=Nc2sccc2,359.0,acetonitrile
467,c1(c(cccc1)F)N=Nc2c(cccc2)F,325.0,acetonitrile
468,c1c(cc(cc1)N=Nc2c(noc2C)C)N,315.0,acetonitrile
469,c1cc(ccc1N=Nc2ccccc2)Nc3ccccc3,411.0,
470,c1ccccc1-c2c(c(NCCBr)sc2N=Nc3c(cc(cc3)[N+]([O-])=O)C#N)C(OCC)=O,548.0,ethanol
471,c1cc(ccc1C#N)N=Nc2cc3CCCN(CCC#N)c3cc2,450.0,ethanol
472,c1cc(ccc1)N=Nc2nn(cn2)C,310.0,acetonitrile
473,c1ccccc1N=Nc2n(C)cnc2,362.0,acetonitrile
474,C1CCN(C1)c2c(cccc2)N=Nc3c(C)n(nc3C)C,322.0,dimethyl sulfoxide
475,c1cc(ccc1)N=Nc2ccc(cc2)N(CCC#N)C,396.0,
476,c1cc(ccc1N=Nc2ccccc2)N(C)C,408.0,ethanol
477,CCN(CC)c1ccc(cc1)N=Nc2c(cc([N+]([O-])=O)cc2Br)[N+]([O-])=O,540.0,
478,c1cc(ccc1N=Nc2c(CCO)cccc2)NCCC#N,399.0,
479,c1cc(ccc1[N+](=O)[O-])N=Nc2ccc(cc2)N(CCC#N)C,448.0,
480,c1ccccc1N=Nc2ccc(N(C)C)cc2C,460.0,ethanol
481,c1cc(ccc1N=Nc2ccc(cc2)Cl)Cl,331.0,
482,c1cc(ccc1C(=O)C)N=Nc2ccc(cc2)N(CCO)CCO,448.0,ethanol
483,FC(F)(F)C(F)(F)C(F)(F)C(F)(F)C(F)(F)C(F)(F)c1ccc(cc1)N=Nc2ccc(cc2)N(CC)CC,444.0,ethanol
484,N(=Nc1cc(C)ccc1C)c2cc(C)ccc2C,336.0,
485,c1ccc2c(c(N=Nc3c4ccccc4ccc3O)ccc2)n1,502.0,ethanol
486,c1cc(ccc1N=Nc2ccc(cc2C)N(C)C)N,409.0,ethanol
487,c1cc(ccc1N=Nc2ccc(cc2)N(CCCl)CCCl)Cl,405.0,ethanol
488,C(C)N(CC)c1c(OC)cc(N=Nc2ccc([N+]([O-])=O)cc2C#N)cc1,555.0,
489,FC(F)(F)c1ccc(cc1)N=Nc2ccc(cc2)N(C)C,427.0,ethanol
490,C1CCc2cc(cc3CCCN1c23)N=Nc4ccc(cc4)OC,452.0,ethanol
491,Cc1c(Cl)cccc1N=Nc2cccc(c2C)Cl,329.0,
492,c1(cccc([N+]([O-])=O)c1)Cc2cnc(N=Nc3c4ccccc4ccc3O)s2,491.0,ethanol
493,c1cc(ccc1-n2nc(c(N=Nc3c(O)n(nc3C)-c4ccc(c(Cl)c4Cl)S(=O)(=O)O)c2O)C)S(=O)(=O)O,440.0,ethanol
494,c1cc(ccc1)N=Nc2cc(n(C)c2C)C,363.0,acetonitrile
495,c12ccccc1c(N=Nc3nnc(s3)CC)c(C)n2C,432.0,
496,CCN(CC)c1ccc(cc1)N=Nc2ccc(C#N)cc2C#N,514.0,ethanol
497,CN(C)CCCNc1c(C(OCC)=O)nc(s1)N=Nc2nc(C(=O)OCC)cs2,536.0,ethanol
498,c1cc(ccc1N(CC)CC)N=Nc2ccc(cc2)C(C)=O,462.0,ethanol
499,O=C1c2c3c(c(N=Nc4c5c(cc(c4O)O)cccc5)cc2)cccc3C(=O)N1CCCCCCCCCC,510.0,ethanol
500,c1cc(ccc1N=Nc2cc(C)ccc2O)NC(C)=O,357.0,
501,FC(F)(F)c1cc(ccc1)N=Nc2c(C)cc(cc2)N(CCC#N)CCO,418.0,ethanol
502,C1CCCN1c2ccc(N=Nc3ccc(N4CCCC4)c(C)c3)cc2C,406.0,
503,c1cc(ccc1N=Nc2ccc(cc2)[N+](=O)[O-])NC,464.0,
504,c1(cc(ccc1N=Nc2cc(C)ccc2)NCCC#N)C,400.0,ethanol
505,Clc1cc(cc(Cl)c1N=Nc2c(Cl)cccc2Cl)N(C)C,400.0,dimethyl sulfoxide
506,c1c(ccc(C)c1C)N=Nc2cc(c(C)cc2)C,333.0,
507,c1c([N+]([O-])=O)cc(OC)c(c1)N=NC=2C(=C(C(=O)N(CC)C=2O)C#N)C,452.0,ethanol
508,c1cc(ccc1)-c2c(sc(N3CC3)c2C(=O)OCC)N=Nc4c([N+](=O)[O-])cc(cc4Br)[N+]([O-])=O,586.0,ethanol
509,FC(F)(F)c1ccc(cc1)N=Nc2cc3c4N(CCc4c2)CCC3,461.0,ethanol
510,O=S(=O)(C)OCCNc1c(C#N)cc(N=Nc2c(cc(cc2Cl)[N+](=O)[O-]))s1,606.0,ethanol
511,c1(ccc(c(c1)OC)N=Nc2c(cc(cc2)NC(=O)C)OC)NC(=O)C,338.0,dimethyl sulfoxide
512,c1cc(ccc1O)N=Nc2ccc(cc2)NC(=O)C,368.0,ethanol
513,c1cc(ccc1N=Nc2ccc(cc2)C(=O)OC)N(C)C,442.0,
514,c1cc(ccc1N2CCOCC2)N=Nc3ccc(cc3)N(CC)CC,417.0,
515,c1(c(N=Nc2cc(F)ccc2F)c(C)on1)C,328.0,acetonitrile
516,N(=Nc1scnn1)c2c3ccccc3ccc2O,477.0,ethanol
517,N(c1ccccc1OC)=Nc2c(C)[nH]nc2C,350.0,acetonitrile
518,c1cc(ccc1N=Nc2cccc(Br)c2)N(C)C,421.0,ethanol
519,c1cc(ccc1N(CC)CC)N=Nc2c(cc(cc2C#N)[N+]([O-])=O)C#N,592.0,
520,c1cc(ccc1N=Nc2cc3c4N(CC3)CCCc4c2)C,422.0,ethanol
521,c1cc(ccc1[N+](=O)[O-])N=Nc2ccc(cc2)N(CC)CCOC(=O)CCOCCNc3ccccc3,473.0,ethanol
522,c1ccccc1-c2c(sc(c2)NCCBr)N=Nc3c(cc([N+]([O-])=O)cc3[N+](=O)[O-])Br,567.0,ethanol
523,c1(c(F)c(c(c(F)c1N=Nc2ccc(cc2)N(C)C)F)NCCN)F,425.0,ethanol
524,[N+](c1c(cccc1)N=Nc2ccc(cc2C)N(CCO)CCC#N)(=O)[O-],429.0,
525,c1(C)cc(cc(C)c1)N=Nc2ccc(cc2)O,351.0,
526,c1cc(ccc1N(CC)CC)N=Nc2ccccc2,416.0,ethanol
527,c1ccccc1N=Nc2ccc(c(C)c2)O,354.0,ethanol
528,c1ccccc1-c2c(c(NCCBr)sc2N=Nc3c(Cl)cc(cc3)[N+](=O)[O-])C(OCC)=O,524.0,ethanol
529,c1c([N+]([O-])=O)cc2c(nc(N=Nc3cc(ccc3)Cl)s2)c1,334.0,
530,C(C)N(CC)c1ccc(cc1)N=Nc2ccc(cc2)C(=O)C,462.0,ethanol
531,c1cc(ccc1N=Nc2c(F)c(F)c3Sc4c(Nc3c2F)cccc4)N(C)C,477.0,ethanol
532,CCN(CC)c1cc(c(N=Nc2cc(C(OC)=O)c(cc2C(OC)=O)[N+](=O)[O-])cc1)NC(C)=O,528.0,ethanol
533,FC(F)(F)c1c(cccc1)N=Nc2c([nH]nc2C)C,335.0,acetonitrile
534,c1ccccc1N=Nc2c(C(C)C)ccnc2,323.0,toluene
535,C(C)N(CC)c1ccc(cc1)N=Nc2ccc(cc2)N,412.0,
536,CCN(CC)c1ccc(cc1)N=Nc2c(cc(cc2Cl)[N+]([O-])=O)C#N,551.0,
537,c1cc(ccc1N=Nc2cc(Cl)ccc2)N(CCCl)CCCl,406.0,ethanol
538,c1ccccc1-c2c(c(NCCBr)sc2N=Nc3c(cc(cc3)[N+]([O-])=O))C(OCC)=O,502.0,ethanol
539,c1(cc(N(CCO)CCC#N)ccc1N=Nc2cccc(F)c2)C,415.0,ethanol
540,c1c(cccc1Cl)N=Nc2c(C)n[nH]c2C,336.0,acetonitrile
541,FC(F)(F)c1ccc(cc1)N=Nc2c(noc2C)C,312.0,acetonitrile
542,c1ccccc1N=Nc2c(n[nH]c2C)C,330.0,acetonitrile
543,c1cnc(N=Nc2ccccc2NC)s1,508.0,acetonitrile
544,c1ccccc1-c2c(sc(N3CC3)c2)N=Nc4c(cc(cc4)[N+]([O-])=O)C#N,588.0,ethanol
545,c1cc(ccc1N(C)C)N=Nc2ccccc2C(O)=O,410.0,
546,C(C)N(CC)c1ccc(cc1OC)N=Nc2ccc([N+](=O)[O-])cc2[N+](=O)[O-],540.0,
547,c1cc(ccc1)N=Nc2c(OC)cc(OC)cc2,362.0,ethanol
548,c1cc(ccc1Cl)N=Nc2ccc(NCCC#N)cc2C,404.0,ethanol
549,c1cc(ccc1N=Nc2c(Cl)ccc(c2)Br)O,370.0,ethanol
550,c1cnc(N=Nc2ccccc2N)s1,482.0,acetonitrile
551,c1cc(ccc1N=Nc2ccc(cc2)F)NCCC#N,398.0,
552,c1(scc(C)n1)N=NC=2C(=C(C(=O)N(CC)C=2O)C#N)C,466.0,ethanol
553,c1(ccccc1N=Nc2ccc(cc2C)N(CCO)CCC#N)C,405.0,ethanol
554,c1cc(ccc1)-c2c(sc(N3CC3)c2C(OCC)=O)N=Nc4c(cc(cc4)[N+]([O-])=O)C#N,576.0,ethanol
555,c1cc(ccc1N=Nc2ccc(cc2)N(C)C)N(C)C,457.0,methanol
556,c1cc(ccc1N=Nc2ccc([N+](=O)[O-])cc2)N(C)C,478.0,ethanol
557,c1cc(ccc1N=Nc2ccc(cc2)C(=O)NCC(=O)O)N(CCO)CCO,431.0,ethanol
558,O(C)c1cc(c(cc1)OC)N=Nc2cc(OC)ccc2OC,411.0,ethanol
559,c1cc(N=Nc2ccccc2OC)c(cc1N(CCO)CCC#N)C,409.0,ethanol
560,CC(C)(C)c1ccc(cc1)N=NC2=CN(CCC)C(=O)NC2=O,375.0,toluene
561,c1(c(ccc(C)c1)O)N=Nc2cc([N+]([O-])=O)cc([N+](=O)[O-])c2O,400.0,
562,c1ccc(c(c1)C)N=Nc2c(cccc2)C,331.0,
563,c1cc(ccc1N(CC)CC)N=Nc2cc(c(N3CCOCC3)cc2)C,412.0,
564,c1cc(ccc1)-c2c(sc(N3CC3)c2C(OCC)=O)N=Nc4ccc(cc4)C#N,485.0,ethanol
565,c1cc(ccc1N(C)C)N=Nc2ccc(cc2)F,407.0,ethanol
566,ClCCN(CCCl)c1ccc(cc1)N=Nc2c(OC)cccc2,405.0,ethanol
567,c1(cc(ccc1N=Nc2cccc(F)c2)NCCC#N)C,406.0,ethanol
568,c1cc(ccc1N=Nc2c(n[nH]c2C)C)OC,342.0,acetonitrile
569,c1ccccc1N=Nc2cccc(c2)Br,321.0,
570,c1cc(ccc1)N=NC2=C(N(C)C(N(C)C2=O)=O)N,361.0,ethanol
571,c1cc(ccc1Cl)N=Nc2ccc(O)cc2O,387.0,ethanol
572,c1cc(ccc1N=Nc2c(noc2C)C)Cl,323.0,acetonitrile
573,c1cc(ccc1N=Nc2ccc(c3ncccc23)O)NC(C)=O,390.0,
574,CCN(CC)OOSc1cc(N=NC2=C(O)N(C(=O)C(C#N)=C2C)CC)c(cc1)OC,440.0,ethanol
575,c1c(C)cc(cc1N=Nc2c(O)cccc2)C,332.0,
576,c1cc(ccc1Cl)-c2nc(N=Nc3c4cccnc4c(O)cc3)sc2,456.0,
577,CCN(CC)c1c(N=Nc2c(N(CC)CC)cc(cc2)NC(CCl)=O)ccc(NC(CCl)=O)c1,488.0,water
578,c1ccccc1-c2noc(-c3ccccc3)c2N=Nc4c(N5CCCC5)cccc4,332.0,dimethyl sulfoxide
579,c1(F)cccc(F)c1N=Nc2cn(nc2)C,316.0,dimethyl sulfoxide
580,c1(c(OC)ccc(c1)C)N=NC=2C(=C(C(=O)N(CC)C=2O)C#N)C,459.0,ethanol
581,c1ccccc1N=Nc2c(C)nn(c2C)C,335.0,acetonitrile
582,O=C(O)c1cccc(c1)N=Nc2c(C)n[nH]c2C,332.0,acetonitrile
583,c1cc(c(cc1Br))N=Nc2sc(c(C(OCC)=O)c2-c3ccccc3)NCCBr,459.0,ethanol
584,c1cc(ccc1N(CC)CCC#N)N=Nc2c(Cl)cccc2Cl,396.0,methanol
585,c1cc(ccc1N(CC)CC)N=Nc2ccc([N+](=O)[O-])cc2,489.0,ethanol
586,c1cc(ccc1N=Nc2ccc(cc2)N(CCO)CCO)NC(=O)C,417.0,ethanol
587,c1cc(ccc1Cl)N=Nc2ccc(cc2)NCCC#N,404.0,
588,CC(C)OCCCN1C(=O)C(=C(C)C(N=Nc2cccc(C)c2C)=C1NCCCOC)C#N,400.0,ethanol
589,c1cc(ccc1N=Nc2c(cc(OC)cc2)F)OC,357.0,acetonitrile
590,C1CN(CCN1c2c(ccc(NC(=O)CCl)c2)N=Nc3c(cc(NC(=O)CCl)cc3)N4CCN(CC4)C)C,437.0,water
591,CCN(CC)c1ccc(cc1)N=Nc2ccc([N+]([O-])=O)cc2C#N,542.0,
592,c1cc(ccc1N=Nc2ccc(cc2)Br)N(C)C,419.0,ethanol
593,c1cc(ccc1NC(C)=O)N=Nc2c(n[nH]c2C)C,350.0,acetonitrile
594,CN(C)c1ccc(c(c1)C)N=Nc2cccc(c2)C(=O)C,424.0,ethanol
595,c1ccccc1N2C(=C(N=Nc3ccc(cc3)C4NC(=O)NC(C)=C4C(OCC)=O)C(C)=C(C#N)C2=O)O,443.0,ethanol
596,c1cc(ccc1C(OC)=O)N=NC=2C(C)=C(C(N(CC)C=2NCCCOC)=O)C#N,439.0,ethanol
597,c1(c(ccc(F)c1)N=Nc2c(noc2C)C)F,324.0,acetonitrile
598,Cc1noc(c1N=Nc2ccccc2OC)C,311.0,acetonitrile
599,c1(c(c(C)[nH]n1)N=Nc2cc(C)ccc2)C,331.0,acetonitrile
600,c1cc(ccc1C#N)N=Nc2ccc(NCCC#N)cc2C,428.0,ethanol
601,CN(C)c1ccc(c(C)c1)N=Nc2ccccc2C,400.0,
602,c1c(F)c(c(cc1F)F)N=Nc2c(cc(cc2F)F)F,309.0,acetonitrile
603,FC(F)(F)c1ccc(cc1)N=Nc2sc(C)cc2,375.0,acetonitrile
604,FC(F)(F)c1ccc(c(N=Nc2ccc(cc2)N(C)C)c1)C(F)(F)F,450.0,ethanol
605,c1cc(ccc1N=Nc2ccc(c3ncccc23)O)OCC,388.0,
606,c1cc([N+](=O)[O-])c(cc1)N=Nc2c(cccc2)[N+](=O)[O-],323.0,
607,c1cc(ccc1Br)N=Nc2cc3c4N(CC3)CCCc4c2,448.0,ethanol
608,c1cc(ccc1N=Nc2cc(C#N)ccc2Cl)O,372.0,ethanol
609,c1(ccccc1N=Nc2c(cccc2)Cl)Cl,328.0,
610,[N+](c1ccc(N=NC=2C(=C(C#N)C(N(CC)C=2NCCCOC)=O)C)cc1)(=O)[O-],460.0,ethanol
611,C(C)N(CC)c1ccc(N=Nc2c(cc([N+](=O)[O-])c(C(=O)OC)c2)C(OC)=O)cc1,504.0,ethanol
612,c1cc(ccc1N(CCC#N)CC)N=Nc2ccc(cc2)C#N,433.0,methanol
613,c1ccccc1-c2c(sc(NCCBr)c2)N=Nc3c(cc(cc3)[N+]([O-])=O)C#N,564.0,ethanol
614,n1c2c(cccc2)n(C)c1N=Nc3nc4c(cccc4)n3C,439.0,
615,c1cc(ccc1N=NC2=C(O)N(CCO)C(C(=C2C)C#N)=O)C3NC(=O)NC(C)=C3C(OCC)=O,440.0,ethanol
616,c1cc(ccc1)-c2c(sc(N3CC3)c2C(OCC)=O)N=Nc4c(cc(cc4)C(C)=O),484.0,ethanol
617,c1cc(ccc1NCCC#N)N=Nc2cc(ccc2)C(C)O,396.0,
618,c1cc(ccc1N=Nc2ccc(cc2)O)N(C)C,435.0,ethanol
619,c1cc(ccc1N=NC=2C(N(C)C(N(C)C=2N)=O)=O)[N+]([O-])=O,397.0,ethanol
620,C(C)N(CC)c1ccc(cc1)N=Nc2ccc(cc2)N(C)C,420.0,
621,O=S(=O)(N)c1cc(C)cc(N=Nc2c(nc(nc2O)O)O)c1OC,408.0,ethanol
622,c1cc(ccc1N=Nc2c(cc(cc2)N(CCC#N)CCO)C)C#N,437.0,ethanol
623,C(C)N(CC)OOSc1ccc(OC)c(c1)N=Nc2c(cc(O)cc2)O,406.0,ethanol
624,c1ccccc1N=Nc2ccc(s2)OC,393.0,acetonitrile
625,CN(C)c1cc(C)c(N=Nc2c(C)cc([N+](=O)[O-])cc2)cc1,452.0,
626,CC(C)(C)c1cc(c(O)c(N=Nc2scc(-c3ccc(cc3)[N+]([O-])=O)n2)c1)C(C)(C)C,466.0,ethanol
627,c1(c2c(ccc1)cccn2)N=Nc3c4c(c(cc3)O)nccc4,410.0,ethanol
628,c1cc(ccc1C(=O)C)N=Nc2ccc(cc2)N(C)C,447.0,ethanol
629,c1cc(ccc1N=Nc2cc3c4N(CCc4c2)CCC3)C#N,487.0,ethanol
630,CCc1nnc(N=Nc2c(C)[nH]c3ccccc23)s1,420.0,
631,C(C)N(CC)c1cc(c(N=Nc2c(cc([N+]([O-])=O)cc2Cl)C#N)cc1)OC,565.0,
632,c1ccccc1N=Nc2c(F)cccc2F,309.0,acetonitrile
633,O(C)CCCNc1nc(NCCCOC)c(C#N)c(C)c1N=Nc2ccccc2C(=O)OC,437.0,ethanol
634,c1cc(ccc1[N+](=O)[O-])N=Nc2ccc(cc2)N(CC)CCO,481.0,ethanol
635,c1cc(ccc1C)N=Nc2ccc(c3ncccc23)O,390.0,
636,c1cc(ccc1Br)N=Nc2ccccc2,329.0,
637,c1cc(ccc1N=Nc2cc(C)ccc2)O,349.0,ethanol
638,c1(c(ccc(F)c1)N=Nc2c(C)n[nH]c2C)F,336.0,acetonitrile
639,C1CC(CCC1C2C(C#N)C(SC2N=Nc3nc4ccc([N+]([O-])=O)cc4s3)N)OC,550.0,
640,c1(c(N=Nc2cc(ccc2)Cl)c(C)on1)C,315.0,acetonitrile
641,c1ccccc1N=Nc2ccc(N(CC(CO)O)CC)cc2C,420.0,methanol
642,c1cc(ccc1N(CC)CC)N=Nc2c(cc(C#N)cc2),466.0,ethanol
643,c1(c(N=Nc2cccc(NC(=O)C)c2)c(C)on1)C,315.0,
644,c1cc(ccc1)N=Nc2c(C)n(C)c(c2C)C,345.0,acetonitrile
645,c1cc(ccc1N=Nc2c(C)c(C#N)c(nc2NCCCOC)NCCCOC)C(=O)OC,451.0,ethanol
646,c1cc2c(sc(N=Nc3ccccc3OC)n2)cc1[N+]([O-])=O,337.0,
647,c1(c(F)c(c(c(F)c1F)F)N=Nc2ccc(cc2)N(C)C)F,439.0,ethanol
648,c1cc(ccc1I)N=Nc2c(noc2C)C,330.0,acetonitrile
649,c1cc(ccc1)-c2c(N=Nc3c(cc([N+]([O-])=O)cc3[N+](=O)[O-]))sc(NCCBr)c2C(OCC)=O,538.0,ethanol
650,C1CCN(C1)c2c(N=Nc3c(-c4ccccc4)n(nc3-c5ccccc5)C)cccc2,326.0,dimethyl sulfoxide
651,CC(C)(C)c1cc(c(O)c(C(C)(C)C)c1)N=Nc2cc(ccc2OC)C,392.0,ethanol
652,O=S(=O)(CC(=O)Nc1ccc(cc1)N=Nc2ccc(cc2)NC(CS(=O)(=O)C)=O)C,366.0,water
653,Cc1noc(c1N=Nc2ccccc2[N+](=O)[O-])C,318.0,acetonitrile
654,c1cc(ccc1C)Nc2sc(nc2C(=O)OCC)N=Nc3nc(C(=O)OCC)cs3,561.0,ethanol
655,n1cc(sc1N=Nc2c3cccnc3c(cc2)O)C,436.0,
656,c1cc(ccc1[N+]([O-])=O)N=Nc2c(C)cc(N(CCC#N)CC)cc2,463.0,
657,c1cc(ccc1)N=Nc2ccc(cc2)O,348.0,ethanol
658,FC(F)(F)c1ccc(cc1)N=Nc2ccc(cc2)C(F)(F)F,313.0,
659,c1cc(ccc1N=Nc2ccc(NCCC#N)cc2C)[N+]([O-])=O,451.0,
660,c1cc(ccc1N=Nc2nccs2)OC,384.0,acetonitrile
661,c1ccccc1-c2c(c3ccccc3n2C)N=Nc4sc(SC)nn4,459.0,
662,c1cc(ccc1)N=Nc2ccccc2N,421.0,
663,c1cc(ccc1[N+](=O)[O-])N=Nc2ccc(cc2)N(CCO)CCO,481.0,ethanol
664,c1(N=Nc2cc(Br)ccc2)cc(Br)ccc1,320.0,
665,c1(Cl)cc(cc(Cl)c1N=Nc2c(Cl)cccc2Cl)[N+](=O)[O-],310.0,dimethyl sulfoxide
666,c1(cc(N(CCO)CCC#N)ccc1N=Nc2cc(C)ccc2)C,402.0,ethanol
667,C1CCCN1c2cc(NC(=O)CCl)ccc2N=Nc3c(cc(NC(=O)CCl)cc3)N4CCCC4,530.0,water
668,CN(C)CCCNc1c(C(=O)OCC)nc(N=Nc2nc(C(=O)OCC)c(NCCCN(C)C)s2)s1,583.0,ethanol
669,FC(F)(F)c1ccc(cc1)N=Nc2c(cc(cc2)N(CCC#N)CCO)C,421.0,ethanol
670,C(C)N(CC)c1ccc(cc1)N=Nc2ccccc2,415.0,ethanol
671,c1cc(ccc1N=Nc2ccc(c3ncccc23)O)Cl,387.0,ethanol
672,FC(F)(F)c1cc(cc(c1N=Nc2sc(NCCBr)cc2-c3ccccc3))[N+]([O-])=O,584.0,ethanol
673,c1c(Cl)c(c(cc1)Cl)N=Nc2c(n[nH]c2C)C,307.0,acetonitrile
674,c1cc(ccc1N(C)C)N=Nc2c(cccc2)Cl,424.0,ethanol
675,c1cc(ccc1N(C)C)N=Nc2ccccc2C#N,449.0,ethanol
676,c1ccc(N)c2c(N)ccc(c12)N=Nc3ccc4c5c3cccc5C(=O)N(CCCCCCCCCC)C4=O,610.0,ethanol
677,c1cc(ccc1[N+]([O-])=O)N=Nc2c(OC)cc(N(CC)CC)cc2,505.0,
678,c1cc(ccc1NCCC#N)N=Nc2cc(Cl)ccc2,408.0,
679,C1CN(CCC1)c2ccccc2N=Nc3cccn3C,377.0,dimethyl sulfoxide
680,Cc1cc(N=Nc2c3ccccc3ccc2O)c(cc1)OC,502.0,ethanol
681,C1CN(CCO1)c2c(N=Nc3c(C)onc3C)cccc2,319.0,dimethyl sulfoxide
682,c1cc(ccc1N=Nc2cccc(OC)c2)NCCC#N,394.0,
683,FC(F)(F)c1cc(Cl)c(c(Cl)c1)N=Nc2c(Cl)cccc2Cl,290.0,dimethyl sulfoxide
684,c1cc(ccc1)N=Nc2ccc(cc2)N(C)C,407.0,ethanol
685,FC(F)(F)C(C(F)(F)F)(C(F)(F)F)c1ccc(cc1)N=Nc2ccc(cc2)N(CC)CC,444.0,ethanol
686,c1ccccc1N=Nc2cnccc2C,322.0,toluene
687,c1cc(ccc1C(=O)OCC)N=Nc2n[nH]cc2,331.0,
688,c1cc(ccc1)N=Nc2ccc(cc2)NC,402.0,ethanol
689,c1c(Cl)cccc1N=Nc2cc(Cl)ccc2,320.0,
690,c1cc(ccc1C#N)N=Nc2sc(C)cc2,386.0,acetonitrile
691,c1cc(ccc1N=Nc2ccc(cc2)NCCO)C#N,364.0,ethanol
692,c1cc(ccc1)N=Nc2cnn(C)c2,328.0,acetonitrile
693,c1(c(N=Nc2cc(OC)ccc2)c(C)on1)C,312.0,acetonitrile
694,c1cc(ccc1O)N=Nc2ccc(C#N)cc2Cl,378.0,ethanol
695,c1cc(ccc1N=Nc2n[nH]cc2)Br,331.0,
696,c1(Cl)cccc(Cl)c1N=Nc2c(Cl)cc(cc2Cl)OC,330.0,dimethyl sulfoxide
697,c1cc(ccc1N=Nc2ccc(cc2)N(C)C)C#N,451.0,ethanol
698,CN(C)c1c(cncc1)N=Nc2ccccc2,313.0,toluene
699,c1cc(ccc1N(CCO)CCO)N=Nc2ccc(cc2)OC,408.0,ethanol
700,c1cc(ccc1-n2nc(c(N=Nc3c(n(nc3C)-c4ccccc4)O)c2O)C)S(=O)(=O)O,440.0,ethanol
701,c1ccccc1N=Nc2c(cc(cc2)OC)O,375.0,ethanol
702,CC(C)OCCCN1C(=O)C(=C(C)C(N=Nc2ccc(cc2)[N+]([O-])=O)=C1NCCCOC)C#N,462.0,ethanol
703,c1cc(ccc1-n2nc(c(N=Nc3c(C)nn(-c4cc(c(cc4))S(=O)(=O)O)c3O)c2O)C)S(=O)(=O)O,450.0,ethanol
704,c1cc(N=Nc2c(cccc2)Br)c(cc1N(CCO)CCC#N)C,417.0,ethanol
705,c1cc(ccc1N=Nc2ccc(cc2)C#N)N(CCO)CCO,452.0,ethanol
706,FC(F)(F)c1c(N=Nc2c(c(c(NCCBr)s2)C(OCC)=O)-c3ccccc3)c(cc(c1)[N+]([O-])=O),526.0,ethanol
707,CC(C)(C)c1cc(c(c(c1)N=Nc2scnn2)O)C(C)(C)C,460.0,ethanol
708,FC(F)(F)c1ccc(cc1)N=Nc2cc3CCCN(CCC#N)c3cc2,428.0,ethanol
709,Cc1noc(c1N=Nc2ccccc2N)C,310.0,acetonitrile
710,c1cc(ccc1N=Nc2cccc(OC)c2)N(C)C,412.0,ethanol
711,c1cn[nH]c1N=Nc2ccn[nH]2,320.0,
712,c1cc(ccc1[N+](=O)[O-])N=Nc2ccc(cc2)N(CC)CCOC(=O)CCCl,468.0,ethanol
713,Cc1noc(c1N=Nc2ccccc2O)C,316.0,acetonitrile
714,FC(F)(F)c1c(N=Nc2c(C)c(c(NCCOS(=O)(=O)C)s2)C#N)c(cc(c1)[N+]([O-])=O),602.0,ethanol
715,c1(cc(ccc1)CO)N=Nc2nc3c(cccc3)s2,328.0,
716,CC(C)(C)OC(=O)NCCCNc1sc(nc1C(=O)OCC)N=Nc2nc(c(NCCCNC(=O)OC(C)(C)C)s2)C(=O)OCC,579.0,ethanol
717,c1cc(ccc1N=Nc2ccc(cc2)OC)OC,354.0,ethanol
719,FC(F)(F)c1cc(cc(C(F)(F)F)c1)N=Nc2c3cccnc3c(cc2)O,417.0,ethanol
720,CN(C)c1cc(C)c(cc1)N=Nc2c(cc(C)cc2)C,399.0,
721,c1ccccc1N=Nc2ccc(cc2)OC,345.0,ethanol
722,C(C)N(CC)c1c(cc(cc1)N=Nc2c(cc(cc2[N+]([O-])=O)[N+]([O-])=O)Br)OC,549.0,
723,c1cc(ccc1N2CCCCC2)N=Nc3ccc(cc3)N4CCCCC4,410.0,
724,c1cc(ccc1CCCC)N=Nc2ccc(cc2)N(CCO)CCO,410.0,ethanol
725,C1CCN(C1)c2ccccc2N=Nc3cccn3C,361.0,dimethyl sulfoxide
726,c1cc(N=Nc2c(cccc2)F)c(cc1N(CCO)CCC#N)C,417.0,ethanol
727,c1cc(ccc1N=Nc2ccc(cc2)C)N(CC)CC,407.0,ethanol
728,n1c(oc2ccccc12)N=Nc3nc4ccccc4o3,430.0,
729,O=S(=O)(OCCNc1c(C#N)cc(N=Nc2c(cc(cc2C#N)[N+](=O)[O-])Br)s1)C,593.0,ethanol
730,c1cc(ccc1)N=Nc2ccc(cc2)C(=O)OC,328.0,
731,c1cc(ccc1C(=O)O)N=NC=2C(C)=C(C(N(CC)C=2NCCCOC)=O)C#N,436.0,ethanol
732,c1(cc(ccc1N=Nc2cc(OC)ccc2)NCCC#N)C,394.0,ethanol
733,Clc1cc(cc(Cl)c1N=Nc2c(Cl)cccc2Cl)OC(=O)C,295.0,dimethyl sulfoxide
734,c1c(N=Nc2cc(ccc2)F)cccc1F,320.0,
735,FC(F)(F)c1cc(ccc1)N=Nc2c(n[nH]c2C)C,332.0,acetonitrile
736,c1ccsc1N=Nc2cc(OC)ccc2,364.0,acetonitrile
737,C(C)N(CC)OOSc1cc(c(OC)cc1)N=Nc2c(ccc3ccccc23)O,492.0,ethanol
738,c1cc(ccc1N=Nc2cc3c4N(CCc4c2)CCC3)C(C)=O,482.0,ethanol
739,c1cc(ccc1N=Nc2ccc(cc2)OC)NCCC#N,395.0,
740,c1cc(ccc1N=NC=2C(c3ccccc3)=C(C(=O)NC=2O)C#N)C4NC(=O)NC(C)=C4C(OCC)=O,443.0,ethanol
741,c1cc(ccc1)N=Nc2nc3c(s2)cccc3,328.0,
742,FC(F)(F)c1ccccc1N=Nc2ccc(cc2)N(CC)CCC#N,416.0,ethanol
743,c1(cc(cc(F)c1)N=Nc2c(n[nH]c2C)C)F,334.0,acetonitrile
744,FC(F)(F)c1ccccc1N=Nc2ccccc2C(F)(F)F,317.0,
745,Fc1c(F)c(c(c(F)c1N=Nc2c(F)c(c(c(c2NCCO)F)F)F)F)F,323.0,ethanol
746,CCN(CC)c1cc(O)c(N=Nc2c(OC)ccc(SOON(CC)CC)c2)cc1,467.0,ethanol
747,c1cc(ccc1N=Nc2sc(c(C(OCC)=O)c2-c3ccccc3)NCCBr)C#N,480.0,ethanol
748,c1ccccc1N=Nc2c(ccc(c2)C)OC,360.0,ethanol
749,c1c(C#N)c(c(cc1[N+](=O)[O-])C#N)N=Nc2ccc(N(CC)CC)cc2OC,601.0,
750,Fc1c(F)c(c(F)c(F)c1SCCS)N=Nc2ccc(cc2)N(C)C,448.0,ethanol
751,c1cccc(c1N=Nc2c(C)[nH]nc2C)C,336.0,acetonitrile
752,c1ccccc1N=Nc2sc3cc(ccc3n2)[N+]([O-])=O,340.0,
753,COc1c(ccc(OC)c1)N=Nc2c(OC)cc(OC)cc2,370.0,ethanol
754,c1cc(ccc1N=Nc2c(cc([N+](=O)[O-])cc2)[N+](=O)[O-])N(CC)CC,530.0,ethanol
755,c1ccccc1N=Nc2cc(C)ccc2,322.0,ethanol
756,c1cc(ccc1N=Nc2ccc3c(CCCN3)c2)Cl,434.0,ethanol
757,c1nc2c(cc1)c(N=Nc3c(Cl)cc(cc3)Cl)ccc2O,399.0,ethanol
758,c1ccccc1-c2c(c(NCCBr)sc2N=Nc3c(cc(cc3Br)[N+]([O-])=O)C#N)C(OCC)=O,558.0,ethanol
759,c1cc(ccc1N=Nc2ccc(cc2)N(CC)CC)N(CC)CC,426.0,
760,FC(F)(F)c1ccc(cc1)N=Nc2ccc(cc2)N(CCC#N)CC,416.0,methanol
761,c1cc(ccc1C(=O)C)N=Nc2ccc(cc2)N(CCCl)CCCl,435.0,ethanol
762,C(C)N(CC)c1ccc(cc1)N=Nc2ccc(c(C#N)c2)C#N,500.0,ethanol
763,CC(C)OCCCN1C(NCCCOC)=C(C(=C(C1=O)C#N)C)N=Nc2c(C(=O)OC)cccc2,425.0,ethanol
764,c1cc(ccc1N=Nc2ccccc2)[N+]([O-])=O,333.0,
765,c1cc(ccc1)N=Nc2ccc(cc2)NC(=O)C,348.0,ethanol
766,c1cc(ccc1O)N=Nc2ccc(cc2)O,355.0,
767,c1cc(ccc1)N=Nc2nn(C)nn2,310.0,acetonitrile
768,c1cc(ccc1NC(C)=O)N=Nc2sc3cc(ccc3n2)[N+]([O-])=O,406.0,
769,c1cc(ccc1N=NC2=C(O)N(CCC)C(=O)C(C#N)=C2C)C3NC(=O)NC(C)=C3C(OCC)=O,442.0,ethanol
770,c1(C)[nH]nc(C)c1N=Nc2ccccc2O,332.0,acetonitrile
771,C(C#N)CN(CCC#N)c1ccc(cc1)N=Nc2ccccc2,382.0,ethanol
772,c1cc(ccc1N=Nc2c(C)c(C#N)c(NCCCOC)nc2NCCCOC)C(O)=O,446.0,ethanol
773,c1cc(ccc1N=Nc2ccc(cc2C)NCCC#N)NC(=O)C,403.0,ethanol
774,CCN(CC)c1ccc(N=Nc2nnc(C)s2)c(O)c1,503.0,ethanol
775,c1cc(ccc1N(CC)CCC#N)N=Nc2ccccc2C#N,434.0,methanol
776,C1CCN(C1)c2ccccc2N=Nc3c(C)onc3C,315.0,dimethyl sulfoxide
777,c1cc(ccc1C(C)=O)N=Nc2cc3CCCN(CCC#N)c3cc2,448.0,ethanol
778,c1c(NCCC#N)ccc(c1C)N=Nc2c(C#N)cccc2,429.0,ethanol
779,c1cc(ccc1O)N=Nc2ccc(cc2)N,385.0,ethanol
780,FC(F)(F)c1c(c(cc(c1)[N+]([O-])=O))N=Nc2sc(c(c2C)C(N)=O)NCCOS(=O)(=O)C,440.0,ethanol
781,c1cc(ccc1N=Nc2cc(Cl)ccc2Cl)O,370.0,ethanol
782,FC(F)(F)c1ccc(cc1)N=Nc2ccc(NCCC#N)cc2C,411.0,ethanol
783,c1ccccc1-c2csc(N=Nc3c4cccnc4c(O)cc3)n2,516.0,
784,C(CC#N)N(CCC#N)c1ccc(c(C)c1)N=Nc2ccccc2,392.0,
785,c1cc(ccc1N(C)C)N=Nc2c(cc([N+](=O)[O-])cc2)[N+](=O)[O-],516.0,ethanol
786,c1cc(ccc1C(=O)C)N=Nc2ccc(cc2)N(CC)C,454.0,ethanol
787,c1c(NCCC#N)ccc(c1C)N=Nc2c(cccc2)F,404.0,ethanol
788,CCN(CC)c1ccc(N=Nc2ccc(cc2OC)[N+](=O)[O-])c(O)c1,485.0,ethanol
789,c1ccccc1N=Nc2ccc(cc2)OC#CC#CC#C,346.0,ethanol
790,c1cc(ccc1N=Nc2c(cc(Br)cc2))N(C)C,419.0,ethanol
791,Brc1cc(cc(Br)c1N=Nc2c(C)c(c(NCCOS(=O)(=O)C)s2)C#N)[N+]([O-])=O,600.0,ethanol
792,c1cc(ccc1N(CC)CC)N=Nc2c(cccc2C#N)C#N,503.0,ethanol
793,c1cc(ccc1N(C)C)N=Nc2c(C)cccc2,407.0,ethanol
794,n1nc(N=Nc2c3c(cccc3)n(c2C)C)sc1SC,451.0,
795,c1ccc(N=Nc2sc3c(ccc(c3)[N+]([O-])=O)n2)c(C(=O)O)c1,335.0,
796,FC(F)(F)c1cccc(N=Nc2c(noc2C)C)c1,314.0,acetonitrile
797,O=S(=O)(SCCOC(Nc1ccc(cc1)N=Nc2ccc(cc2)NC(=O)OCCSS(=O)(=O)C)=O)C,372.0,water
798,c1cc(ccc1N=Nc2c(cccc2)Cl)NCCC#N,408.0,
799,C[N]1N=NC(=N1)N=NC2=CC=CC=C2,310,acetonitrile
802,C[N]1C=CC(=N1)N=NC2=CC=CC=C2,320,acetonitrile
803,C[N]1C=C(C)C(=N1)N=NC2=CC=CC=C2,325,acetonitrile
804,C[N]1C=C(C=N1)N=NC2=CC=CC=C2,328,acetonitrile
805,C[N]1N=C(C)C(=C1C)N=NC2=CC=CC=C2,335,acetonitrile
806,C[N]1N=CC=C1N=NC2=CC=CC=C2,341,acetonitrile
807,C[N]1N=CC(=C1N=NC2=CC=CC=C2)C,340,acetonitrile
808,CC(N(C)C(C)=C1)=C1/N=N/C2=CC=CC=C2,363,acetonitrile
809,CC(N(C)C(C)=C1C)=C1/N=N/C2=CC=CC=C2,345,acetonitrile
810,CN1C(/N=N/C2=CC=CC=C2)=C(C)C=C1C,394,acetonitrile
811,CN1C(/N=N/C2=CC=CC=C2)=CC=C1,385,acetonitrile
812,CN1C(/N=N/C2=CC=CC=C2)=NC=C1,363,acetonitrile
813,CN(C=N1)C=C1/N=N/C2=CC=CC=C2,336,acetonitrile
814,CN1C(/N=N/C2=CC=CC=C2)=CN=C1,362,acetonitrile
815,NC(C=C1)=CC=C1N=NC2=NNC=C2,391,
816,COC(C=C1)=CC=C1N=NC2=NNC=C2,344,
817,CC(C=C1)=CC=C1N=NC2=NNC=C2,332,
818,C1(/N=N/C2=CC=NN2)=CC=NN1,320,
819,[H]C(C=C1)=CC=C1N=NC2=NNC=C2,324,
820,BrC(C=C1)=CC=C1N=NC2=NNC=C2,331,
821,FC1=CC=CC=C1N=NC2=NNC=C2,328,
822,O=C(O)C(C=C1)=CC=C1N=NC2=NNC=C2,328,
823,O=C(C1=CC=C(/N=N/C2=NNC=C2)C=C1)OCC,331,
824,CC(C(C=C1)=CC=C1N=NC2=NNC=C2)=O,322,
825,[O-][N+](C(C=C1)=CC=C1N=NC2=NNC=C2)=O,340,
826,CN(N=C1)C=C1/N=N/C2=C(F)C=CC=C2F,316,acetonitrile
827,CN(N=C1C)C(C)=C1/N=N/C2=C(F)C=CC=C2F,328,acetonitrile
828,CN(N=C1C)C(C)=C1/N=N/C2=C(Cl)C=CC=C2Cl,328,acetonitrile
829,CN(N=C1C)C(C)=C1/N=N/C2=C(OC)C=CC=C2OC,307,acetonitrile
830,FC1=CC=CC=C1/N=N/C2=C(F)C=CC=C2,325,acetonitrile
831,FC1=CC=CC(F)=C1/N=N/C2=CC=CC=C2,309,acetonitrile
832,FC1=CC=CC(F)=C1/N=N/C2=C(F)C=CC=C2F,305,acetonitrile
833,FC1=CC(F)=CC(F)=C1/N=N/C(C(F)=C2)=C(F)C=C2F,309,acetonitrile
834,FC1=C(F)C=C(F)C(F)=C1/N=N/C2=C(F)C(F)=CC(F)=C2F,303,acetonitrile
835,FC1=C(F)C(F)=C(F)C(F)=C1/N=N/C2=C(F)C(F)=C(F)C(F)=C2F,310,acetonitrile
836,FC1=CC=CC(F)=C1/N=N/C2=CC=C(C(OCC)=O)C=C2,316,acetonitrile
837,FC1=CC(C(OCC)=O)=CC(F)=C1/N=N/C2=C(F)C=C(C(OCC)=O)C=C2F,314,acetonitrile
838,FC1=CC(C(OCC)=O)=CC(F)=C1/N=N/C2=C(F)C=CC=C2F,310,acetonitrile
839,FC1=CC(C(OCC)=O)=CC(F)=C1/N=N/C2=CC=C(C(OCC)=O)C=C2,320,acetonitrile
840,FC1=CC(C(OCC)=O)=CC(F)=C1/N=N/C2=CC=CC=C2,316,acetonitrile
841,C12=CC=CC=C1CCC3=CC=CC=C3/N=N\2,,hexane
842,NC1=CC(/N=N\2)=C(CCC3=C2C=C(N)C=C3)C=C1,,acetonitrile
843,NC1=CC(CCC2=C3C=CC(N)=C2)=C(/N=N\3)C=C1,,acetonitrile
844,OCC(C=C1)=CC2=C1CCC3=C(/N=N\2)C=C(CO)C=C3,,acetonitrile
845,OCCC1=CC(/N=N\2)=C(CCC3=C2C=C(CCO)C=C3)C=C1,,acetonitrile
846,[N-]=[N+]=NCC(C=C1)=CC2=C1CCC3=C(/N=N\2)C=C(CN=[N+]=[N-])C=C3,,acetonitrile
847,[N-]=[N+]=NCCC1=CC(/N=N\2)=C(CCC3=C2C=C(CCN=[N+]=[N-])C=C3)C=C1,,acetonitrile
848,NCC1=CC(/N=N\2)=C(CCC3=C2C=C(CN)C=C3)C=C1,,acetonitrile
849,NCCC1=CC(/N=N\2)=C(CCC3=C2C=C(CCN)C=C3)C=C1,,acetonitrile
850,C=CC1=CC(/N=N\2)=C(CCC3=C2C=C(C=C)C=C3)C=C1,,acetonitrile
851,CC(C)(C)OCC1=CC(/N=N\2)=C(CCC3=C2C=C(COC(C)(C)C)C=C3)C=C1,,acetonitrile
852,CC(OCCC1=CC=C2CCC3=CC=C(CCOC(C)(C)C)C=C3/N=N\C2=C1)(C)C,,acetonitrile
853,CC(NC(C=C1)=CC(OC)=C1/N=N/C2=C(OC)C=C(NC(C)=O)C=C2)=O,338,DMSO
854,CC(NC(C=C1OC)=CC(OC)=C1/N=N/C2=C(OC)C=C(NC(C)=O)C=C2OC)=O,345,DMSO
855,COC(C=CN=C1)=C1/N=N/C2=CC=CC=C2,332,toluene
856,C1(/N=N/C2=CC=CC=C2)=CC=CN=C1,322,toluene
857,CC1=C(/N=N/C2=CC=CC=C2)C=NC=C1,322,toluene
858,CC(C)C1=C(/N=N/C2=CC=CC=C2)C=NC=C1,323,toluene
859,IC1=C(/N=N/C2=CC=CC=C2)C=NC=C1,330,toluene
860,CN(C)C1=C(/N=N/C2=CC=CC=C2)C=NC=C1,313,toluene
861,O=C(N(CCC)C=C1/N=N/C2=CC=C(C(C)(C)C)C=C2)NC1=O,375,toluene
862,O=C(COC1=C(/N=N\C2=C(OC3)C=CC=C2)C=CC=C1)O[C@H]4[C@H](OCC5=CC=CC=C5)[C@@H](OCC6=CC=CC=C6)[C@H](SC7=CC=CC=C7)O[C@@H]4COC3=O,310,acetonitrile
863,CC1=C(C(C)=NN1)/N=N/C2=C(F)C=CC=C2,334,acetonitrile
864,CC1=C(C(C)=NN1)/N=N/C2=CC(F)=CC=C2,334,acetonitrile
865,CC1=C(C(C)=NN1)/N=N/C2=CC=C(F)C=C2,330,acetonitrile
866,CC1=C(C(C)=NN1)/N=N/C2=C(Cl)C=CC=C2,339,acetonitrile
867,CC1=C(C(C)=NN1)/N=N/C2=CC(Cl)=CC=C2,336,acetonitrile
868,CC1=C(C(C)=NN1)/N=N/C2=CC=C(Cl)C=C2,336,acetonitrile
869,CC1=C(C(C)=NN1)/N=N/C2=C(Br)C=CC=C2,340,acetonitrile
870,CC1=C(C(C)=NN1)/N=N/C2=CC(Br)=CC=C2,335,acetonitrile
871,CC1=C(C(C)=NN1)/N=N/C2=CC=C(Br)C=C2,337,acetonitrile
872,CC1=C(C(C)=NN1)/N=N/C2=CC(O)=CC=C2,330,acetonitrile
873,CC1=C(C(C)=NN1)/N=N/C2=C(C(F)(F)F)C=CC=C2,335,acetonitrile
874,CC1=C(C(C)=NN1)/N=N/C2=CC(C(F)(F)F)=CC=C2,332,acetonitrile
875,CC1=C(C(C)=NN1)/N=N/C2=CC=C(C(F)(F)F)C=C2,334,acetonitrile
876,CC1=C(C(C)=NN1)/N=N/C2=C(OC)C=CC=C2,350,acetonitrile
877,CC1=C(C(C)=NN1)/N=N/C2=CC(OC)=CC=C2,330,acetonitrile
878,CC1=C(C(C)=NN1)/N=N/C2=CC=C(OC)C=C2,342,acetonitrile
879,CC1=C(C(C)=NN1)/N=N/C2=C(C)C=CC=C2,336,acetonitrile
880,CC1=C(C(C)=NN1)/N=N/C2=CC(C)=CC=C2,331,acetonitrile
881,CC1=C(C(C)=NN1)/N=N/C2=CC=C(C)C=C2,335,acetonitrile
882,CC1=C(C(C)=NN1)/N=N/C2=CC(C(O)=O)=CC=C2,332,acetonitrile
883,CC1=C(C(C)=NN1)/N=N/C2=CC=C(C(O)=O)C=C2,342,acetonitrile
884,CC1=C(C(C)=NN1)/N=N/C2=CC(NC(C)=O)=CC=C2,329,acetonitrile
885,CC1=C(C(C)=NN1)/N=N/C2=CC=C(NC(C)=O)C=C2,350,acetonitrile
886,CC1=NOC(C)=C1/N=N/C2=CC=CC=C2,315,acetonitrile
887,CC1=NOC(C)=C1/N=N/C2=C(F)C=CC=C2,321,acetonitrile
888,CC1=NOC(C)=C1/N=N/C2=CC(F)=CC=C2,315,acetonitrile
889,CC1=NOC(C)=C1/N=N/C2=CC=C(F)C=C2,318,acetonitrile
890,CC1=NOC(C)=C1/N=N/C2=C(Cl)C=CC=C2,321,acetonitrile
891,CC1=NOC(C)=C1/N=N/C2=CC(Cl)=CC=C2,315,acetonitrile
892,CC1=NOC(C)=C1/N=N/C2=CC=C(Cl)C=C2,323,acetonitrile
893,CC1=NOC(C)=C1/N=N/C2=C(Br)C=CC=C2,321,acetonitrile
894,CC1=NOC(C)=C1/N=N/C2=CC(Br)=CC=C2,315,acetonitrile
895,CC1=NOC(C)=C1/N=N/C2=CC=C(Br)C=C2,325,acetonitrile
896,CC1=NOC(C)=C1/N=N/C2=CC=C(I)C=C2,330,acetonitrile
897,CC1=NOC(C)=C1/N=N/C2=CC(O)=CC=C2,313,acetonitrile
898,CC1=NOC(C)=C1/N=N/C2=CC(C(F)(F)F)=CC=C2,314,acetonitrile
899,CC1=NOC(C)=C1/N=N/C2=CC=C(C(F)(F)F)C=C2,312,acetonitrile
900,CC1=NOC(C)=C1/N=N/C2=C(OC)C=CC=C2,311,acetonitrile
901,CC1=NOC(C)=C1/N=N/C2=CC(OC)=CC=C2,312,acetonitrile
902,CC1=NOC(C)=C1/N=N/C2=CC=C(OC)C=C2,337,acetonitrile
903,CC1=NOC(C)=C1/N=N/C2=C([N+]([O-])=O)C=CC=C2,318,acetonitrile
904,CC1=NOC(C)=C1/N=N/C2=CC=C([N+]([O-])=O)C=C2,332,acetonitrile
905,CC1=NOC(C)=C1/N=N/C2=CC=C(C)C=C2,323,acetonitrile
906,CC1=NOC(C)=C1/N=N/C2=CC(NC(C)=O)=CC=C2,315,acetonitrile
907,CC1=NOC(C)=C1/N=N/C2=CC=C(NC(C)=O)C=C2,342,acetonitrile
908,CC1=C(/N=N/C2=C3C=CC=CC3=CC=C2)C(C)=NO1,362,acetonitrile
909,CC1=C(/N=N/C2=CC(Cl)=CC=C2Cl)C(C)=NO1,320,acetonitrile
910,CC1=C(/N=N/C2=C(Cl)C=CC=C2Cl)C(C)=NO1,297,acetonitrile
911,CC1=C(/N=N/C2=CC=C(F)C=C2F)C(C)=NO1,324,acetonitrile
912,CC1=C(/N=N/C2=CC(F)=CC=C2F)C(C)=NO1,328,acetonitrile
913,CC1=C(/N=N/C2=C(F)C=CC=C2F)C(C)=NO1,309,acetonitrile
914,CC1=C(/N=N/C2=CC(F)=CC(F)=C2)C(C)=NO1,315,acetonitrile
915,CC1=C(/N=N/C2=CC=CC(N)=C2)C(C)=NO1,315,acetonitrile
916,CC1=C(/N=N/C2=CC=CC=C2C#N)C(C)=NO1,325,acetonitrile
917,CC1=C(/N=N/C2=CC=CN=C2)C(C)=NO1,316,acetonitrile
918,CC1=CC=C(/N=N/C2=CC=CS2)C=C1,365,acetonitrile
919,C1(/N=N/C2=CC=CC=C2)=CC=CC=C1,319,ethanol
920,BrC1=CC=CC=C1/N=N/C2=CC=CC=C2,326,ethanol
921,FC(F)(F)C1=CC=CC=C1/N=N/C2=CC=CC=C2,317,Alk
922,CC1=CC=CC=C1/N=N/C2=CC=CC=C2,323,Alk
923,NC1=CC=CC=C1/N=N/C2=CC=CC=C2,421,ethanol
924,BrC1=CC(/N=N/C2=CC=CC=C2)=CC=C1,321,ethanol
925,CC1=CC(/N=N/C2=CC=CC=C2)=CC=C1,322,water
926,NC1=CC(/N=N/C2=CC=CC=C2)=CC=C1,417,ethanol
927,O=[N+]([O-])C1=CC(/N=N/C2=CC=CC=C2)=CC=C1,327,water
928,BrC1=CC=C(/N=N/C2=CC=CC=C2)C=C1,329,ethanol
929,FC(F)(F)C1=CC=C(/N=N/C2=CC=CC=C2)C=C1,315,Alk
930,ClC1=CC=C(/N=N/C2=CC=CC=C2)C=C1,324,CH
931,N#CC1=CC=C(/N=N/C2=CC=CC=C2)C=C1,321,ACN
932,CC(C1=CC=C(/N=N/C2=CC=CC=C2)C=C1)=O,326,ethanol
933,O=C(OC)C1=CC=C(/N=N/C2=CC=CC=C2)C=C1,328,ethanol
934,FC1=CC=C(/N=N/C2=CC=CC=C2)C=C1,322,ethanol
935,OC1=CC=C(/N=N/C2=CC=CC=C2)C=C1,339,CH
936,O=C1C=CC(N1C2=CC=C(/N=N/C3=CC=CC=C3)C=C2)=O,329,MeOH
937,CC1=CC=C(/N=N/C2=CC=CC=C2)C=C1,330,ethanol
938,CCN(CC)C1=CC=C(/N=N/C2=CC=CC=C2)C=C1,416,ethanol
939,NC1=CC=C(/N=N/C2=CC=CC=C2)C=C1,364,CH
940,CC(NC1=CC=C(/N=N/C2=CC=CC=C2)C=C1)=O,346,CH
941,CNC1=CC=C(/N=N/C2=CC=CC=C2)C=C1,380,CH
942,CN(C)C1=CC=C(/N=N/C2=CC=CC=C2)C=C1,408,MeOH
943,O=[N+]([O-])C1=CC=C(/N=N/C2=CC=CC=C2)C=C1,333,ethanol
944,C1(NC2=CC=CC=C2)=CC=C(/N=N/C3=CC=CC=C3)C=C1,411,MeOH
945,FC(F)(F)C1=C(/N=N/C2=C(C(F)(F)F)C=CC=C2)C=CC=C1,317,Alk
946,ClC1=C(/N=N/C2=C(Cl)C=CC=C2)C=CC=C1,328,CH
947,CC1=CC=CC=C1/N=N/C2=CC=CC=C2C,331,ethanol
948,CC(C=CC=C1C)=C1/N=N/C2=CC=CC=C2,316,Alk
949,BrC1=CC=CC(/N=N/C2=CC=CC(Br)=C2)=C1,320,ethanol
950,ClC1=CC=CC(/N=N/C2=CC=CC(Cl)=C2)=C1,320,ethanol
951,FC1=CC=CC(/N=N/C2=CC=CC(F)=C2)=C1,320,ethanol
952,CC1=CC=CC(/N=N/C2=CC=CC(C)=C2)=C1,331,Chl
953,BrC1=CC=C(/N=N/C2=CC=C(Br)C=C2)C=C1,324,ethanol
954,ClC1=CC=C(/N=N/C2=CC=C(Cl)C=C2)C=C1,331,CH
955,FC(F)(F)C1=CC=C(/N=N/C2=CC=C(C(F)(F)F)C=C2)C=C1,313,Alk
956,FC1=CC=C(/N=N/C2=CC=C(F)C=C2)C=C1,325,ethanol
957,CC1=CC=C(/N=N/C2=CC=C(C)C=C2)C=C1,326,Alk
958,CC1=C(/N=N/C2=CC=CC=C2)C(C)=CC(C)=C1,,Alk
959,CC1=C(/N=N/C2=CC=CC(C)=C2C)C=CC=C1C,332,CH
960,CC1=C(/N=N/C2=CC=C(C)C=C2C)C=CC(C)=C1,346,CH
961,CC1=C(/N=N/C2=CC(C)=CC=C2C)C=C(C)C=C1,336,CH
962,CC1=CC(/N=N/C2=CC(C)=C(C)C=C2)=CC=C1C,333,CH
963,CC1=C(Cl)C=CC=C1/N=N/C2=C(C)C(Cl)=CC=C2,329,CH
964,CC1=CC(Cl)=CC=C1/N=N/C2=C(C)C=C(Cl)C=C2,346,CH
965,BrC1=CC(Br)=CC(Br)=C1/N=N/C2=C(Br)C=C(Br)C=C2Br,302,ethanol
966,CC1=CC(C)=CC(C)=C1/N=N/C2=C(C)C=C(C)C=C2C,325,Alk
967,CCN(CC)C(C=C1)=CC=C1/N=N/C2=C(C#N)C=CC=C2,462,ethanol
968,CN(C)C(C=C1)=CC=C1/N=N/C2=C(C(O)=O)C=CC=C2,410,MeOH
969,NC1=C(/N=N/C2=CC=CC=C2)C=CC(N)=C1,411,ethanol
970,O=[N+]([O-])C1=C(/N=N/C2=C([N+]([O-])=O)C=CC=C2)C=CC=C1,323,Chl
971,OC(C=C(O)C=C1)=C1/N=N/C2=CC=CC=C2,400,MeOH
972,OC(C=CC(C)=C1)=C1/N=N/C2=CC=CC=C2,330,Benz
973,CCN(CC)C1=CC=C(/N=N/C2=CC(C#N)=CC=C2)C=C1,446,ethanol
974,O=[N+]([O-])C1=CC=CC(/N=N/C2=CC([N+]([O-])=O)=CC=C2)=C1,311,Chl
975,BrC(C=C1)=CC=C1/N=N/C2=CC=C(N(C)C)C=C2,419,ethanol
976,ClC(C=C1)=CC=C1/N=N/C2=CC=C(N(C)C)C=C2,416,ethanol
977,CN(C)C1=CC=C(/N=N/C2=CC=C(C(F)(F)F)C=C2)C=C1,427,ethanol
978,CCN(CC)C1=CC=C(/N=N/C2=CC=C(C#N)C=C2)C=C1,466,ethanol
979,CN(C)C1=CC=C(/N=N/C2=CC=C(C(OC)=O)C=C2)C=C1,442,ethanol
980,FC(C=C1)=CC=C1/N=N/C2=CC=C(N(C)C)C=C2,407,ethanol
981,CC(C=C1)=CC=C1/N=N/C2=CC=C(N(C)C)C=C2,400,CH
982,CC(C=C1)=CC=C1/N=N/C2=CC=C(N(CC)CC)C=C2,411,ethanol
983,CCN(CC)C1=CC=C(/N=N/C2=CC=C(N(CC)CC)C=C2)C=C1,426,ethanol
984,NC1=CC=C(/N=N/C2=CC=C(N(CC)CC)C=C2)C=C1,412,ethanol
985,CN(C)C1=CC=C(/N=N/C2=CC=C(N(CC)CC)C=C2)C=C1,420,ethanol
986,CCN(CC)C(C=C1)=CC=C1/N=N/C2=CC=C([N+]([O-])=O)C=C2,482,ethanol
987,O=[N+]([O-])C1=CC=C(/N=N/C2=CC=C(NCCC#N)C=C2)C=C1,455,MeOH
988,OCCNC(C=C1)=CC=C1/N=N/C2=CC=C([N+]([O-])=O)C=C2,503,ethanol
989,NC1=CC=C(/N=N/C2=CC=C(N(C)C)C=C2)C=C1,410,ethanol
990,NC1=CC=C(/N=N/C2=CC=C([N+]([O-])=O)C=C2)C=C1,441,ethanol
991,CN(C)C(C=C1)=CC=C1/N=N/C2=CC=C(N(C)C)C=C2,455,ethanol
992,CN(C)C(C=C1)=CC=C1/N=N/C2=CC=CC=C2[N+]([O-])=O,440,ethanol
993,CN(C)C(C=C1)=CC=C1/N=N/C2=CC=CC([N+]([O-])=O)=C2,420,CH
994,CN(C)C(C=C1)=CC=C1/N=N/C2=CC=C([N+]([O-])=O)C=C2,473,ethanol
995,O=[N+]([O-])C(C=C1)=CC=C1/N=N/C2=CC=C(NC3=CC=CC=C3)C=C2,483,water
996,O=[N+]([O-])C1=CC=C(/N=N/C2=CC=C(C=C2)[N+]([O-])=O)C=C1,335,Chl
997,OC1=CC=C(/N=N/C2=CC=C(C=C2)[N+]([O-])=O)C=C1,382,ethanol
998,OC1=CC=C(/N=N/C2=CC=C(C=C2)O)C=C1,355,ethanol
999,CC1=C(/N=N/C2=C(C)C=C(C=C2)N(C)C)C=CC=C1,400,CH
1000,OC1=C(/N=N/C2=CC(C)=CC(C)=C2)C=CC=C1,332,ethanol
1001,OC1=C(/N=N/C2=CC=C(NC(C)=O)C=C2)C=C(C)C=C1,357,water
1002,OC1=C(C(O)=O)C=C(/N=N/C2=CC=C([N+]([O-])=O)C=C2)C=C1,385,MeOH
1003,OC(C=C1)=CC=C1/N=N/C2=CC(C)=CC(C)=C2,351,ethanol
1004,CCN(CC)C(C=C1)=CC=C1/N=N/C2=C(C#N)C=C(C#N)C=C2,515,ethanol
1005,CCN(CC)C(C=C1)=CC=C1/N=N/C2=C(C#N)C=CC(C#N)=C2,495,ethanol
1006,CCN(CC)C(C=C1)=CC=C1/N=N/C2=C(C#N)C=CC=C2C#N,503,ethanol
1007,CCN(CC)C(C=C1)=CC=C1/N=N/C2=CC(C#N)=C(C#N)C=C2,500,ethanol
1008,CCN(CC)C(C=C1)=CC=C1/N=N/C2=CC(C#N)=CC(C#N)=C2,478,ethanol
1009,OC1=C(/N=N/C2=CC=C([N+]([O-])=O)C=C2)C=CC(O)=C1,432,MeOH
1010,CC1=C(/N=N/C2=CC=C(N(C)C)C=C2C)C=CC(Cl)=C1,411,CH
1011,CC1=C(/N=N/C2=CC=C(N(C)C)C=C2C)C=CC([N+]([O-])=O)=C1,452,CH
1012,CC1=C(/N=N/C2=CC=C(N(C)C)C=C2C)C=C([N+]([O-])=O)C=C1,425,CH
1013,CC1=C(/N=N/C2=CC=C(N(C)C)C=C2C)C=CC(C)=C1,399,CH
1014,CC1=CC(N(CC)CC)=CC=C1/N=N/C2=C(C#N)C=C(C#N)C=C2C#N,562,ethanol
1015,OC1=C([N+]([O-])=O)C=C([N+]([O-])=O)C=C1/N=N/C2=C(O)C=CC(C)=C2,400,water
1016,OC(C([N+]([O-])=O)=CC([N+]([O-])=O)=C1)=C1/N=N/C2=CC(C)=CC(NC(C)=O)=C2O,400,water
1017,OC(C([N+]([O-])=O)=CC([N+]([O-])=O)=C1)=C1/N=N/C2=CC(Cl)=C(N)C=C2N,492,water
1018,CC1=C([N+]([O-])=O)C(C)=CC(/N=N/C2=CC(C)=C(N(C)C)C(C)=C2)=C1,382,ethanol
1019,[H]C1=C(N2CCOCC2)C=CC(/N=N/C3=CC=C(N4CCOCC4)C([H])=C3)=C1,402,Alk
1020,[H]C5=C(N6CCCCC6)C=CC(/N=N/C7=CC=C(N8CCCCC8)C([H])=C7)=C5,410,Alk
1021,[H]C9=C(N%10CCCC%10)C=CC(/N=N/C%11=CC=C(N%12CCCC%12)C([H])=C%11)=C9,431,Alk
1022,CC%13=C(N%14CCCC%14)C=CC(/N=N/C%15=CC=C(N%16CCCC%16)C(C)=C%15)=C%13,406,Alk
1023,COC%17=CC(/N=N/C%18=CC(OC)=C(N%19CCCC%19)C=C%18)=CC=C%17N%20CCCC%20,452,Alk
1024,CCN(CC)C(C=C%21)=CC=C%21/N=N/C%22=CC=C(N%23CCOCC%23)C([H])=C%22,417,Alk
1025,CCN(CC)C(C=C%24)=CC=C%24/N=N/C%25=CC=C(N%26CCCCC%26)C([H])=C%25,420,Alk
1026,CCN(CC)C(C=C%27)=CC=C%27/N=N/C%28=CC=C(N%29CCOCC%29)C(C)=C%28,412,Alk
1027,CCN(CC)C(C=C%30)=CC=C%30/N=N/C%31=CC=C(N%32CCOCC%32)C(OC)=C%31,422,Alk
1028,[H]C1=CC([N+]([O-])=O)=CC([H])=C1/N=N/C2=CC([H])=C(C=C2OC)N(CC)CC,501,ethanol
1029,NC1=C(OC)C=C(/N=N/C2=C([H])C=C([N+]([O-])=O)C=C2[H])C([H])=C1,488,ethanol
1030,[H]C1=CC([N+]([O-])=O)=CC([H])=C1/N=N/C2=CC([H])=C(C=C2[H])N(CC)CC,489,CH
1031,[H]C1=CC([N+]([O-])=O)=CC(Cl)=C1/N=N/C2=CC([H])=C(C=C2[H])N(CC)CC,512,CH
1032,[H]C1=CC([N+]([O-])=O)=CC([N+]([O-])=O)=C1/N=N/C2=CC([H])=C(C=C2[H])N(CC)CC,532,
1033,[H]C1=CC([N+]([O-])=O)=CC(C#N)=C1/N=N/C2=CC([H])=C(C=C2[H])N(CC)CC,542,
1034,BrC1=CC([N+]([O-])=O)=CC([N+]([O-])=O)=C1/N=N/C2=CC([H])=C(C=C2[H])N(CC)CC,540,
1035,ClC1=CC([N+]([O-])=O)=CC(C#N)=C1/N=N/C2=CC([H])=C(C=C2[H])N(CC)CC,551,
1036,[H]C1=C(C=C([H])C(/N=N/C2=C(C#N)C=C([N+]([O-])=O)C=C2C#N)=C1)N(CC)CC,592,
1037,[H]C1=CC([N+]([O-])=O)=CC([H])=C1/N=N/C2=CC([H])=C(C=C2OC)N(CC)CC,505,
1038,[H]C3=CC([N+]([O-])=O)=CC(Cl)=C3/N=N/C4=CC([H])=C(C=C4OC)N(CC)CC,526,
1039,[H]C5=CC([N+]([O-])=O)=CC([N+]([O-])=O)=C5/N=N/C6=CC([H])=C(C=C6OC)N(CC)CC,545,
1040,[H]C7=CC([N+]([O-])=O)=CC(C#N)=C7/N=N/C8=CC([H])=C(C=C8OC)N(CC)CC,555,
1041,BrC9=CC([N+]([O-])=O)=CC([N+]([O-])=O)=C9/N=N/C%10=CC([H])=C(C=C%10OC)N(CC)CC,554,
1042,ClC%11=CC([N+]([O-])=O)=CC(C#N)=C%11/N=N/C%12=CC([H])=C(C=C%12OC)N(CC)CC,565,
1043,[H]C%13=C(C=C(OC)C(/N=N/C%14=C(C#N)C=C([N+]([O-])=O)C=C%14C#N)=C%13)N(CC)CC,601,
1044,[H]C1=CC([N+]([O-])=O)=CC([H])=C1/N=N/C2=CC(OC)=C(C=C2)N(CC)CC,492,
1045,[H]C3=CC([N+]([O-])=O)=CC(Cl)=C3/N=N/C4=CC(OC)=C(C=C4)N(CC)CC,518,
1046,[H]C5=CC([N+]([O-])=O)=CC([N+]([O-])=O)=C5/N=N/C6=CC(OC)=C(C=C6)N(CC)CC,540,
1047,[H]C7=CC([N+]([O-])=O)=CC(C#N)=C7/N=N/C8=CC(OC)=C(C=C8)N(CC)CC,555,
1048,BrC9=CC([N+]([O-])=O)=CC([N+]([O-])=O)=C9/N=N/C%10=CC(OC)=C(C=C%10)N(CC)CC,549,
1049,ClC%11=CC([N+]([O-])=O)=CC(C#N)=C%11/N=N/C%12=CC(OC)=C(C=C%12)N(CC)CC,573,
1050,CCN(C%13=C(OC)C=C(/N=N/C%14=C(C#N)C=C([N+]([O-])=O)C=C%14C#N)C=C%13)CC,623,
1051,CC(C=C(N(CCC#N)CCO)C=C1)=C1/N=N/C2=CC=CC=C2,403,
1052,CC(C=C(N(CCC#N)CCO)C=C1)=C1/N=N/C2=CC=CC=C2[N+]([O-])=O,429,
1053,CC(C=C(N(CCC#N)CCO)C=C1)=C1/N=N/C2=CC=CC([N+]([O-])=O)=C2,424,
1054,CC(C=C(N(CCC#N)CCO)C=C1)=C1/N=N/C2=CC=C([N+]([O-])=O)C=C2,461,
1055,CC(C=C(N(CCC#N)CCO)C=C1)=C1/N=N/C2=CC=CC=C2Br,417,
1056,CC(C=C(N(CCC#N)CCO)C=C1)=C1/N=N/C2=CC=CC(Br)=C2,414,
1057,CC(C=C(N(CCC#N)CCO)C=C1)=C1/N=N/C2=CC=CC=C2Cl,412,
1058,CC(C=C(N(CCC#N)CCO)C=C1)=C1/N=N/C2=CC=CC(Cl)=C2,410,
1059,CC(C=C(N(CCC#N)CCO)C=C1)=C1/N=N/C2=CC=C(Cl)C=C2,413,
1060,CC(C=C(N(CCC#N)CCO)C=C1)=C1/N=N/C2=C(F)C=CC=C2,417,
1061,CC(C=C(N(CCC#N)CCO)C=C1)=C1/N=N/C2=CC(F)=CC=C2,415,
1062,CC(C=C(N(CCC#N)CCO)C=C1)=C1/N=N/C2=C(C(F)(F)F)C=CC=C2,419,
1063,CC(C=C(N(CCC#N)CCO)C=C1)=C1/N=N/C2=CC(C(F)(F)F)=CC=C2,418,
1064,CC(C=C(N(CCC#N)CCO)C=C1)=C1/N=N/C2=CC=C(C(F)(F)F)C=C2,421,
1065,CC(C=C(N(CCC#N)CCO)C=C1)=C1/N=N/C2=C(C#N)C=CC=C2,438,
1066,CC(C=C(N(CCC#N)CCO)C=C1)=C1/N=N/C2=CC=C(C#N)C=C2,437,
1067,CC(C=C(N(CCC#N)CCO)C=C1)=C1/N=N/C2=C(OC)C=CC=C2,409,
1068,CC(C=C(N(CCC#N)CCO)C=C1)=C1/N=N/C2=CC(OC)=CC=C2,407,
1069,CC(C=C(N(CCC#N)CCO)C=C1)=C1/N=N/C2=C(C)C=CC=C2,405,
1070,CC(C=C(N(CCC#N)CCO)C=C1)=C1/N=N/C2=CC(C)=CC=C2,402,
1071,CC(C=C(N(CCC#N)CCO)C=C1)=C1/N=N/C2=CC=C(C)C=C2,402,
1072,CC(C=C(N(CCC#N)CCO)C=C1)=C1/N=N/C2=CC(C(O)C)=CC=C2,405,
1073,CC(C=C(N(CCC#N)CCO)C=C1)=C1/N=N/C2=CC=C(S(=O)(C)=O)C=C2,434,
1074,CC(C=C(N(CCC#N)CCO)C=C1)=C1/N=N/C2=CC=C(C(C)=O)C=C2,412,
1075,N#CCCNC(C=C1)=CC=C1/N=N/C2=CC=CC=C2,396,
1076,N#CCCNC(C=C1)=CC=C1/N=N/C2=CC=CC=C2[N+]([O-])=O,422,
1077,N#CCCNC(C=C1)=CC=C1/N=N/C2=CC=CC([N+]([O-])=O)=C2,418,
1078,ClC1=CC=CC=C1/N=N/C2=CC=C(NCCC#N)C=C2,408,
1079,ClC1=CC(/N=N/C2=CC=C(NCCC#N)C=C2)=CC=C1,408,
1080,ClC1=CC=C(/N=N/C2=CC=C(NCCC#N)C=C2)C=C1,404,
1081,FC1=CC=CC=C1/N=N/C2=CC=C(NCCC#N)C=C2,404,
1082,FC1=CC(/N=N/C2=CC=C(NCCC#N)C=C2)=CC=C1,406,
1083,FC1=CC=C(/N=N/C2=CC=C(NCCC#N)C=C2)C=C1,398,
1084,N#CCCNC(C=C1)=CC=C1/N=N/C2=CC=C(C(F)(F)F)C=C2,411,
1085,N#CCCNC(C=C1)=CC=C1/N=N/C2=CC=CC=C2C#N,429,
1086,N#CCCNC(C=C1)=CC=C1/N=N/C2=CC=C(C#N)C=C2,428,
1087,N#CCCNC(C=C1)=CC=C1/N=N/C2=CC=CC=C2OC,394,
1088,N#CCCNC(C=C1)=CC=C1/N=N/C2=CC=CC(OC)=C2,394,
1089,N#CCCNC(C=C1)=CC=C1/N=N/C2=CC=C(OC)C=C2,395,
1090,CC1=CC=CC=C1/N=N/C2=CC=C(NCCC#N)C=C2,400,
1091,CC1=CC(/N=N/C2=CC=C(NCCC#N)C=C2)=CC=C1,400,
1092,CC1=CC=C(/N=N/C2=CC=C(NCCC#N)C=C2)C=C1,395,
1093,OCCC1=CC=CC=C1/N=N/C2=CC=C(NCCC#N)C=C2,399,
1094,CC(O)C1=CC(/N=N/C2=CC=C(NCCC#N)C=C2)=CC=C1,396,
1095,OCCC1=CC=C(/N=N/C2=CC=C(NCCC#N)C=C2)C=C1,396,
1096,O=C(C)NC1=CC=C(/N=N/C2=CC=C(NCCC#N)C=C2)C=C1,403,
1097,[H]N(C)C(C=C1)=CC=C1/N=N/C2=CC=CC=C2,400,
1098,[H]N(CC)C(C=C3)=CC=C3/N=N/C4=CC=CC=C4,400,
1099,[H]N(CCO)C(C=C5)=CC=C5/N=N/C6=CC=CC=C6,398,
1100,[H]N(CCC#N)C(C=C7)=CC=C7/N=N/C8=CC=CC=C8,390,
1101,CC9=CC(NCCC#N)=CC=C9/N=N/C%10=CC=CC=C%10,396,
1102,OCCN(CCO)C(C=C%11)=CC=C%11/N=N/C%12=CC=CC=C%12,407,
1103,OCCN(CCC#N)C(C=C%13)=CC=C%13/N=N/C%14=CC=CC=C%14,397,
1104,CC%15=CC(N(CCO)CCC#N)=CC=C%15/N=N/C%16=CC=CC=C%16,403,
1105,CN(CCC#N)C(C=C%17)=CC=C%17/N=N/C%18=CC=CC=C%18,396,
1106,CCN(CCC#N)C(C=C%19)=CC=C%19/N=N/C%20=CC=CC=C%20,399,
1107,CCN(CCC#N)C(C=C%21C)=CC=C%21/N=N/C%22=CC=CC=C%22,404,
1108,N#CCCN(CCC#N)C(C=C%23)=CC=C%23/N=N/C%24=CC=CC=C%24,382,
1109,CC1=CC(N(CCC#N)CCC#N)=CC=C1/N=N/C2=CC=CC=C2,392,
1110,[H]N(C)C(C=C1)=CC=C1/N=N/C2=CC=C([N+]([O-])=O)C=C2,464,
1111,[H]N(CC)C(C=C3)=CC=C3/N=N/C4=CC=C([N+]([O-])=O)C=C4,468,
1112,[H]N(CCO)C(C=C5)=CC=C5/N=N/C6=CC=C([N+]([O-])=O)C=C6,463,
1113,[H]N(CCC#N)C(C=C7)=CC=C7/N=N/C8=CC=C([N+]([O-])=O)C=C8,443,
1114,CC9=CC(NCCC#N)=CC=C9/N=N/C%10=CC=C([N+]([O-])=O)C=C%10,451,
1115,OCCN(CCO)C(C=C%11)=CC=C%11/N=N/C%12=CC=C([N+]([O-])=O)C=C%12,475,
1116,OCCN(CCC#N)C(C=C%13)=CC=C%13/N=N/C%14=CC=C([N+]([O-])=O)C=C%14,451,
1117,CC%15=CC(N(CCO)CCC#N)=CC=C%15/N=N/C%16=CC=C([N+]([O-])=O)C=C%16,461,
1118,CN(CCC#N)C(C=C%17)=CC=C%17/N=N/C%18=CC=C([N+]([O-])=O)C=C%18,448,
1119,CCN(CCC#N)C(C=C%19)=CC=C%19/N=N/C%20=CC=C([N+]([O-])=O)C=C%20,452,
1120,CCN(CCC#N)C(C=C%21C)=CC=C%21/N=N/C%22=CC=C([N+]([O-])=O)C=C%22,463,
1121,N#CCCN(CCC#N)C(C=C%23)=CC=C%23/N=N/C%24=CC=C([N+]([O-])=O)C=C%24,432,
1122,CC1=CC(N(CCC#N)CCC#N)=CC=C1/N=N/C2=CC=C([N+]([O-])=O)C=C2,441,
1123,COC(S1)=CC=C1/N=N/C2=CC=CC=C2,394,
1124,COC(S1)=CC=C1/N=N/C2=CC=C(C#N)C=C2,413,
1125,CC(S1)=CC=C1/N=N/C2=CC=C(C#N)C=C2,387,
1126,CC(S1)=CC=C1/N=N/C2=CC=C(C(F)(F)F)C=C2,378,
1127,N#CC(S1)=CC=C1/N=N/C2=CC=CC=C2,367,
1128,COC1=CC=C(/N=N/C2=CC=CS2)C=C1,373,
1129,N#CC1=CC=C(/N=N/C2=CC=CS2)C=C1,370,
1130,FC(F)(F)C1=CC=C(/N=N/C2=CC=CS2)C=C1,362,
1131,COC1=CC(/N=N/C2=CC=CS2)=CC=C1,364,
1132,N#CC1=CC(/N=N/C2=CC=CS2)=CC=C1,362,
1133,Cc1[nH]c2c(c1N=Nc1nncs1)cccc2,428,
1134,Cn1c(C)c(c2c1cccc2)N=Nc1nncs1,434,
1135,c1ccc(cc1)c1[nH]c2c(c1N=Nc1nncs1)cccc2,437,
1136,Cn1c(c2ccccc2)c(c2c1cccc2)N=Nc1nncs1,431,
1137,CSc1nnc(s1)N=Nc1c(C)[nH]c2c1cccc2,445,
1138,CSc1nnc(s1)N=Nc1c2ccccc2n(c1C)C,451,
1139,CSc1nnc(s1)N=Nc1c([nH]c2c1cccc2)c1ccccc1,467,
1140,CSc1nnc(s1)N=Nc1c(c2ccccc2)n(c2c1cccc2)C,459,
1141,CC1=C(/N=N/C2=NN=C(CC)S2)C3=CC=CC=C3N1,420,
1142,CCc1nnc(s1)N=Nc1c2ccccc2n(c1C)C,432,
1143,CCc1nnc(s1)N=Nc1c([nH]c2c1cccc2)c1ccccc1,440,
1144,CCc1nnc(s1)N=Nc1c(c2ccccc2)n(c2c1cccc2)C,438,
1145,Cc1[nH]c2c(c1N=Nc1n[nH]c(n1)S)cccc2,392,
1146,Sc1[nH]nc(n1)N=Nc1c(C)n(c2c1cccc2)C,401,
1147,Sc1[nH]nc(n1)N=Nc1c([nH]c2c1cccc2)c1ccccc1,411,
1148,Sc1[nH]nc(n1)N=Nc1c(c2ccccc2)n(c2c1cccc2)C,408,
1149,Oc1c(/C=N/c2cc(C(O)=O)ccn2)cc(/N=N/c3ccc([N+]([O-])=O)cc3)cc1,378,
1150,Oc1c(/C=N/c2cc(C(OCC)=O)ccn2)cc(/N=N/c3ccc([N+]([O-])=O)cc3)cc1,379,
1151,Oc1c(/C=N/c2c(C(C)C)cc(S(=O)(O)=O)cc2C(C)C)cc(/N=N/c3ccc([N+]([O-])=O)cc3)cc1,267,
1152,CN1C2=CC=CC=C2N=C1/N=N/C3=NC4=CC=CC=C4N3C,439,
1153,C12=CC=CC=C1N=C(/N=N/C3=NC4=CC=CC=C4O3)O2,430,
1154,C12=CC=CC=C1N=C(/N=N/C3=NC4=CC=CC=C4S3)S2,421,
1155,[H]C1=CC=C(N=C(N=NC2=CC=CC=C2)S3)C3=C1,328,
1156,[H]C4=CC=C(N=C(N=NC5=CC=CC=C5Cl)S6)C6=C4,335,
1157,[H]C7=CC=C(N=C(N=NC8=CC=CC(CO)=C8)S9)C9=C7,328,
1158,[H]C%10=CC=C(N=C(N=NC%11=C(NC(C)=O)C=CC=C%11)S%12)C%12=C%10,331,
1159,[H]C%13=CC=C(N=C(N=NC%14=CC=C(NC(C)=O)C=C%14)S%15)C%15=C%13,371,
1160,[H]C%16=CC=C(N=C(N=NC%17=CC=CC=C%17OC)S%18)C%18=C%16,325,
1161,[H]C%19=CC=C(N=C(N=NC%20=CC=C(OC)C=C%20)S%21)C%21=C%19,361,
1162,[H]C%22=CC=C(N=C(N=NC%23=CC=CC=C%23SC)S%24)C%24=C%22,328,
1163,[H]C%25=CC=C(N=C(N=NC%26=CC=C(SC)C=C%26)S%27)C%27=C%25,392,
1164,O=[N+]([O-])C1=CC=C(N=C(N=NC2=CC=CC=C2)S3)C3=C1,340,
1165,O=[N+]([O-])C4=CC=C(N=C(N=NC5=CC=CC=C5C(O)=O)S6)C6=C4,335,
1166,ClC7=CC=CC=C7N=NC8=NC9=CC=C([N+]([O-])=O)C=C9S8,343,
1167,ClC%10=CC(N=NC%11=NC%12=CC=C([N+]([O-])=O)C=C%12S%11)=CC=C%10,334,
1168,ClC(C=C%13)=CC=C%13N=NC%14=NC%15=CC=C([N+]([O-])=O)C=C%15S%14,346,
1169,FC(C=C%16)=CC=C%16N=NC%17=NC%18=CC=C([N+]([O-])=O)C=C%18S%17,342,
1170,IC(C=C%19)=CC=C%19N=NC%20=NC%21=CC=C([N+]([O-])=O)C=C%21S%20,368,
1171,O=[N+]([O-])C%22=CC=C(N=C(N=NC%23=CC=C([N+]([O-])=O)C=C%23)S%24)C%24=C%22,332,
1172,OCC%25=CC(N=NC%26=NC%27=CC=C([N+]([O-])=O)C=C%27S%26)=CC=C%25,341,
1173,OCC%28=CC(N=NC%29=NC%30=CC=C([N+]([O-])=O)C=C%30S%29)=CC=C%28,346,
1174,O=C(C)NC(C=C%31)=CC=C%31N=NC%32=NC%33=CC=C([N+]([O-])=O)C=C%33S%32,406,
1175,COC1=CC=CC=C1N=NC2=NC3=CC=C([N+]([O-])=O)C=C3S2,337,
1176,COC(C=C4)=CC=C4N=NC5=NC6=CC=C([N+]([O-])=O)C=C6S5,399,
1177,CSC7=CC=CC=C7N=NC8=NC9=CC=C([N+]([O-])=O)C=C9S8,340,
1178,CSC(C=C%10)=CC=C%10N=NC%11=NC%12=CC=C([N+]([O-])=O)C=C%12S%11,421,
1179,OC1=C(N=CC=C2)C2=C(/N=N/C3=CC=CC=C3)C=C1,384,
1180,OC4=C(N=CC=C5)C5=C(/N=N/C6=CC=C(C)C=C6)C=C4,390,
1181,OC7=C(N=CC=C8)C8=C(/N=N/C9=CC=C(OC%10=CC=CC=C%10)C=C9)C=C7,395,
1182,OC%11=C(N=CC=C%12)C%12=C(/N=N/C%13=CC=C(NC(C)=O)C=C%13)C=C%11,390,
1183,OC%14=C(N=CC=C%15)C%15=C(/N=N/C%16=CC=C(OCC)C=C%16)C=C%14,388,
1184,OC%17=C(N=CC=C%18)C%18=C(/N=N/C%19=CC=C(Cl)C=C%19)C=C%17,395,
1185,OC%20=C(N=CC=C%21)C%21=C(/N=N/C%22=CC=C(C(O)=O)C=C%22)C=C%20,503,
1186,OC%23=C(N=CC=C%24)C%24=C(/N=N/C%25=CC=CC=C%25C(O)=O)C=C%23,398,
1187,OC%26=C(N=CC=C%27)C%27=C(/N=N/C%28=CC=C(C(C)=O)C=C%28)C=C%26,401,
1188,OC%29=C(N=CC=C%30)C%30=C(/N=N/C%31=CC=C(C#N)C=C%31)C=C%29,413,
1189,OC%32=C(N=CC=C%33)C%33=C(/N=N/C%34=CC=C([N+]([O-])=O)C=C%34)C=C%32,414,
1190,OC1=C2N=CC=CC2=C(/N=N/C3=NC=CS3)C=C1,428,
1191,OC4=C5N=CC=CC5=C(/N=N/C6=NC=C(C)S6)C=C4,436,
1192,OC7=C8N=CC=CC8=C(/N=N/C9=NC=C(S(=O)(C%10=CC=C([N+]([O-])=O)C=C%10)=O)S9)C=C7,491,
1193,OC%11=C%12N=CC=CC%12=C(/N=N/C%13=NC(CC(OCC)=O)=CS%13)C=C%11,438,
1194,OC%14=C%15N=CC=CC%15=C(/N=N/C%16=NC(C%17=CC=CC=C%17)=CS%16)C=C%14,516,
1195,OC%18=C%19N=CC=CC%19=C(/N=N/C%20=NC(C%21=CC=C(Cl)C=C%21)=CS%20)C=C%18,456,
1196,OC%22=C%23N=CC=CC%23=C(/N=N/C%24=NC(C%25=CC=C(Br)C=C%25)=CS%24)C=C%22,462,
1197,OC%26=C%27N=CC=CC%27=C(/N=N/C%28=NC%29=CC=CC=C%29S%28)C=C%26,442,
1198,OC%30=C%31N=CC=CC%31=C(/N=N/C%32=NC%33=CC=C(Cl)C=C%33S%32)C=C%30,450,
1199,OC%34=C%35N=CC=CC%35=C(/N=N/C%36=NC%37=CC=C(OC)C=C%37S%36)C=C%34,461,
1200,OC%38=C%39N=CC=CC%39=C(/N=N/C%40=NC%41=CC(C)=C(C)C=C%41S%40)C=C%38,456,
1201,OC%42=C%43N=CC=CC%43=C(/N=N/C%44=NC%45=CC=CC=C%45N%44)C=C%42,437,
1202,N#CC1C(SC(/N=N/C2=NC(C=CC([N+]([O-])=O)=C3)=C3S2)C1C4CCCCC4)N,545,
1203,N#Cc5c(c6ccc(Cl)cc6)c(/N=N/C7=NC(C=CC([N+]([O-])=O)=C8)=C8S7)sc5N,535,
1204,N#CC9C(SC(/N=N/C%10=NC(C=CC([N+]([O-])=O)=C%11)=C%11S%10)C9C%12CCC(OC)CC%12)N,550,
1205,c1ccc(/N=N/c2ccccc2)cc1,318,ethanol
1206,CCN(CC)c1ccc(/N=N/c2ccccc2)cc1,415,ethanol
1207,CCN(C)c1ccc(/N=N/c2ccccc2)cc1,411,ethanol
1208,CN(C)c1ccc(/N=N/c2ccccc2)cc1,407,ethanol
1209,OCCN(CCO)c1ccc(/N=N/c2ccccc2)cc1,407,ethanol
1210,N#CCCN(CCO)c1ccc(/N=N/c2ccccc2)cc1,397,ethanol
1211,ClCCN(CCCl)c1ccc(/N=N/c2ccccc2)cc1,397,ethanol
1212,CCN(CCC#N)c1ccc(/N=N/c2ccccc2)cc1,399,ethanol
1213,N#CCCN(CCC#N)c1ccc(/N=N/c2ccccc2)cc1,382,ethanol
1214,CCNc1ccc(/N=N/c2ccccc2)cc1,405,ethanol
1215,CNc1ccc(/N=N/c2ccccc2)cc1,402,ethanol
1216,N#CCCNc1ccc(/N=N/c2ccccc2)cc1,390,ethanol
1217,Nc1ccc(/N=N/c2ccccc2)cc1,389,ethanol
1218,CC(=O)Nc1ccc(/N=N/c2ccccc2)cc1,348,ethanol
1219,COc1ccc(/N=N/c2ccccc2)cc1,345,ethanol
1220,Oc1ccc(/N=N/c2ccccc2)cc1,348,ethanol
1221,Cc1ccc(/N=N/c2ccccc2)cc1,333,ethanol
1222,CN(C)c1ccc(/N=N/c2ccc(N(C)C)cc2)cc1,457,ethanol
1223,CC(=O)Nc1ccc(/N=N/c2ccc(N(C)C)cc2)cc1,431,ethanol
1224,CN(C)c1ccc(/N=N/c2ccc(O)cc2)cc1,435,ethanol
1225,COc1ccc(/N=N/c2ccc(N(C)C)cc2)cc1,407,ethanol
1226,Cc1ccc(/N=N/c2ccc(N(C)C)cc2)cc1,407,ethanol
1227,CN(C)c1ccc(/N=N/c2ccc(F)cc2)cc1,407,ethanol
1228,CN(C)c1ccc(/N=N/c2ccc(Br)cc2)cc1,419,ethanol
1229,CN(C)c1ccc(/N=N/c2ccc(C(F)(F)F)cc2)cc1,427,ethanol
1230,CN(C)c1ccc(/N=N/c2ccc(C#N)cc2)cc1,451,ethanol
1231,CC(=O)c1ccc(/N=N/c2ccc(N(C)C)cc2)cc1,447,ethanol
1232,CCN(C)c1ccc(/N=N/c2ccc(C(C)=O)cc2)cc1,454,ethanol
1233,CCN(CC)c1ccc(/N=N/c2ccc(C(C)=O)cc2)cc1,462,ethanol
1234,CCN(CC)c1ccc(/N=N/c2ccc(C#N)cc2)cc1,466,ethanol
1235,Cc1ccc(/N=N/c2ccc(N(CCCl)CCCl)cc2)cc1,407,ethanol
1236,ClCCN(CCCl)c1ccc(/N=N/c2ccc(Cl)cc2)cc1,405,ethanol
1237,ClCCN(CCCl)c1ccc(/N=N/c2ccc(Br)cc2)cc1,405,ethanol
1238,CC(=O)c1ccc(/N=N/c2ccc(N(CCCl)CCCl)cc2)cc1,435,ethanol
1239,CCN(CCC#N)c1ccc(/N=N/c2ccc(Cl)cc2)cc1,409,ethanol
1240,CCN(CCC#N)c1ccc(/N=N/c2ccc(C(F)(F)F)cc2)cc1,416,ethanol
1241,CCN(CCC#N)c1ccc(/N=N/c2ccc(C#N)cc2)cc1,433,ethanol
1242,COc1ccc(/N=N/c2ccc(O)cc2)cc1,357,ethanol
1243,Cc1ccc(/N=N/c2ccc(O)cc2)cc1,353,ethanol
1244,CC(=O)Nc1ccc(/N=N/c2ccc(O)cc2)cc1,368,ethanol
1245,Nc1ccc(/N=N/c2ccc(O)cc2)cc1,385,ethanol
1246,Oc1ccc(/N=N/c2ccc(Cl)cc2)cc1,356,ethanol
1247,COc1ccc(/N=N/c2ccc(OC)cc2)cc1,354,ethanol
1248,CN(C)c1ccc(/N=N/c2ccc(Cl)cc2)cc1,417,ethanol
1249,CC(=O)Nc1ccccc1/N=N/c1ccccc1,326,ethanol
1250,Cc1cccc(/N=N/c2ccccc2)c1,322,ethanol
1251,COc1cccc(/N=N/c2ccc(N(C)C)cc2)c1,412,ethanol
1252,COc1ccccc1/N=N/c1ccc(N(C)C)cc1,413,ethanol
1253,Cc1cccc(/N=N/c2ccc(N(C)C)cc2)c1,407,ethanol
1254,Cc1ccccc1/N=N/c1ccc(N(C)C)cc1,407,ethanol
1255,CN(C)c1ccc(/N=N/c2cccc(F)c2)cc1,418,ethanol
1256,CN(C)c1ccc(/N=N/c2ccccc2F)cc1,418,ethanol
1257,CN(C)c1ccc(/N=N/c2cccc(Cl)c2)cc1,420,ethanol
1258,CN(C)c1ccc(/N=N/c2ccccc2Cl)cc1,424,ethanol
1259,CN(C)c1ccc(/N=N/c2cccc(Br)c2)cc1,421,ethanol
1260,CN(C)c1ccc(/N=N/c2ccccc2Br)cc1,425,ethanol
1261,CN(C)c1ccc(/N=N/c2cccc(C(F)(F)F)c2)cc1,423,ethanol
1262,CN(C)c1ccc(/N=N/c2ccccc2C(F)(F)F)cc1,429,ethanol
1263,CN(C)c1ccc(/N=N/c2cccc(C#N)c2)cc1,435,ethanol
1264,CN(C)c1ccc(/N=N/c2ccccc2C#N)cc1,449,ethanol
1265,CC(=O)c1cccc(/N=N/c2ccc(N(C)C)cc2)c1,420,ethanol
1266,CN(C)c1ccc(/N=N/c2ccc(Cl)cc2C(F)(F)F)cc1,442,ethanol
1267,CN(C)c1ccc(/N=N/c2cc(C(F)(F)F)ccc2C(F)(F)F)cc1,450,ethanol
1268,CCN(C)c1ccc(/N=N/c2cccc(C(F)(F)F)c2)cc1,426,ethanol
1269,CCN(CC)c1ccc(/N=N/c2cccc(C#N)c2)cc1,446,ethanol
1270,CCN(CC)c1ccc(/N=N/c2ccccc2C#N)cc1,462,ethanol
1271,CCN(CC)c1ccc(/N=N/c2ccc(C#N)c(C#N)c2)cc1,500,ethanol
1272,CCN(CC)c1ccc(/N=N/c2ccc(C#N)cc2C#N)cc1,514,ethanol
1273,CCN(CC)c1ccc(/N=N/c2cccc(C#N)c2C#N)cc1,490,ethanol
1274,CCN(CC)c1ccc(/N=N/c2cc(C#N)ccc2C#N)cc1,495,ethanol
1275,CCN(CC)c1ccc(/N=N/c2cc(C#N)cc(C#N)c2)cc1,478,ethanol
1276,CCN(CC)c1ccc(/N=N/c2c(C#N)cccc2C#N)cc1,503,ethanol
1277,CCN(CC)c1ccc(/N=N/c2c(C#N)cc(C#N)cc2C#N)cc1,562,ethanol
1278,COc1ccccc1/N=N/c1ccc(N(CCCl)CCCl)cc1,405,ethanol
1279,Cc1cccc(/N=N/c2ccc(N(CCCl)CCCl)cc2)c1,395,ethanol
1280,Cc1ccccc1/N=N/c1ccc(N(CCCl)CCCl)cc1,395,ethanol
1281,ClCCN(CCCl)c1ccc(/N=N/c2cccc(Cl)c2)cc1,406,ethanol
1282,CCN(CCC#N)c1ccc(/N=N/c2ccccc2Cl)cc1,412,ethanol
1283,CCN(CCC#N)c1ccc(/N=N/c2ccccc2C(F)(F)F)cc1,416,ethanol
1284,CCN(CCC#N)c1ccc(/N=N/c2ccccc2C#N)cc1,434,ethanol
1285,CCN(CCC#N)c1ccc(/N=N/c2c(Cl)cccc2Cl)cc1,396,ethanol
1286,COc1cccc(/N=N/c2ccc(O)cc2)c1,349,ethanol
1287,COc1ccccc1/N=N/c1ccc(O)cc1,351,ethanol
1288,Cc1cccc(/N=N/c2ccc(O)cc2)c1,349,ethanol
1289,Cc1ccccc1/N=N/c1ccc(O)cc1,350,ethanol
1290,Oc1ccc(/N=N/c2cccc(Cl)c2)cc1,357,ethanol
1291,Oc1ccc(/N=N/c2ccccc2Cl)cc1,360,ethanol
1292,Oc1ccc(/N=N/c2ccc(Cl)cc2Cl)cc1,366,ethanol
1293,Oc1ccc(/N=N/c2cc(Cl)ccc2Cl)cc1,370,ethanol
1294,Oc1ccc(/N=N/c2ccc(Br)cc2Cl)cc1,368,ethanol
1295,Oc1ccc(/N=N/c2cc(Br)ccc2Cl)cc1,370,ethanol
1296,N#Cc1ccc(/N=N/c2ccc(O)cc2)c(Cl)c1,378,ethanol
1297,N#Cc1ccc(Cl)c(/N=N/c2ccc(O)cc2)c1,372,ethanol
1298,Cc1cc(O)ccc1/N=N/c1ccccc1,354,ethanol
1299,Cc1cc(/N=N/c2ccccc2)ccc1O,354,ethanol
1300,COc1cc(O)ccc1/N=N/c1ccccc1,372,ethanol
1301,Oc1ccc(/N=N/c2ccccc2)c(O)c1,380,ethanol
1302,COc1ccc(/N=N/c2ccc(O)cc2O)cc1,388,ethanol
1303,Cc1ccc(/N=N/c2ccc(O)cc2O)cc1,386,ethanol
1304,Oc1ccc(/N=N/c2ccc(Cl)cc2)c(O)c1,387,ethanol
1305,Oc1ccc(/N=N/c2ccc(Br)cc2)c(O)c1,390,ethanol
1306,COc1ccc(/N=N/c2ccccc2)c(O)c1,375,ethanol
1307,COc1ccc(/N=N/c2ccccc2)c(OC)c1,362,ethanol
1308,COc1ccc(/N=N/c2ccc(OC)cc2OC)c(OC)c1,381,ethanol
1309,COc1ccc(/N=N/c2ccc(OC)c(OC)c2)cc1OC,370,ethanol
1310,Cc1cc(N(C)C)ccc1/N=N/c1ccccc1,409,ethanol
1311,Cc1cc(N(C)C)ccc1/N=N/c1ccc(N)cc1,460,ethanol
1312,CC(=O)c1ccc(/N=N/c2ccc(N(C)C)cc2C)cc1,452,ethanol
1313,CC(=O)c1cccc(/N=N/c2ccc(N(C)C)cc2C)c1,424,ethanol
1314,CCN(CC(O)CO)c1ccc(/N=N/c2ccccc2)c(C)c1,420,ethanol
1315,CCN(CC(O)CO)c1ccc(/N=N/c2ccc(C(C)=O)cc2)c(C)c1,457,ethanol
1316,Cc1cc(N(CCO)CCO)ccc1/N=N/c1ccccc1,415,ethanol
1317,COc1ccc(/N=N/c2ccc(N(CCO)CCO)cc2C)cc1,414,ethanol
1318,COc1ccccc1/N=N/c1ccc(N(CCO)CCO)cc1C,424,ethanol
1319,Cc1ccc(/N=N/c2ccc(N(CCO)CCO)cc2C)cc1,416,ethanol
1320,Cc1ccccc1/N=N/c1ccc(N(CCO)CCO)cc1C,418,ethanol
1321,Cc1cc(N(CCO)CCO)ccc1/N=N/c1ccc(F)cc1,417,ethanol
1322,Cc1cc(N(CCO)CCO)ccc1/N=N/c1ccc(Cl)cc1,424,ethanol
1323,Cc1cc(N(CCO)CCO)ccc1/N=N/c1ccc(Br)cc1,425,ethanol
1324,Cc1cc(N(CCO)CCO)ccc1/N=N/c1ccc(C(F)(F)F)cc1,434,ethanol
1325,Cc1cc(N(CCO)CCO)ccc1/N=N/c1ccccc1C(F)(F)F,434,ethanol
1326,Cc1cc(N(CCO)CCO)ccc1/N=N/c1ccc(Cl)cc1C(F)(F)F,447,ethanol
1327,Cc1cc(N(CCO)CCO)ccc1/N=N/c1cc(C(F)(F)F)cc(C(F)(F)F)c1,454,ethanol
1328,Cc1cc(N(CCO)CCO)ccc1/N=N/c1cc(C(F)(F)F)ccc1Cl,450,ethanol
1329,Cc1cc(N(CCO)CCC#N)ccc1/N=N/c1ccccc1,403,ethanol
1330,COc1cccc(/N=N/c2ccc(N(CCO)CCC#N)cc2C)c1,407,ethanol
1331,COc1ccccc1/N=N/c1ccc(N(CCO)CCC#N)cc1C,409,ethanol
1332,Cc1ccc(/N=N/c2ccc(N(CCO)CCC#N)cc2C)cc1,402,ethanol
1333,Cc1cccc(/N=N/c2ccc(N(CCO)CCC#N)cc2C)c1,402,ethanol
1334,Cc1ccccc1/N=N/c1ccc(N(CCO)CCC#N)cc1C,405,ethanol
1335,Cc1cc(N(CCO)CCC#N)ccc1/N=N/c1cccc(F)c1,415,ethanol
1336,Cc1cc(N(CCO)CCC#N)ccc1/N=N/c1ccccc1F,417,ethanol
1337,Cc1cc(N(CCO)CCC#N)ccc1/N=N/c1ccc(Cl)cc1,413,ethanol
1338,Cc1cc(N(CCO)CCC#N)ccc1/N=N/c1cccc(Cl)c1,410,ethanol
1339,Cc1cc(N(CCO)CCC#N)ccc1/N=N/c1ccccc1Cl,412,ethanol
1340,Cc1cc(N(CCO)CCC#N)ccc1/N=N/c1cccc(Br)c1,414,ethanol
1341,Cc1cc(N(CCO)CCC#N)ccc1/N=N/c1ccccc1Br,417,ethanol
1342,Cc1cc(N(CCO)CCC#N)ccc1/N=N/c1ccc(C(F)(F)F)cc1,421,ethanol
1343,Cc1cc(N(CCO)CCC#N)ccc1/N=N/c1cccc(C(F)(F)F)c1,418,ethanol
1344,Cc1cc(N(CCO)CCC#N)ccc1/N=N/c1ccccc1C(F)(F)F,419,ethanol
1345,Cc1cc(N(CCO)CCC#N)ccc1/N=N/c1ccc(C#N)cc1,437,ethanol
1346,Cc1cc(N(CCO)CCC#N)ccc1/N=N/c1ccccc1C#N,438,ethanol
1347,Cc1cc(NCCC#N)ccc1/N=N/c1ccccc1,396,ethanol
1348,CC(=O)Nc1ccc(/N=N/c2ccc(NCCC#N)cc2C)cc1,403,ethanol
1349,COc1ccc(/N=N/c2ccc(NCCC#N)cc2C)cc1,395,ethanol
1350,COc1cccc(/N=N/c2ccc(NCCC#N)cc2C)c1,394,ethanol
1351,COc1ccccc1/N=N/c1ccc(NCCC#N)cc1C,394,ethanol
1352,Cc1ccc(/N=N/c2ccc(NCCC#N)cc2C)cc1,395,ethanol
1353,Cc1cccc(/N=N/c2ccc(NCCC#N)cc2C)c1,400,ethanol
1354,Cc1ccccc1/N=N/c1ccc(NCCC#N)cc1C,400,ethanol
1355,Cc1cc(NCCC#N)ccc1/N=N/c1ccc(F)cc1,398,ethanol
1356,Cc1cc(NCCC#N)ccc1/N=N/c1cccc(F)c1,406,ethanol
1357,Cc1cc(NCCC#N)ccc1/N=N/c1ccccc1F,404,ethanol
1358,Cc1cc(NCCC#N)ccc1/N=N/c1ccc(Cl)cc1,404,ethanol
1359,Cc1cc(NCCC#N)ccc1/N=N/c1cccc(Cl)c1,408,ethanol
1360,Cc1cc(NCCC#N)ccc1/N=N/c1ccccc1Cl,408,ethanol
1361,Cc1cc(NCCC#N)ccc1/N=N/c1ccc(C(F)(F)F)cc1,411,ethanol
1362,Cc1cc(NCCC#N)ccc1/N=N/c1ccc(C#N)cc1,428,ethanol
1363,Cc1cc(NCCC#N)ccc1/N=N/c1ccccc1C#N,429,ethanol
1364,COc1ccc(C)cc1/N=N/c1ccccc1,360,ethanol
1365,COc1ccc(OC)c(/N=N/c2cc(OC)ccc2OC)c1,411,ethanol
