smiles_can,smiles_orig,t12_s,log10_t12_s,k_Z_E_s-1,solvent,solvent_raw,temp_C,lambda_max_nm,source,duplicate_in_other_source
O=C(CCl)Nc1ccc(N=Nc2ccc(NC(=O)CCl)cc2N2CCCC2)c(N2CCCC2)c1,C1CCCN1c2cc(NC(=O)CCl)ccc2N=Nc3c(cc(NC(=O)CCl)cc3)N4CCCC4,0.684,-0.16494389827988373,1.013373070994072,water,water,25.0,530.0,Byadi2025_JCheminform_17_42,False
COc1ccc(N=Nc2ccc(OC)cc2N2CCCC2)c(N2CCCCC2)c1,C1CCN(C1)c2cc(ccc2N=Nc3ccc(cc3N4CCCCC4)OC)OC,1.224,0.08778141780954238,0.5662967161437462,MeCN,acetonitrile,25.0,488.0,Byadi2025_JCheminform_17_42,False
O=C(CCl)N1CCN(c2ccc(N=Nc3ccc(N4CCN(C(=O)CCl)CC4)cc3)cc2)CC1,C1CN(CCN1c2ccc(cc2)N=Nc3ccc(cc3)N4CCN(CC4)C(CCl)=O)C(CCl)=O,1.8,0.25527250510330607,0.3850817669777474,water,water,25.0,450.0,Byadi2025_JCheminform_17_42,False
CN(C)c1ccc(N=Nc2nccs2)cc1,c1cc(ccc1N=Nc2nccs2)N(C)C,1.8,0.25527250510330607,0.3850817669777474,MeCN,acetonitrile,25.0,484.0,Byadi2025_JCheminform_17_42,False
Cc1n[nH]c(C)c1N=Nc1ccccc1C(F)(F)F,FC(F)(F)c1c(cccc1)N=Nc2c([nH]nc2C)C,2.112804878,0.32485939089010063,0.32806966122498005,MeCN,acetonitrile,25.0,335.0,Byadi2025_JCheminform_17_42,False
Cc1n[nH]c(C)c1/N=N/c1ccccc1C(F)(F)F,CC1=C(C(C)=NN1)/N=N/C2=C(C(F)(F)F)C=CC=C2,2.1132535992681256,0.3249516173334593,0.328,,,25.0,335.0,Griffiths2022_ChemSci_13_13541,False
CCN(CC)c1cc(NC(=O)CCl)ccc1N=Nc1ccc(NC(=O)CCl)cc1N(CC)CC,CCN(CC)c1c(N=Nc2c(N(CC)CC)cc(cc2)NC(CCl)=O)ccc(NC(CCl)=O)c1,4.68,0.670245853074124,0.14810837191451823,water,water,25.0,488.0,Byadi2025_JCheminform_17_42,False
O=C(CCl)Nc1ccc(N=Nc2ccc(NC(=O)CCl)cc2N2CCCCC2)c(N2CCCCC2)c1,C1CN(CCC1)c2cc(NC(=O)CCl)ccc2N=Nc3c(cc(NC(=O)CCl)cc3)N4CCCCC4,5.976,0.7764105888073424,0.11598848402944198,water,water,25.0,445.0,Byadi2025_JCheminform_17_42,False
CS(=O)(=O)SCCNC(=O)Nc1ccc(N=Nc2ccc(NC(=O)NCCSS(C)(=O)=O)cc2)cc1,c1cc(ccc1NC(NCCSS(=O)(=O)C)=O)N=Nc2ccc(cc2)NC(NCCSS(=O)(=O)C)=O,10.8,1.0334237554869496,0.06418029449629123,water,water,25.0,382.0,Byadi2025_JCheminform_17_42,False
Cc1n[nH]c(C)c1/N=N/c1cccc(Br)c1,CC1=C(C(C)=NN1)/N=N/C2=CC(Br)=CC=C2,11.808299498465848,1.072187359797524,0.0587,,,25.0,335.0,Griffiths2022_ChemSci_13_13541,False
CC(=O)Nc1cccc(N=Nc2c(C)n[nH]c2C)c1,N(C(=O)C)c1cc(ccc1)N=Nc2c(C)n[nH]c2C,12.73897059,1.1051343349737888,0.054411553560227296,MeCN,acetonitrile,25.0,329.0,Byadi2025_JCheminform_17_42,False
CC(=O)Nc1cccc(/N=N/c2c(C)n[nH]c2C)c1,CC1=C(C(C)=NN1)/N=N/C2=CC(NC(C)=O)=CC=C2,12.74167611323429,1.1052265613469585,0.0544,,,25.0,329.0,Griffiths2022_ChemSci_13_13541,False
COc1ccc(N=Nc2ccc(OC)cc2N2CCCC2)cc1,c1cc(ccc1N=Nc2c(N3CCCC3)cc(OC)cc2)OC,15.192,1.1816149517289611,0.045625801774614616,MeCN,acetonitrile,25.0,340.0,Byadi2025_JCheminform_17_42,False
Cc1n[nH]c(C)c1N=Nc1ccc(C(=O)O)cc1,c1cc(ccc1N=Nc2c(n[nH]c2C)C)C(=O)O,15.71428571,1.1962946450255243,0.04410936604766271,MeCN,acetonitrile,25.0,342.0,Byadi2025_JCheminform_17_42,False
Cc1n[nH]c(C)c1/N=N/c1ccc(C(=O)O)cc1,CC1=C(C(C)=NN1)/N=N/C2=CC=C(C(O)=O)C=C2,15.717623141948872,1.1963868715772998,0.0441,,,25.0,342.0,Griffiths2022_ChemSci_13_13541,False
Cc1cc(C)n(C)c1/N=N/c1ccccc1,CN1C(/N=N/C2=CC=CC=C2)=C(C)C=C1C,21.00446001696804,1.322311521167251,0.033,MeCN,MeCN,25.0,394.0,Griffiths2022_ChemSci_13_13541,False
Cc1n[nH]c(C)c1N=Nc1cccc(C(=O)O)c1,O=C(O)c1cccc(c1)N=Nc2c(C)n[nH]c2C,22.79605263,1.357859650972972,0.030406456407621716,MeCN,acetonitrile,25.0,332.0,Byadi2025_JCheminform_17_42,False
Cc1n[nH]c(C)c1/N=N/c1cccc(C(=O)O)c1,CC1=C(C(C)=NN1)/N=N/C2=CC(C(O)=O)=CC=C2,22.800894097366623,1.3579518774363846,0.0304,,,25.0,332.0,Griffiths2022_ChemSci_13_13541,False
Cc1n[nH]c(C)c1/N=N/c1ccc(C(F)(F)F)cc1,CC1=C(C(C)=NN1)/N=N/C2=CC=C(C(F)(F)F)C=C2,23.41713447837653,1.3695337499861997,0.0296,,,25.0,334.0,Griffiths2022_ChemSci_13_13541,False
Nc1ccccc1N=Nc1nccs1,c1cnc(N=Nc2ccccc2N)s1,45.0,1.6532125137753437,0.015403270679109895,MeCN,acetonitrile,25.0,482.0,Byadi2025_JCheminform_17_42,False
Cc1n[nH]c(C)c1/N=N/c1cccc(Cl)c1,CC1=C(C(C)=NN1)/N=N/C2=CC(Cl)=CC=C2,60.80238425964432,1.7839206097086657,0.0114,,,25.0,336.0,Griffiths2022_ChemSci_13_13541,False
CS(=O)(=O)SCCOC(=O)Nc1ccc(N=Nc2ccc(NC(=O)OCCSS(C)(=O)=O)cc2)cc1,O=S(=O)(SCCOC(Nc1ccc(cc1)N=Nc2ccc(cc2)NC(=O)OCCSS(=O)(=O)C)=O)C,72.0,1.8573324964312685,0.009627044174443685,water,water,25.0,372.0,Byadi2025_JCheminform_17_42,False
Cc1ccccc1N=Nc1c(C)n[nH]c1C,c1cccc(c1N=Nc2c(C)[nH]nc2C)C,100.1445087,2.000627140282893,0.00692146967974436,MeCN,acetonitrile,25.0,336.0,Byadi2025_JCheminform_17_42,False
Cc1ccccc1/N=N/c1c(C)n[nH]c1C,CC1=C(C(C)=NN1)/N=N/C2=C(C)C=CC=C2,100.16577753756435,2.0007193665883807,0.00692,,,25.0,336.0,Griffiths2022_ChemSci_13_13541,False
Cc1n[nH]c(C)c1N=Nc1ccccc1Br,c1(ccccc1N=Nc2c(C)[nH]nc2C)Br,161.5384615,2.208275942323679,0.004290911118773688,MeCN,acetonitrile,25.0,340.0,Byadi2025_JCheminform_17_42,False
Cc1n[nH]c(C)c1/N=N/c1ccccc1Br,CC1=C(C(C)=NN1)/N=N/C2=C(Br)C=CC=C2,161.5727693612926,2.208368168860414,0.00429,,,25.0,340.0,Griffiths2022_ChemSci_13_13541,False
Cc1n[nH]c(C)c1N=Nc1ccccc1Cl,c1c(Cl)c(ccc1)N=Nc2c(C)[nH]nc2C,171.9602978,2.2354281885546734,0.004030855897714927,MeCN,acetonitrile,25.0,339.0,Byadi2025_JCheminform_17_42,False
Cc1n[nH]c(C)c1/N=N/c1ccccc1Cl,CC1=C(C(C)=NN1)/N=N/C2=C(Cl)C=CC=C2,171.99681899750504,2.235520414904029,0.00403,,,25.0,339.0,Griffiths2022_ChemSci_13_13541,False
COc1cccc(/N=N/c2c(C)n[nH]c2C)c1,CC1=C(C(C)=NN1)/N=N/C2=CC(OC)=CC=C2,233.38288907742265,2.368069011727926,0.00297,,,25.0,330.0,Griffiths2022_ChemSci_13_13541,False
Cc1n[nH]c(C)c1N=Nc1cccc(O)c1,c1(c(c(C)[nH]n1)N=Nc2cccc(c2)O)C,240.625,2.381340746852576,0.0028806116594699027,MeCN,acetonitrile,25.0,330.0,Byadi2025_JCheminform_17_42,False
Cc1n[nH]c(C)c1/N=N/c1cccc(O)c1,CC1=C(C(C)=NN1)/N=N/C2=CC(O)=CC=C2,240.6761043610921,2.3814329732859076,0.00288,,,25.0,330.0,Griffiths2022_ChemSci_13_13541,False
COc1ccc(N=Nc2ccc(OC)cc2N2CCCC2)c(F)c1,C1CCN(C1)c2c(N=Nc3ccc(OC)cc3F)ccc(OC)c2,255.6,2.4075608494863627,0.002711843429420756,MeCN,acetonitrile,25.0,344.0,Byadi2025_JCheminform_17_42,False
Cc1n[nH]c(C)c1/N=N/c1cccc(C(F)(F)F)c1,CC1=C(C(C)=NN1)/N=N/C2=CC(C(F)(F)F)=CC=C2,261.5649737962058,2.4175795871083308,0.00265,,,25.0,332.0,Griffiths2022_ChemSci_13_13541,False
CN1CCN(c2cc(NC(=O)CCl)ccc2N=Nc2ccc(NC(=O)CCl)cc2N2CCN(C)CC2)CC1,C1CN(CCN1c2c(ccc(NC(=O)CCl)c2)N=Nc3c(cc(NC(=O)CCl)cc3)N4CCN(CC4)C)C,298.8,2.475380593143361,0.0023197696805888394,water,water,25.0,437.0,Byadi2025_JCheminform_17_42,False
Cn1cccc1N=Nc1ccccc1N1CCCC1,C1CCN(C1)c2ccccc2N=Nc3cccn3C,298.8,2.475380593143361,0.0023197696805888394,DMSO,dimethyl sulfoxide,25.0,361.0,Byadi2025_JCheminform_17_42,False
Cc1cccc(N=Nc2c(C)n[nH]c2C)c1,c1(c(c(C)[nH]n1)N=Nc2cc(C)ccc2)C,348.241206,2.5418801581644987,0.001990422639875493,MeCN,acetonitrile,25.0,331.0,Byadi2025_JCheminform_17_42,False
Cc1cccc(/N=N/c2c(C)n[nH]c2C)c1,CC1=C(C(C)=NN1)/N=N/C2=CC(C)=CC=C2,348.31516611052524,2.541972384635432,0.00199,,,25.0,331.0,Griffiths2022_ChemSci_13_13541,False
Cc1n[nH]c(C)c1/N=N/c1cccc(F)c1,CC1=C(C(C)=NN1)/N=N/C2=CC(F)=CC=C2,374.67415165402446,2.5736537326421245,0.00185,,,25.0,334.0,Griffiths2022_ChemSci_13_13541,False
Cc1n[nH]c(C)c1/N=N/c1ccc(Br)cc1,CC1=C(C(C)=NN1)/N=N/C2=CC=C(Br)C=C2,387.2330617653326,2.5879724300652454,0.00179,,,25.0,337.0,Griffiths2022_ChemSci_13_13541,False
Cc1n[nH]c(C)c1/N=N/c1ccc(Cl)cc1,CC1=C(C(C)=NN1)/N=N/C2=CC=C(Cl)C=C2,415.05819195206305,2.618108989897555,0.00167,,,25.0,336.0,Griffiths2022_ChemSci_13_13541,False
Cc1n[nH]c(C)c1N=Nc1ccc(F)cc1,c1cc(ccc1F)N=Nc2c(n[nH]c2C)C,427.7777778,2.6312182200917364,0.0016203440583676463,MeCN,acetonitrile,25.0,330.0,Byadi2025_JCheminform_17_42,False
Cc1n[nH]c(C)c1/N=N/c1ccc(F)cc1,CC1=C(C(C)=NN1)/N=N/C2=CC=C(F)C=C2,427.86862997527487,2.6313104465025074,0.00162,,,25.0,330.0,Griffiths2022_ChemSci_13_13541,False
Cc1ccc(N=Nc2c(C)n[nH]c2C)cc1,c1cc(ccc1C)N=Nc2c(n[nH]c2C)C,477.9310345,2.6793652323924992,0.0014503079535002352,MeCN,acetonitrile,25.0,335.0,Byadi2025_JCheminform_17_42,False
Cc1ccc(/N=N/c2c(C)n[nH]c2C)cc1,CC1=C(C(C)=NN1)/N=N/C2=CC=C(C)C=C2,478.03253831720366,2.6794574588101634,0.00145,,,25.0,335.0,Griffiths2022_ChemSci_13_13541,False
CC(=O)Nc1ccc(N=Nc2c(C)n[nH]c2C)cc1,c1cc(ccc1NC(C)=O)N=Nc2c(n[nH]c2C)C,481.25,2.6823707425165573,0.0014403058297349513,MeCN,acetonitrile,25.0,350.0,Byadi2025_JCheminform_17_42,False
CC(=O)Nc1ccc(/N=N/c2c(C)n[nH]c2C)cc1,CC1=C(C(C)=NN1)/N=N/C2=CC=C(NC(C)=O)C=C2,481.3522087221842,2.682462968949889,0.00144,,,25.0,350.0,Griffiths2022_ChemSci_13_13541,False
COc1ccc(N=Nc2ccc(C#N)cc2)s1,c1cc(ccc1C#N)N=Nc2ccc(s2)OC,576.0,2.760422483423212,0.0012033805218054606,MeCN,acetonitrile,25.0,414.0,Byadi2025_JCheminform_17_42,False
COc1ccc(/N=N/c2c(C)n[nH]c2C)cc1,CC1=C(C(C)=NN1)/N=N/C2=CC=C(OC)C=C2,577.6226504666212,2.7616442149975136,0.0012,,,25.0,342.0,Griffiths2022_ChemSci_13_13541,False
COc1ccccc1N=Nc1c(C)n[nH]c1C,N(c1ccccc1OC)=Nc2c(C)[nH]nc2C,666.3461538,2.8236998952829455,0.001040220877102848,MeCN,acetonitrile,25.0,350.0,Byadi2025_JCheminform_17_42,False
COc1ccccc1/N=N/c1c(C)n[nH]c1C,CC1=C(C(C)=NN1)/N=N/C2=C(OC)C=CC=C2,666.487673615332,2.823792121746358,0.00104,,,25.0,350.0,Griffiths2022_ChemSci_13_13541,False
Cc1n[nH]c(C)c1N=Nc1cccc(Br)c1,c1(c(c(C)[nH]n1)N=Nc2cccc(Br)c2)C,720.0,2.8573324964312685,0.0009627044174443685,MeCN,acetonitrile,25.0,335.0,Byadi2025_JCheminform_17_42,False
Cc1c(N=Nc2ccccc2)c(C)n(C)c1C,c1cc(ccc1)N=Nc2c(C)n(C)c(c2C)C,900.0,2.9542425094393248,0.0007701635339554948,MeCN,acetonitrile,25.0,345.0,Byadi2025_JCheminform_17_42,False
COc1ccc(N=Nc2nccs2)cc1,c1cc(ccc1N=Nc2nccs2)OC,900.0,2.9542425094393248,0.0007701635339554948,MeCN,acetonitrile,25.0,384.0,Byadi2025_JCheminform_17_42,False
Cc1c(/N=N/c2ccccc2)c(C)n(C)c1C,CC(N(C)C(C)=C1C)=C1/N=N/C2=CC=CC=C2,912.0357638946648,2.960011868764347,0.00076,MeCN,MeCN,25.0,345.0,Griffiths2022_ChemSci_13_13541,False
Cc1n[nH]c(C)c1N=Nc1ccc(C(F)(F)F)cc1,FC(F)(F)c1ccc(cc1)N=Nc2c(n[nH]c2C)C,1404.0,3.1473671077937864,0.000493694573048394,MeCN,acetonitrile,25.0,334.0,Byadi2025_JCheminform_17_42,False
COc1ccc(N=Nc2cccs2)cc1,c1cc(ccc1OC)N=Nc2sccc2,1778.4,3.2500294496909343,0.00038975887345925846,MeCN,acetonitrile,25.0,375.0,Byadi2025_JCheminform_17_42,False
N#Cc1ccc(N=Nc2ccccc2)s1,c1ccccc1N=Nc2sc(cc2)C#N,2534.4,3.4038751599093997,0.00027349557313760466,MeCN,acetonitrile,25.0,364.0,Byadi2025_JCheminform_17_42,False
Cn1cccc1N=Nc1c(F)cccc1N1CCCC1,C1CCCN1c2c(c(ccc2)F)N=Nc3cccn3C,3348.0,3.5247854493212225,0.00020703320805255237,DMSO,dimethyl sulfoxide,25.0,362.0,Byadi2025_JCheminform_17_42,False
Cc1n[nH]c(C)c1N=Nc1cccc(Cl)c1,c1c(cccc1Cl)N=Nc2c(C)n[nH]c2C,3636.0,3.56062387454993,0.00019063453810779573,MeCN,acetonitrile,25.0,336.0,Byadi2025_JCheminform_17_42,False
O=[N+]([O-])c1cc(Cl)c(N=Nc2c(Cl)cccc2Cl)c(Cl)c1,c1(Cl)cc(cc(Cl)c1N=Nc2c(Cl)cccc2Cl)[N+](=O)[O-],3960.0,3.597695185925512,0.000175037166808067,DMSO,dimethyl sulfoxide,25.0,310.0,Byadi2025_JCheminform_17_42,False
N#Cc1ccc(N=Nc2nccs2)cc1,c1cc(ccc1N=Nc2nccs2)C#N,6120.0,3.7867514221455614,0.00011325934322874924,MeCN,acetonitrile,25.0,371.0,Byadi2025_JCheminform_17_42,False
COc1cc(NC(C)=O)ccc1N=Nc1ccc(NC(C)=O)cc1OC,c1(ccc(c(c1)OC)N=Nc2c(cc(cc2)NC(=O)C)OC)NC(=O)C,6838.548096,3.834963905692673,0.00010135882219873259,DMSO,dimethyl sulfoxide,25.0,338.0,Byadi2025_JCheminform_17_42,False
COc1cc(NC(C)=O)ccc1/N=N/c1ccc(NC(C)=O)cc1OC,CC(NC(C=C1)=CC(OC)=C1/N=N/C2=C(OC)C=C(NC(C)=O)C=C2)=O,6840.020728459944,3.835057417837387,0.000101337,DMSO,DMSO,25.0,338.0,Griffiths2022_ChemSci_13_13541,False
Cn1cccc1N=Nc1ccccc1N1CCCCC1,C1CN(CCC1)c2ccccc2N=Nc3cccn3C,9648.0,3.9844372947960762,7.184361324211705e-05,DMSO,dimethyl sulfoxide,25.0,377.0,Byadi2025_JCheminform_17_42,False
c1ccc(N=Nc2nccs2)cc1,c1cc(ccc1)N=Nc2nccs2,10080.0,4.003460532109506,6.876460124602632e-05,MeCN,acetonitrile,25.0,364.0,Byadi2025_JCheminform_17_42,False
COc1ccc(N=Nc2ccccc2)s1,c1ccccc1N=Nc2ccc(s2)OC,10188.0,4.0080889362915775,6.80356478759271e-05,MeCN,acetonitrile,25.0,393.0,Byadi2025_JCheminform_17_42,False
Cn1cccc1N=Nc1ccccc1,c1cc(ccc1)N=Nc2n(C)ccc2,10661.53846,4.027819877906283,6.501380482380639e-05,MeCN,acetonitrile,25.0,385.0,Byadi2025_JCheminform_17_42,False
Cn1cccc1/N=N/c1ccccc1,CN1C(/N=N/C2=CC=CC=C2)=CC=C1,10663.802777845312,4.027912104402283,6.5e-05,MeCN,MeCN,25.0,385.0,Griffiths2022_ChemSci_13_13541,False
Cc1ccc(N=Nc2ccc(C#N)cc2)s1,c1cc(ccc1C#N)N=Nc2sc(C)cc2,12708.0,4.10407720615511,5.4544159628576116e-05,MeCN,acetonitrile,25.0,386.0,Byadi2025_JCheminform_17_42,False
Ic1ccccc1N=Nc1nccs1,c1cnc(N=Nc2c(cccc2)I)s1,12960.0,4.1126050015345745,5.348357874690936e-05,MeCN,acetonitrile,25.0,372.0,Byadi2025_JCheminform_17_42,False
COc1cccc(N=Nc2c(C)n[nH]c2C)c1,c1(c(c(C)[nH]n1)N=Nc2cc(OC)ccc2)C,14004.0,4.146252102092995,4.9496371076831286e-05,MeCN,acetonitrile,25.0,330.0,Byadi2025_JCheminform_17_42,False
Cc1n[nH]c(C)c1N=Nc1ccccc1F,c1cccc(N=Nc2c(C)[nH]nc2C)c1F,15230.76923,4.18272183793276,4.550966337239589e-05,MeCN,acetonitrile,25.0,334.0,Byadi2025_JCheminform_17_42,False
Cc1n[nH]c(C)c1/N=N/c1ccccc1F,CC1=C(C(C)=NN1)/N=N/C2=C(F)C=CC=C2,15234.003968350446,4.182814064388026,4.55e-05,,,25.0,334.0,Griffiths2022_ChemSci_13_13541,False
Cc1n[nH]c(C)c1N=Nc1cccc(C(F)(F)F)c1,FC(F)(F)c1cc(ccc1)N=Nc2c(n[nH]c2C)C,15696.0,4.195788990035873,4.416075309377837e-05,MeCN,acetonitrile,25.0,332.0,Byadi2025_JCheminform_17_42,False
Fc1c(F)c(F)c(N=Nc2c(F)c(F)c(F)c(F)c2F)c(F)c1F,Fc1c(F)c(c(F)c(F)c1N=Nc2c(F)c(F)c(c(F)c2F)F)F,16902.43902,4.227949377779267,4.10087076628273e-05,MeCN,acetonitrile,25.0,310.0,Byadi2025_JCheminform_17_42,False
Fc1c(F)c(F)c(/N=N/c2c(F)c(F)c(F)c(F)c2F)c(F)c1F,FC1=C(F)C(F)=C(F)C(F)=C1/N=N/C2=C(F)C(F)=C(F)C(F)=C2F,16906.028794145008,4.228041604325403,4.1e-05,MeCN,MeCN at 60C,60.0,310.0,Griffiths2022_ChemSci_13_13541,False
Fc1ccccc1N=Nc1nccs1,c1cnc(N=Nc2c(cccc2)F)s1,19800.0,4.296665190261531,3.50074333616134e-05,MeCN,acetonitrile,25.0,369.0,Byadi2025_JCheminform_17_42,False
N#Cc1ccc(N=Nc2cccs2)cc1,c1cc(ccc1C#N)N=Nc2sccc2,22860.0,4.359076226059263,3.0321398974625778e-05,MeCN,acetonitrile,25.0,371.0,Byadi2025_JCheminform_17_42,False
Cc1n[nH]c(C)c1N=Nc1ccc(Br)cc1,c1cc(ccc1Br)N=Nc2c(n[nH]c2C)C,23184.0,4.365188368127099,2.9897652715663618e-05,MeCN,acetonitrile,25.0,337.0,Byadi2025_JCheminform_17_42,False
Clc1ccccc1N=Nc1nccs1,c1cnc(N=Nc2ccccc2Cl)s1,23760.0,4.375846436309156,2.9172861134677832e-05,MeCN,acetonitrile,25.0,371.0,Byadi2025_JCheminform_17_42,False
Cc1noc(C)c1N=Nc1ccccc1N1CCCC1,C1CCN(C1)c2ccccc2N=Nc3c(C)onc3C,24840.0,4.3951515915045425,2.7904475867952708e-05,DMSO,dimethyl sulfoxide,25.0,315.0,Byadi2025_JCheminform_17_42,False
COc1cccc(N=Nc2cccs2)c1,c1ccsc1N=Nc2cc(OC)ccc2,25164.0,4.400779676512968,2.754519077094044e-05,MeCN,acetonitrile,25.0,364.0,Byadi2025_JCheminform_17_42,False
CCOC(=O)c1cc(F)c(N=Nc2ccccc2)c(F)c1,Fc1cc(cc(F)c1N=Nc2ccccc2)C(=O)OCC,25194.64957,4.401308322172888,2.751168174155896e-05,MeCN,acetonitrile,25.0,316.0,Byadi2025_JCheminform_17_42,False
CCOC(=O)c1cc(F)c(/N=N/c2ccccc2)c(F)c1,FC1=CC(C(OCC)=O)=CC(F)=C1/N=N/C2=CC=CC=C2,25205.352020361646,4.401492767214876,2.75e-05,MeCN,MeCN at 60C,60.0,316.0,Griffiths2022_ChemSci_13_13541,False
c1ccc(N=Nc2cccs2)cc1,c1ccccc1N=Nc2sccc2,25416.0,4.405107201819091,2.7272079814288058e-05,MeCN,acetonitrile,25.0,359.0,Byadi2025_JCheminform_17_42,False
Brc1ccccc1N=Nc1nccs1,c1cnc(N=Nc2c(cccc2)Br)s1,25920.0,4.413634997198556,2.674178937345468e-05,MeCN,acetonitrile,25.0,371.0,Byadi2025_JCheminform_17_42,False
Cn1nc(-c2ccccc2)c(N=Nc2ccccc2N2CCCC2)c1-c1ccccc1,C1CCN(C1)c2c(N=Nc3c(-c4ccccc4)n(nc3-c5ccccc5)C)cccc2,27360.0,4.437116093048078,2.53343267748518e-05,DMSO,dimethyl sulfoxide,25.0,326.0,Byadi2025_JCheminform_17_42,False
CCOC(=O)c1ccc(/N=N/c2c(F)cc(C(=O)OCC)cc2F)cc1,FC1=CC(C(OCC)=O)=CC(F)=C1/N=N/C2=CC=C(C(OCC)=O)C=C2,28761.293799167855,4.45880841847027,2.41e-05,MeCN,MeCN at 60C,60.0,320.0,Griffiths2022_ChemSci_13_13541,False
Cc1ccc(N=Nc2ccc(C(F)(F)F)cc2)s1,FC(F)(F)c1ccc(cc1)N=Nc2sc(C)cc2,28764.0,4.458849280081279,2.409773260186154e-05,MeCN,acetonitrile,25.0,375.0,Byadi2025_JCheminform_17_42,False
CCOC(=O)c1ccc(N=Nc2c(F)cc(C(=O)OCC)cc2F)cc1,Fc1cc(cc(F)c1N=Nc2ccc(cc2)C(OCC)=O)C(=O)OCC,28793.89719,4.45930044964942,2.4072711518907292e-05,MeCN,acetonitrile,25.0,320.0,Byadi2025_JCheminform_17_42,False
Cc1nn(C)c(C)c1N=Nc1ccccc1N1CCCC1,C1CCN(C1)c2c(cccc2)N=Nc3c(C)n(nc3C)C,29880.0,4.4753805931433615,2.3197696805888395e-05,DMSO,dimethyl sulfoxide,25.0,322.0,Byadi2025_JCheminform_17_42,False
Cn1ccnc1/N=N/c1ccccc1,CN1C(/N=N/C2=CC=CC=C2)=NC=C1,31506.69002545206,4.498402780222932,2.2e-05,MeCN,MeCN,25.0,363.0,Griffiths2022_ChemSci_13_13541,False
Cc1n[nH]c(C)c1N=Nc1ccccc1,c1ccccc1N=Nc2c(n[nH]c2C)C,31644.0,4.500291375841059,2.190453737074786e-05,MeCN,acetonitrile,25.0,330.0,Byadi2025_JCheminform_17_42,False
Cn1ccnc1N=Nc1ccccc1,c1cc(ccc1)N=Nc2n(ccn2)C,32400.0,4.510545010206612,2.1393431498763742e-05,MeCN,acetonitrile,25.0,363.0,Byadi2025_JCheminform_17_42,False
COc1ccc(N=Nc2ccc(OC)cc2N2CCCCC2)cc1,c1cc(ccc1N=Nc2c(cc(OC)cc2)N3CCCCC3)OC,32760.0,4.515343893088381,2.1158338844931175e-05,MeCN,acetonitrile,25.0,341.0,Byadi2025_JCheminform_17_42,False
c1ccc(-c2noc(-c3ccccc3)c2N=Nc2ccccc2N2CCCC2)cc1,c1ccccc1-c2noc(-c3ccccc3)c2N=Nc4c(N5CCCC5)cccc4,33840.0,4.529430354366986,2.0483072711582307e-05,DMSO,dimethyl sulfoxide,25.0,332.0,Byadi2025_JCheminform_17_42,False
NCCc1ccc2c(c1)/N=N\c1cc(CCN)ccc1CC2,NCCC1=CC(/N=N\2)=C(CCC3=C2C=C(CCN)C=C3)C=C1,36290.428301567816,4.559792093797411,1.91e-05,MeCN,MeCN,25.0,,Griffiths2022_ChemSci_13_13541,False
CC(C)(C)OCc1ccc2c(c1)/N=N\c1cc(COC(C)(C)C)ccc1CC2,CC(C)(C)OCC1=CC(/N=N\2)=C(CCC3=C2C=C(COC(C)(C)C)C=C3)C=C1,36674.45399788071,4.564363656871894,1.89e-05,MeCN,MeCN,25.0,,Griffiths2022_ChemSci_13_13541,False
Fc1ccccc1N=Nc1ccccc1F,c1(c(cccc1)F)N=Nc2c(cccc2)F,39591.6292,4.597603373386753,1.750741746591083e-05,MeCN,acetonitrile,25.0,325.0,Byadi2025_JCheminform_17_42,False
Fc1ccccc1/N=N/c1ccccc1F,FC1=CC=CC=C1/N=N/C2=C(F)C=CC=C2,39608.41031771116,4.597787412358844,1.75e-05,MeCN,MeCN at 60C,60.0,325.0,Griffiths2022_ChemSci_13_13541,False
[N-]=[N+]=NCc1ccc2c(c1)/N=N\c1cc(CN=[N+]=[N-])ccc1CC2,[N-]=[N+]=NCC(C=C1)=CC2=C1CCC3=C(/N=N\2)C=C(CN=[N+]=[N-])C=C3,40299.25468371774,4.605297014137589,1.72e-05,MeCN,MeCN,25.0,,Griffiths2022_ChemSci_13_13541,False
OCc1ccc2c(c1)/N=N\c1cc(CO)ccc1CC2,OCC(C=C1)=CC2=C1CCC3=C(/N=N\2)C=C(CO)C=C3,41014.626068635815,4.612938756431465,1.69e-05,MeCN,MeCN,25.0,,Griffiths2022_ChemSci_13_13541,False
Cc1nn(C)c(C)c1N=Nc1c(F)cccc1N1CCCC1,C1CCCN1c2cccc(c2N=Nc3c(nn(C)c3C)C)F,42840.0,4.631849462159818,1.6179906175535605e-05,DMSO,dimethyl sulfoxide,25.0,312.0,Byadi2025_JCheminform_17_42,False
Cc1cnn(C)c1N=Nc1ccccc1,c1cc(ccc1)N=Nc2c(C)cnn2C,43200.0,4.635483746814912,1.6045073624072808e-05,MeCN,acetonitrile,25.0,340.0,Byadi2025_JCheminform_17_42,True
CS(=O)(=O)CC(=O)Nc1ccc(N=Nc2ccc(NC(=O)CS(C)(=O)=O)cc2)cc1,O=S(=O)(CC(=O)Nc1ccc(cc1)N=Nc2ccc(cc2)NC(CS(=O)(=O)C)=O)C,43200.0,4.635483746814912,1.6045073624072808e-05,water,water,25.0,366.0,Byadi2025_JCheminform_17_42,False
C=Cc1ccc2c(c1)/N=N\c1cc(C=C)ccc1CC2,C=CC1=CC(/N=N\2)=C(CCC3=C2C=C(C=C)C=C3)C=C1,47152.86942584662,4.673508126296962,1.47e-05,MeCN,MeCN,25.0,,Griffiths2022_ChemSci_13_13541,False
[N-]=[N+]=NCCc1ccc2c(c1)/N=N\c1cc(CCN=[N+]=[N-])ccc1CC2,[N-]=[N+]=NCCC1=CC(/N=N\2)=C(CCC3=C2C=C(CCN=[N+]=[N-])C=C3)C=C1,50228.05656231487,4.700946374643902,1.38e-05,MeCN,MeCN,25.0,,Griffiths2022_ChemSci_13_13541,False
FC(F)(F)c1ccc(N=Nc2cccs2)cc1,FC(F)(F)c1ccc(cc1)N=Nc2sccc2,51480.0,4.711638538232349,1.3464397446774383e-05,MeCN,acetonitrile,25.0,357.0,Byadi2025_JCheminform_17_42,False
Cn1cccc1N=Nc1c(F)cccc1N1CCCCC1,C1CN(CCC1)c2c(c(ccc2)F)N=Nc3cccn3C,52560.0,4.720655356551724,1.3187731745813266e-05,DMSO,dimethyl sulfoxide,25.0,365.0,Byadi2025_JCheminform_17_42,False
NCc1ccc2c(c1)/N=N\c1cc(CN)ccc1CC2,NCC1=CC(/N=N\2)=C(CCC3=C2C=C(CN)C=C3)C=C1,52911.99851602636,4.723554165389374,1.31e-05,MeCN,MeCN,25.0,,Griffiths2022_ChemSci_13_13541,False
CCOC(=O)c1cc(F)c(N=Nc2c(F)cc(C(=O)OCC)cc2F)c(F)c1,c1(cc(cc(F)c1N=Nc2c(cc(cc2F)C(OCC)=O)F)C(OCC)=O)F,53988.52919,4.7323014961438155,1.2838786145119381e-05,MeCN,acetonitrile,25.0,314.0,Byadi2025_JCheminform_17_42,False
CCOC(=O)c1cc(F)c(/N=N/c2c(F)cc(C(=O)OCC)cc2F)c(F)c1,FC1=CC(C(OCC)=O)=CC(F)=C1/N=N/C2=C(F)C=C(C(OCC)=O)C=C2F,54152.123481245726,4.73361549139727,1.28e-05,MeCN,MeCN at 60C,60.0,314.0,Griffiths2022_ChemSci_13_13541,False
c1ccc2c(c1)CCc1ccccc1/N=N\2,C12=CC=CC=C1CCC3=CC=CC=C3/N=N\2,55011.68099682106,4.740454915927575,1.26e-05,MeCN,MeCN,25.0,,Griffiths2022_ChemSci_13_13541,False
CC(C)(C)OCCc1ccc2c(c1)/N=N\c1cc(CCOC(C)(C)C)ccc1CC2,CC(OCCC1=CC=C2CCC3=CC=C(CCOC(C)(C)C)C=C3/N=N\C2=C1)(C)C,57284.89095536738,4.758040090728688,1.21e-05,MeCN,MeCN,25.0,,Griffiths2022_ChemSci_13_13541,False
Cc1noc(C)c1N=Nc1ccccc1N1CCCCC1,C1CN(CCC1)c2c(N=Nc3c(C)onc3C)cccc2,57960.0,4.763128376799137,1.1959061086265446e-05,DMSO,dimethyl sulfoxide,25.0,316.0,Byadi2025_JCheminform_17_42,False
OCCc1ccc2c(c1)/N=N\c1cc(CCO)ccc1CC2,OCCC1=CC(/N=N\2)=C(CCC3=C2C=C(CCO)C=C3)C=C1,60273.66787477785,4.780127620691527,1.15e-05,MeCN,MeCN,25.0,,Griffiths2022_ChemSci_13_13541,False
CN(C)c1cc(Cl)c(N=Nc2c(Cl)cccc2Cl)c(Cl)c1,Clc1cc(cc(Cl)c1N=Nc2c(Cl)cccc2Cl)N(C)C,60480.0,4.78161178249315,1.146076687433772e-05,DMSO,dimethyl sulfoxide,25.0,400.0,Byadi2025_JCheminform_17_42,False
N#Cc1cccc(N=Nc2cccs2)c1,c1ccc(cc1C#N)N=Nc2cccs2,63720.0,4.804275767129094,1.0878016016320548e-05,MeCN,acetonitrile,25.0,364.0,Byadi2025_JCheminform_17_42,False
Nc1ccc2c(c1)CCc1cc(N)ccc1/N=N\2,NC1=CC(CCC2=C3C=CC(N)=C2)=C(/N=N\3)C=C1,71977.90036967241,4.857199173920604,9.63e-06,MeCN,MeCN,25.0,,Griffiths2022_ChemSci_13_13541,False
Fc1cc(F)c(N=Nc2c(F)cc(F)cc2F)c(F)c1,c1c(F)c(c(cc1F)F)N=Nc2c(cc(cc2F)F)F,72187.5,4.858462001572239,9.602038864899675e-06,MeCN,acetonitrile,25.0,309.0,Byadi2025_JCheminform_17_42,False
Fc1cc(F)c(/N=N/c2c(F)cc(F)cc2F)c(F)c1,FC1=CC(F)=CC(F)=C1/N=N/C(C(F)=C2)=C(F)C=C2F,72202.83130832764,4.85855422800557,9.6e-06,MeCN,MeCN at 60C,60.0,309.0,Griffiths2022_ChemSci_13_13541,False
COc1ccc(N=Nc2c(C)n[nH]c2C)cc1,c1cc(ccc1N=Nc2c(n[nH]c2C)C)OC,72684.0,4.861438819710926,9.536447919211179e-06,MeCN,acetonitrile,25.0,342.0,Byadi2025_JCheminform_17_42,False
CCOC(=O)c1ccc(N=Nc2c(F)cccc2F)cc1,c1(F)cccc(F)c1N=Nc2ccc(cc2)C(=O)OCC,75583.9762,4.878429734846102,9.170557245173684e-06,MeCN,acetonitrile,25.0,316.0,Byadi2025_JCheminform_17_42,False
CCOC(=O)c1ccc(/N=N/c2c(F)cccc2F)cc1,FC1=CC=CC(F)=C1/N=N/C2=CC=C(C(OCC)=O)C=C2,75588.56930860908,4.878456125375117,9.17e-06,MeCN,MeCN at 60C,60.0,316.0,Griffiths2022_ChemSci_13_13541,False
Cc1cc(C)n(C)c1N=Nc1ccccc1,c1ccccc1N=Nc2n(c(cc2C)C)C,76320.0,4.8826383616960385,9.082117145701589e-06,MeCN,acetonitrile,25.0,394.0,Byadi2025_JCheminform_17_42,False
Nc1ccc2c(c1)/N=N\c1cc(N)ccc1CC2,NC1=CC(/N=N\2)=C(CCC3=C2C=C(N)C=C3)C=C1,89323.09027834346,4.95096373978695,7.76e-06,MeCN,MeCN,25.0,,Griffiths2022_ChemSci_13_13541,False
Fc1cccc(F)c1N=Nc1ccccc1,c1ccccc1N=Nc2c(F)cccc2F,89980.83525,4.9541500202007684,7.703275687918726e-06,MeCN,acetonitrile,25.0,309.0,Byadi2025_JCheminform_17_42,False
Fc1cccc(F)c1/N=N/c1ccccc1,FC1=CC=CC(F)=C1/N=N/C2=CC=CC=C2,90019.11435843444,4.954334735872656,7.7e-06,MeCN,MeCN at 60C,60.0,309.0,Griffiths2022_ChemSci_13_13541,False
Fc1cc(F)c(F)c(N=Nc2c(F)c(F)cc(F)c2F)c1F,Fc1c(F)cc(c(F)c1N=Nc2c(F)c(F)cc(c2F)F)F,97179.41311,4.987574271925402,7.132654524012749e-06,MeCN,acetonitrile,25.0,303.0,Byadi2025_JCheminform_17_42,False
Fc1cc(F)c(F)c(/N=N/c2c(F)c(F)cc(F)c2F)c1F,FC1=C(F)C=C(F)C(F)=C1/N=N/C2=C(F)C(F)=CC(F)=C2F,97215.59334641589,4.9877359311932725,7.13e-06,MeCN,MeCN at 60C,60.0,303.0,Griffiths2022_ChemSci_13_13541,False
Cc1nn(C)c(C)c1N=Nc1c(Cl)cccc1Cl,Clc1cccc(Cl)c1N=Nc2c(nn(c2C)C)C,99712.23022,4.998748430039867,6.951476052943762e-06,MeCN,acetonitrile,25.0,328.0,Byadi2025_JCheminform_17_42,False
Cc1nn(C)c(C)c1/N=N/c1c(Cl)cccc1Cl,CN(N=C1C)C(C)=C1/N=N/C2=C(Cl)C=CC=C2Cl,99733.40727481227,4.998840656455024,6.95e-06,MeCN,MeCN,25.0,328.0,Griffiths2022_ChemSci_13_13541,False
Cc1noc(C)c1N=Nc1ccccc1N1CCOCC1,C1CN(CCO1)c2c(N=Nc3c(C)onc3C)cccc2,103680.0,5.015694988526518,6.68544734336367e-06,DMSO,dimethyl sulfoxide,25.0,319.0,Byadi2025_JCheminform_17_42,False
CCOC(=O)c1cc(F)c(/N=N/c2c(F)cccc2F)c(F)c1,FC1=CC(C(OCC)=O)=CC(F)=C1/N=N/C2=C(F)C=CC=C2F,107966.85055450861,5.033290432976285,6.42e-06,MeCN,MeCN at 60C,60.0,310.0,Griffiths2022_ChemSci_13_13541,False
CCOC(=O)c1cc(F)c(N=Nc2c(F)cccc2F)c(F)c1,Fc1cccc(F)c1N=Nc2c(F)cc(cc2F)C(OCC)=O,107977.0584,5.033331491888239,6.4193930713706615e-06,MeCN,acetonitrile,25.0,310.0,Byadi2025_JCheminform_17_42,False
CN(C)c1ccncc1N=Nc1ccccc1,CN(C)c1c(cncc1)N=Nc2ccccc2,111576.2357,5.04757170532408,6.212319103717041e-06,toluene,toluene,25.0,313.0,Byadi2025_JCheminform_17_42,False
CN(C)c1ccncc1/N=N/c1ccccc1,CN(C)C1=C(/N=N/C2=CC=CC=C2)C=NC=C1,111617.90347181085,5.047733860868558,6.21e-06,toluene,toluene,25.0,313.0,Griffiths2022_ChemSci_13_13541,False
Cc1n[nH]c(C)c1N=Nc1ccc(Cl)cc1,c1cc(ccc1N=Nc2c(n[nH]c2C)C)Cl,115776.0,5.063618540843701,5.986967770176421e-06,MeCN,acetonitrile,25.0,336.0,Byadi2025_JCheminform_17_42,False
Cc1nn(C)c(C)c1N=Nc1ccccc1N1CCOCC1,C1CN(CCO1)c2ccccc2N=Nc3c(C)n(nc3C)C,120960.0,5.082641778157131,5.73038343716886e-06,DMSO,dimethyl sulfoxide,25.0,328.0,Byadi2025_JCheminform_17_42,False
Cc1n[nH]c(C)c1N=Nc1cccc(F)c1,Fc1cccc(c1)N=Nc2c(C)n[nH]c2C,123840.0,5.092860943338818,5.59711870607191e-06,MeCN,acetonitrile,25.0,334.0,Byadi2025_JCheminform_17_42,False
COc1ccc(N=Nc2ccc(OC)cc2F)cc1,c1cc(ccc1N=Nc2c(cc(OC)cc2)F)OC,150480.0,5.177478782542322,4.6062412317912366e-06,MeCN,acetonitrile,25.0,357.0,Byadi2025_JCheminform_17_42,False
CS(=O)(=O)SCc1ccc(N=Nc2ccc(CSS(C)(=O)=O)cc2)cc1,c1cc(ccc1N=Nc2ccc(cc2)CSS(=O)(=O)C)CSS(=O)(=O)C,154800.0,5.189770956346874,4.477694964857528e-06,water,water,25.0,342.0,Byadi2025_JCheminform_17_42,False
Cn1cnc(N=Nc2ccccc2)c1,c1ccccc1N=Nc2cn(cn2)C,207360.0,5.3167249841904995,3.342723671681835e-06,MeCN,acetonitrile,25.0,336.0,Byadi2025_JCheminform_17_42,False
Cn1cnc(/N=N/c2ccccc2)c1,CN(C=N1)C=C1/N=N/C2=CC=CC=C2,210044.60016968037,5.322311521167251,3.3e-06,MeCN,MeCN,25.0,336.0,Griffiths2022_ChemSci_13_13541,False
COc1ccc(N=Nc2ccc(OC)cc2F)c(F)c1,COc1cc(c(cc1)N=Nc2c(F)cc(OC)cc2)F,216720.0,5.335898992025112,3.1983535463268056e-06,MeCN,acetonitrile,25.0,359.0,Byadi2025_JCheminform_17_42,False
COc1ccc(N=Nc2c(F)cc(OC)cc2N2CCCC2)cc1,C1CCCN1c2cc(OC)cc(F)c2N=Nc3ccc(cc3)OC,259200.0,5.413634997198556,2.6741789373454678e-06,MeCN,acetonitrile,25.0,335.0,Byadi2025_JCheminform_17_42,False
Cc1cc(/N=N/c2ccccc2)c(C)n1C,CC(N(C)C(C)=C1)=C1/N=N/C2=CC=CC=C2,315066.9002545206,5.498402780222932,2.2e-06,MeCN,MeCN,25.0,363.0,Griffiths2022_ChemSci_13_13541,False
Cc1cc(N=Nc2ccccc2)c(C)n1C,c1cc(ccc1)N=Nc2cc(n(C)c2C)C,319680.0,5.504715466545888,2.168253192442271e-06,MeCN,acetonitrile,25.0,363.0,Byadi2025_JCheminform_17_42,False
Fc1cccc(F)c1N=Nc1c(F)cccc1F,Fc1cccc(F)c1N=Nc2c(F)cccc2F,331129.6251,5.5199980374174205,2.0932804799649602e-06,MeCN,acetonitrile,25.0,305.0,Byadi2025_JCheminform_17_42,False
Fc1cccc(F)c1/N=N/c1c(F)cccc1F,FC1=CC=CC(F)=C1/N=N/C2=C(F)C=CC=C2F,331649.36868896906,5.520679174934084,2.09e-06,MeCN,MeCN at 60C,60.0,305.0,Griffiths2022_ChemSci_13_13541,False
Cc1ccncc1/N=N/c1ccccc1,CC1=C(/N=N/C2=CC=CC=C2)C=NC=C1,359143.6168704379,5.555268152037365,1.93e-06,toluene,toluene,25.0,322.0,Griffiths2022_ChemSci_13_13541,False
Cc1ccncc1N=Nc1ccccc1,c1ccccc1N=Nc2cnccc2C,359923.341,5.556210011528731,1.9258189219796815e-06,toluene,toluene,25.0,322.0,Byadi2025_JCheminform_17_42,False
FC(F)(F)c1cc(Cl)c(N=Nc2c(Cl)cccc2Cl)c(Cl)c1,FC(F)(F)c1cc(Cl)c(c(Cl)c1)N=Nc2c(Cl)cccc2Cl,380160.0,5.579966418965081,1.8233038209173645e-06,DMSO,dimethyl sulfoxide,25.0,290.0,Byadi2025_JCheminform_17_42,False
Ic1ccncc1N=Nc1ccccc1,c1cc(ccc1)N=Nc2c(I)ccnc2,413911.7347,5.6169077391410696,1.6746255842742247e-06,toluene,toluene,25.0,330.0,Byadi2025_JCheminform_17_42,False
Ic1ccncc1/N=N/c1ccccc1,IC1=C(/N=N/C2=CC=CC=C2)C=NC=C1,415058.191952063,5.618108989897555,1.67e-06,toluene,toluene,25.0,330.0,Griffiths2022_ChemSci_13_13541,False
Cc1nn(C)c(C)c1N=Nc1ccccc1N1CCCCC1,C1CN(CCC1)c2c(cccc2)N=Nc3c(C)n(nc3C)C,432000.0,5.635483746814912,1.6045073624072808e-06,DMSO,dimethyl sulfoxide,25.0,329.0,Byadi2025_JCheminform_17_42,False
Cc1cn(C)nc1N=Nc1ccccc1,c1ccccc1N=Nc2c(C)cn(C)n2,501120.0,5.699941736041831,1.383196002075242e-06,MeCN,acetonitrile,25.0,325.0,Byadi2025_JCheminform_17_42,True
Cn1cncc1N=Nc1ccccc1,c1ccccc1N=Nc2n(C)cnc2,561600.0,5.749427099121749,1.2342364326209853e-06,MeCN,acetonitrile,25.0,362.0,Byadi2025_JCheminform_17_42,False
Cn1cncc1/N=N/c1ccccc1,CN1C(/N=N/C2=CC=CC=C2)=CN=C1,577622.6504666212,5.761644214997514,1.2e-06,MeCN,MeCN,25.0,362.0,Griffiths2022_ChemSci_13_13541,False
CSc1cc(Cl)c(N=Nc2c(Cl)cccc2Cl)c(Cl)c1,c1(Cl)cccc(Cl)c1N=Nc2c(Cl)cc(cc2Cl)SC,639360.0,5.805745462209869,1.0841265962211356e-06,DMSO,dimethyl sulfoxide,25.0,350.0,Byadi2025_JCheminform_17_42,False
CCCn1cc(N=Nc2ccc(C(C)(C)C)cc2)c(=O)[nH]c1=O,CC(C)(C)c1ccc(cc1)N=NC2=CN(CCC)C(=O)NC2=O,701850.3327,5.846244510117691,9.875997036197532e-07,toluene,toluene,25.0,375.0,Byadi2025_JCheminform_17_42,False
CCCn1cc(/N=N/c2ccc(C(C)(C)C)cc2)c(=O)[nH]c1=O,O=C(N(CCC)C=C1/N=N/C2=CC=C(C(C)(C)C)C=C2)NC1=O,702276.7786828219,5.846508308375501,9.87e-07,toluene,toluene,25.0,375.0,Griffiths2022_ChemSci_13_13541,False
c1ccc(N=Nc2cccnc2)cc1,c1ccccc1N=Nc2cnccc2,820625.2857,5.914144894632838,8.446573517030798e-07,toluene,toluene,25.0,322.0,Byadi2025_JCheminform_17_42,False
c1ccc(/N=N/c2cccnc2)cc1,C1(/N=N/C2=CC=CC=C2)=CC=CN=C1,821264.4319430632,5.914483014419483,8.44e-07,toluene,toluene,25.0,322.0,Griffiths2022_ChemSci_13_13541,False
Cc1nn(C)c(C)c1N=Nc1ccccc1,c1ccccc1N=Nc2c(C)nn(c2C)C,864000.0,5.936513742478893,8.022536812036404e-07,MeCN,acetonitrile,25.0,335.0,Byadi2025_JCheminform_17_42,True
Cn1nccc1N=Nc1ccccc1,c1ccccc1N=Nc2n(C)ncc2,950400.0,5.9779064276371185,7.293215283669458e-07,MeCN,acetonitrile,25.0,341.0,Byadi2025_JCheminform_17_42,True
Cc1cc(Cl)c(N=Nc2c(Cl)cccc2Cl)c(Cl)c1,c1(Cl)cc(cc(Cl)c1N=Nc2c(Cl)cccc2Cl)C,1080000.0,6.033423755486949,6.418029449629123e-07,DMSO,dimethyl sulfoxide,25.0,302.0,Byadi2025_JCheminform_17_42,False
CC(C)c1ccncc1N=Nc1ccccc1,c1ccccc1N=Nc2c(C(C)C)ccnc2,1137357.687,6.0558970672041434,6.09436405523626e-07,toluene,toluene,25.0,323.0,Byadi2025_JCheminform_17_42,False
CC(C)c1ccncc1/N=N/c1ccccc1,CC(C)C1=C(/N=N/C2=CC=CC=C2)C=NC=C1,1138172.7102790563,6.056208168412263,6.09e-07,toluene,toluene,25.0,323.0,Griffiths2022_ChemSci_13_13541,False
COc1cc(NC(C)=O)cc(OC)c1N=Nc1c(OC)cc(NC(C)=O)cc1OC,c1c(OC)c(c(cc1NC(=O)C)OC)N=Nc2c(cc(cc2OC)NC(=O)C)OC,1209600.0,6.082641778157131,5.730383437168859e-07,DMSO,dimethyl sulfoxide,25.0,338.0,Byadi2025_JCheminform_17_42,False
COc1cc(NC(C)=O)cc(OC)c1/N=N/c1c(OC)cc(NC(C)=O)cc1OC,CC(NC(C=C1OC)=CC(OC)=C1/N=N/C2=C(OC)C=C(NC(C)=O)C=C2OC)=O,1209680.943385594,6.082670839077749,5.73e-07,DMSO,DMSO,25.0,345.0,Griffiths2022_ChemSci_13_13541,False
COc1cc(Cl)c(N=Nc2c(Cl)cccc2Cl)c(Cl)c1,c1(Cl)cccc(Cl)c1N=Nc2c(Cl)cc(cc2Cl)OC,1235520.0,6.0918497799439555,5.61016560282266e-07,DMSO,dimethyl sulfoxide,25.0,330.0,Byadi2025_JCheminform_17_42,False
CC(=O)Oc1cc(Cl)c(N=Nc2c(Cl)cccc2Cl)c(Cl)c1,Clc1cc(cc(Cl)c1N=Nc2c(Cl)cccc2Cl)OC(=O)C,1261440.0,6.10086659826333,5.494888227422194e-07,DMSO,dimethyl sulfoxide,25.0,295.0,Byadi2025_JCheminform_17_42,False
COc1ccc(N=Nc2cn(C)nn2)cc1,c1cc(ccc1OC)N=Nc2nnn(C)c2,1468800.0,6.166962663857167,4.7191393011978847e-07,MeCN,acetonitrile,25.0,349.0,Byadi2025_JCheminform_17_42,False
COc1ccc(N=Nc2c(F)cc(OC)cc2F)cc1,c1(F)cc(cc(F)c1N=Nc2ccc(cc2)OC)OC,1548000.0,6.189770956346874,4.4776949648575277e-07,MeCN,acetonitrile,25.0,350.0,Byadi2025_JCheminform_17_42,False
Cn1cnc(N=Nc2ccccc2)n1,c1cc(ccc1)N=Nc2nn(cn2)C,1823684.211,6.2609496381078005,3.800807049702232e-07,MeCN,acetonitrile,25.0,310.0,Byadi2025_JCheminform_17_42,False
Cn1nnc(N=Nc2ccccc2)n1,c1cc(ccc1)N=Nc2nn(C)nn2,3300000.0,6.518513939877887,2.100446001696804e-07,MeCN,acetonitrile,25.0,310.0,Byadi2025_JCheminform_17_42,True
O=C1COc2ccccc2N=Nc2ccccc2OCC(=O)O[C@H]2[C@H](OCc3ccccc3)[C@@H](OCc3ccccc3)[C@H](Sc3ccccc3)O[C@@H]2CO1,c1cc(ccc1)CO[C@@H]2[C@H]([C@H]3[C@H](O[C@H]2Sc4ccccc4)COC(COc5c(N=Nc6ccccc6OCC(=O)O3)cccc5)=O)OCc7ccccc7,4405465.574,6.643991811847861,1.573380086433392e-07,MeCN,acetonitrile,25.0,310.0,Byadi2025_JCheminform_17_42,False
O=C1COc2ccccc2/N=N\c2ccccc2OCC(=O)O[C@H]2[C@H](OCc3ccccc3)[C@@H](OCc3ccccc3)[C@H](Sc3ccccc3)O[C@@H]2CO1,O=C(COC1=C(/N=N\C2=C(OC3)C=CC=C2)C=CC=C1)O[C@H]4[C@H](OCC5=CC=CC=C5)[C@@H](OCC6=CC=CC=C6)[C@H](SC7=CC=CC=C7)O[C@@H]4COC3=O,4414950.194649333,6.644925808635905,1.57e-07,MeCN,MeCN,25.0,310.0,Griffiths2022_ChemSci_13_13541,False
Cn1ccc(N=Nc2ccccc2)n1,c1ccccc1N=Nc2ccn(C)n2,6300000.0,6.799340549453582,1.1002336199364211e-07,MeCN,acetonitrile,25.0,320.0,Byadi2025_JCheminform_17_42,True
Cc1nn(C)c(C)c1N=Nc1c(F)cccc1F,c1(cccc(F)c1N=Nc2c(n(nc2C)C)C)F,8839285.714,6.94641717191333,7.84166507325487e-08,MeCN,acetonitrile,25.0,328.0,Byadi2025_JCheminform_17_42,False
Cc1nn(C)c(C)c1/N=N/c1c(F)cccc1F,CN(N=C1C)C(C)=C1/N=N/C2=C(F)C=CC=C2F,8841163.01734624,6.9465093983607,7.84e-08,MeCN,MeCN,25.0,328.0,Griffiths2022_ChemSci_13_13541,False
COc1cccc(OC)c1N=Nc1c(C)nn(C)c1C,c1c(OC)c(c(cc1)OC)N=Nc2c(C)nn(c2C)C,9598337.95,6.982196037035901,7.221533396414172e-08,MeCN,acetonitrile,25.0,307.0,Byadi2025_JCheminform_17_42,False
COc1cccc(OC)c1/N=N/c1c(C)nn(C)c1C,CN(N=C1C)C(C)=C1/N=N/C2=C(OC)C=CC=C2OC,9600376.462049104,6.9822882634755,7.22e-08,MeCN,MeCN,25.0,307.0,Griffiths2022_ChemSci_13_13541,False
COc1ccncc1/N=N/c1ccccc1,COC(C=CN=C1)=C1/N=N/C2=CC=CC=C2,79036166.54047267,7.8978258676790976,8.77e-09,toluene,toluene,25.0,332.0,Griffiths2022_ChemSci_13_13541,False
COc1ccncc1N=Nc1ccccc1,c1ccccc1N=Nc2cnccc2OC,79039211.66,7.89784259993206,8.769662120892987e-09,toluene,toluene,25.0,332.0,Byadi2025_JCheminform_17_42,False
Cn1cc(N=Nc2ccccc2)cn1,c1cc(ccc1)N=Nc2cnn(C)c2,91184210.53,7.959919642348563,7.601614101071773e-09,MeCN,acetonitrile,25.0,328.0,Byadi2025_JCheminform_17_42,True
Cn1cc(N=Nc2c(F)cccc2F)cn1,c1(F)cccc(F)c1N=Nc2cn(nc2)C,1443750000.0,9.15949199723622,4.801019432449837e-10,DMSO,dimethyl sulfoxide,25.0,316.0,Byadi2025_JCheminform_17_42,False
Cn1cc(/N=N/c2c(F)cccc2F)cn1,CN(N=C1)C=C1/N=N/C2=C(F)C=CC=C2F,1444056626.1665528,9.159584223669551,4.8e-10,DMSO/MeCN,DMSO/MeCN,25.0,316.0,Griffiths2022_ChemSci_13_13541,False
